lambda,active_cell_count,active_cells,top_five_ranked_cells
0.0,4,Russia:F;India:F;Pakistan:F;North Korea:F,Belgium:F;Israel:F;North Korea:F;Pakistan:F;India:F
0.00039532165937001293,4,India:F;Pakistan:F;North Korea:F;Belgium:F,Belgium:F;India:F;Pakistan:F;North Korea:F;Russia:F
0.0004312793663666919,4,India:F;Pakistan:F;North Korea:F;Belgium:F,Belgium:F;India:F;Pakistan:F;North Korea:F;Russia:F
0.0004743766146764915,4,India:F;Pakistan:F;North Korea:F;Belgium:F,Belgium:F;India:F;Pakistan:F;North Korea:F;Russia:F
0.0004744328796423255,4,India:F;Pakistan:F;North Korea:F;Belgium:F,Belgium:F;India:F;Pakistan:F;North Korea:F;Russia:F
0.0005270781820415554,4,India:F;Pakistan:F;North Korea:F;Belgium:F,Belgium:F;India:F;Pakistan:F;North Korea:F;Russia:F
0.0005271129107558969,4,India:F;Pakistan:F;North Korea:F;Belgium:F,Belgium:F;India:F;Pakistan:F;North Korea:F;Russia:F
0.0005271823819158545,4,India:F;Pakistan:F;North Korea:F;Belgium:F,Belgium:F;India:F;Pakistan:F;North Korea:F;Russia:F
0.0005929531881502359,4,India:F;Pakistan:F;North Korea:F;Belgium:F,Belgium:F;India:F;Pakistan:F;North Korea:F;Russia:F
0.0005929971405933708,4,India:F;Pakistan:F;North Korea:F;Belgium:F,Belgium:F;India:F;Pakistan:F;North Korea:F;Russia:F
0.0005930410995529068,4,India:F;Pakistan:F;North Korea:F;Belgium:F,Belgium:F;India:F;Pakistan:F;North Korea:F;Russia:F
0.0005931290370269806,4,India:F;Pakistan:F;North Korea:F;Belgium:F,Belgium:F;India:F;Pakistan:F;North Korea:F;Russia:F
0.0006776464360068885,4,India:F;Pakistan:F;North Korea:F;Belgium:F,Belgium:F;India:F;Pakistan:F;North Korea:F;Russia:F
0.0006777038414559923,4,India:F;Pakistan:F;North Korea:F;Belgium:F,Belgium:F;India:F;Pakistan:F;North Korea:F;Russia:F
0.0006777612566318935,4,India:F;Pakistan:F;North Korea:F;Belgium:F,Belgium:F;India:F;Pakistan:F;North Korea:F;Russia:F
0.0006778186815370645,4,India:F;Pakistan:F;North Korea:F;Belgium:F,Belgium:F;India:F;Pakistan:F;North Korea:F;Russia:F
0.0006779335605451091,4,India:F;Pakistan:F;North Korea:F;Belgium:F,Belgium:F;India:F;Pakistan:F;North Korea:F;Russia:F
0.000790565186854649,4,India:F;Pakistan:F;North Korea:F;Belgium:F,Belgium:F;India:F;Pakistan:F;North Korea:F;Russia:F
0.0007906433187400259,4,India:F;Pakistan:F;North Korea:F;Belgium:F,Belgium:F;India:F;Pakistan:F;North Korea:F;Russia:F
0.0007907214660705425,4,India:F;Pakistan:F;North Korea:F;Belgium:F,Belgium:F;India:F;Pakistan:F;North Korea:F;Russia:F
0.0007907996288507791,4,India:F;Pakistan:F;North Korea:F;Belgium:F,Belgium:F;India:F;Pakistan:F;North Korea:F;Russia:F
0.0007908778070853178,4,India:F;Pakistan:F;North Korea:F;Belgium:F,Belgium:F;India:F;Pakistan:F;North Korea:F;Russia:F
0.0007910342099356386,4,India:F;Pakistan:F;North Korea:F;Belgium:F,Belgium:F;India:F;Pakistan:F;North Korea:F;Russia:F
0.0009486407261089341,4,India:F;Pakistan:F;North Korea:F;Belgium:F,Belgium:F;India:F;Pakistan:F;North Korea:F;Russia:F
0.000948753229352983,4,India:F;Pakistan:F;North Korea:F;Belgium:F,Belgium:F;India:F;Pakistan:F;North Korea:F;Russia:F
0.000948865759284651,4,India:F;Pakistan:F;North Korea:F;Belgium:F,Belgium:F;India:F;Pakistan:F;North Korea:F;Russia:F
0.0009489783159134352,4,India:F;Pakistan:F;North Korea:F;Belgium:F,Belgium:F;India:F;Pakistan:F;North Korea:F;Russia:F
0.0009490908992488375,4,India:F;Pakistan:F;North Korea:F;Belgium:F,Belgium:F;India:F;Pakistan:F;North Korea:F;Russia:F
0.000949203509300364,4,India:F;Pakistan:F;North Korea:F;Belgium:F,Belgium:F;India:F;Pakistan:F;North Korea:F;Russia:F
0.0009494288095898373,4,India:F;Pakistan:F;North Korea:F;Belgium:F,Belgium:F;India:F;Pakistan:F;North Korea:F;Russia:F
0.00118573060561475,4,India:F;Pakistan:F;North Korea:F;Belgium:F,Belgium:F;India:F;Pakistan:F;North Korea:F;Russia:F
0.0011859063763004717,4,India:F;Pakistan:F;North Korea:F;Belgium:F,Belgium:F;India:F;Pakistan:F;North Korea:F;Russia:F
0.0011860821991058136,4,India:F;Pakistan:F;North Korea:F;Belgium:F,Belgium:F;India:F;Pakistan:F;North Korea:F;Russia:F
0.0011862580740539612,4,India:F;Pakistan:F;North Korea:F;Belgium:F,Belgium:F;India:F;Pakistan:F;North Korea:F;Russia:F
0.0011864340011681137,4,India:F;Pakistan:F;North Korea:F;Belgium:F,Belgium:F;India:F;Pakistan:F;North Korea:F;Russia:F
0.0011866099804714832,4,India:F;Pakistan:F;North Korea:F;Belgium:F,Belgium:F;India:F;Pakistan:F;North Korea:F;Russia:F
0.0011867860119872966,4,India:F;Pakistan:F;North Korea:F;Belgium:F,Belgium:F;India:F;Pakistan:F;North Korea:F;Russia:F
0.0011871382317492304,4,India:F;Pakistan:F;North Korea:F;Belgium:F,Belgium:F;India:F;Pakistan:F;North Korea:F;Russia:F
0.0015808179388020049,4,India:F;Pakistan:F;North Korea:F;Belgium:F,Belgium:F;India:F;Pakistan:F;North Korea:F;Russia:F
0.001581130373709298,4,India:F;Pakistan:F;North Korea:F;Belgium:F,Belgium:F;India:F;Pakistan:F;North Korea:F;Russia:F
0.001581442932141085,4,India:F;Pakistan:F;North Korea:F;Belgium:F,Belgium:F;India:F;Pakistan:F;North Korea:F;Russia:F
0.0015817556141706356,4,India:F;Pakistan:F;North Korea:F;Belgium:F,Belgium:F;India:F;Pakistan:F;North Korea:F;Russia:F
0.0015820684198712771,4,India:F;Pakistan:F;North Korea:F;Belgium:F,Belgium:F;India:F;Pakistan:F;North Korea:F;Russia:F
0.0015823813493163956,4,India:F;Pakistan:F;North Korea:F;Belgium:F,Belgium:F;India:F;Pakistan:F;North Korea:F;Russia:F
0.0015826944025794341,4,India:F;Pakistan:F;North Korea:F;Belgium:F,Belgium:F;India:F;Pakistan:F;North Korea:F;Russia:F
0.001583007579733895,4,India:F;Pakistan:F;North Korea:F;Belgium:F,Belgium:F;India:F;Pakistan:F;North Korea:F;Russia:F
0.0015836343060113805,4,India:F;Pakistan:F;North Korea:F;Belgium:F,Belgium:F;India:F;Pakistan:F;North Korea:F;Russia:F
0.002370758441018991,4,India:F;Pakistan:F;North Korea:F;Belgium:F,Belgium:F;India:F;Pakistan:F;North Korea:F;Russia:F
0.0023714612112295,4,India:F;Pakistan:F;North Korea:F;Belgium:F,Belgium:F;India:F;Pakistan:F;North Korea:F;Russia:F
0.0023721643982116273,4,India:F;Pakistan:F;North Korea:F;Belgium:F,Belgium:F;India:F;Pakistan:F;North Korea:F;Russia:F
0.0023728680023362273,4,India:F;Pakistan:F;North Korea:F;Belgium:F,Belgium:F;India:F;Pakistan:F;North Korea:F;Russia:F
0.002373572023974593,4,India:F;Pakistan:F;North Korea:F;Belgium:F,Belgium:F;India:F;Pakistan:F;North Korea:F;Russia:F
0.002374276463498461,4,India:F;Pakistan:F;North Korea:F;Belgium:F,Belgium:F;India:F;Pakistan:F;North Korea:F;Russia:F
0.0023749813212800065,4,India:F;Pakistan:F;North Korea:F;Belgium:F,Belgium:F;India:F;Pakistan:F;North Korea:F;Russia:F
0.002375686597691848,4,India:F;Pakistan:F;North Korea:F;Belgium:F,Belgium:F;India:F;Pakistan:F;North Korea:F;Russia:F
0.002376392293107047,4,India:F;Pakistan:F;North Korea:F;Belgium:F,Belgium:F;India:F;Pakistan:F;North Korea:F;Russia:F
0.0023778049424419798,4,India:F;Pakistan:F;North Korea:F;Belgium:F,Belgium:F;India:F;Pakistan:F;North Korea:F;Russia:F
0.004738708298863218,4,India:F;Pakistan:F;North Korea:F;Belgium:F,Belgium:F;India:F;Pakistan:F;North Korea:F;Russia:F
0.004741516882037982,4,India:F;Pakistan:F;North Korea:F;Belgium:F,Belgium:F;India:F;Pakistan:F;North Korea:F;Russia:F
0.0047443287964232545,4,India:F;Pakistan:F;North Korea:F;Belgium:F,Belgium:F;India:F;Pakistan:F;North Korea:F;Russia:F
0.004747144047949186,4,India:F;Pakistan:F;North Korea:F;Belgium:F,Belgium:F;India:F;Pakistan:F;North Korea:F;Russia:F
0.004749962642560013,4,India:F;Pakistan:F;North Korea:F;Belgium:F,Belgium:F;India:F;Pakistan:F;North Korea:F;Russia:F
0.004752784586214094,4,India:F;Pakistan:F;North Korea:F;Belgium:F,Belgium:F;India:F;Pakistan:F;North Korea:F;Russia:F
0.0047556098848839596,4,India:F;Pakistan:F;North Korea:F;Belgium:F,Belgium:F;India:F;Pakistan:F;North Korea:F;Russia:F
0.004758438544556348,4,India:F;Pakistan:F;North Korea:F;Belgium:F,Belgium:F;India:F;Pakistan:F;North Korea:F;Russia:F
0.00476127057123225,4,India:F;Pakistan:F;North Korea:F;Belgium:F,Belgium:F;India:F;Pakistan:F;North Korea:F;Russia:F
0.00476410597092695,4,India:F;Pakistan:F;North Korea:F;Belgium:F,Belgium:F;India:F;Pakistan:F;North Korea:F;Russia:F
0.0047697869135056165,4,India:F;Pakistan:F;North Korea:F;Belgium:F,Belgium:F;India:F;Pakistan:F;North Korea:F;Russia:F
0.0062407090457367725,4,India:F;Pakistan:F;North Korea:F;Belgium:F,Belgium:F;India:F;Pakistan:F;North Korea:F;Russia:F
0.006807080754202893,4,India:F;Pakistan:F;North Korea:F;Belgium:F,Belgium:F;India:F;Pakistan:F;North Korea:F;Russia:F
0.006812877730312737,4,India:F;Pakistan:F;North Korea:F;Belgium:F,Belgium:F;India:F;Pakistan:F;North Korea:F;Russia:F
0.0074935273472741875,4,India:F;Pakistan:F;North Korea:F;Belgium:F,Belgium:F;India:F;Pakistan:F;North Korea:F;Russia:F
0.008316620260374958,4,India:F;Pakistan:F;North Korea:F;Belgium:F,Belgium:F;India:F;Pakistan:F;North Korea:F;Russia:F
0.008342638719700425,4,India:F;Pakistan:F;North Korea:F;Belgium:F,Belgium:F;India:F;Pakistan:F;North Korea:F;Russia:F
0.009353766801468955,4,India:F;Pakistan:F;North Korea:F;Belgium:F,Belgium:F;India:F;Pakistan:F;North Korea:F;Russia:F
0.00936471622293286,4,India:F;Pakistan:F;North Korea:F;Belgium:F,Belgium:F;India:F;Pakistan:F;North Korea:F;Russia:F
0.009386692149997048,4,India:F;Pakistan:F;North Korea:F;Belgium:F,Belgium:F;India:F;Pakistan:F;North Korea:F;Russia:F
0.00939771883670109,4,India:F;Pakistan:F;North Korea:F;Belgium:F,Belgium:F;India:F;Pakistan:F;North Korea:F;Russia:F
0.01068644925331269,4,India:F;Pakistan:F;North Korea:F;Belgium:F,Belgium:F;India:F;Pakistan:F;North Korea:F;Russia:F
0.010700743372190144,4,India:F;Pakistan:F;North Korea:F;Belgium:F,Belgium:F;India:F;Pakistan:F;North Korea:F;Russia:F
0.010743856089756728,4,India:F;Pakistan:F;North Korea:F;Belgium:F,Belgium:F;India:F;Pakistan:F;North Korea:F;Russia:F
0.010758304298901379,4,India:F;Pakistan:F;North Korea:F;Belgium:F,Belgium:F;India:F;Pakistan:F;North Korea:F;Russia:F
0.012461975201132182,4,India:F;Pakistan:F;North Korea:F;Belgium:F,Belgium:F;India:F;Pakistan:F;North Korea:F;Russia:F
0.012481418091473545,4,India:F;Pakistan:F;North Korea:F;Belgium:F,Belgium:F;India:F;Pakistan:F;North Korea:F;Russia:F
0.012520486447990045,4,India:F;Pakistan:F;North Korea:F;Belgium:F,Belgium:F;India:F;Pakistan:F;North Korea:F;Russia:F
0.012559800149881556,4,India:F;Pakistan:F;North Korea:F;Belgium:F,Belgium:F;India:F;Pakistan:F;North Korea:F;Russia:F
0.012579549728702557,4,India:F;Pakistan:F;North Korea:F;Belgium:F,Belgium:F;India:F;Pakistan:F;North Korea:F;Russia:F
0.013347635112439523,4,India:F;Pakistan:F;North Korea:F;Belgium:F,Belgium:F;India:F;Pakistan:F;North Korea:F;Russia:F
0.014556640651573114,4,India:F;Pakistan:F;North Korea:F;Belgium:F,Belgium:F;India:F;Pakistan:F;North Korea:F;Russia:F
0.014583175907979506,4,India:F;Pakistan:F;North Korea:F;Belgium:F,Belgium:F;India:F;Pakistan:F;North Korea:F;Russia:F
0.014945057994253426,4,India:F;Pakistan:F;North Korea:F;Belgium:F,Belgium:F;India:F;Pakistan:F;North Korea:F;Russia:F
0.01497302959370688,4,India:F;Pakistan:F;North Korea:F;Belgium:F,Belgium:F;India:F;Pakistan:F;North Korea:F;Russia:F
0.015029288087533626,4,India:F;Pakistan:F;North Korea:F;Belgium:F,Belgium:F;India:F;Pakistan:F;North Korea:F;Russia:F
0.015057576168801236,4,India:F;Pakistan:F;North Korea:F;Belgium:F,Belgium:F;India:F;Pakistan:F;North Korea:F;Russia:F
0.015114473000916884,4,India:F;Pakistan:F;North Korea:F;Belgium:F,Belgium:F;India:F;Pakistan:F;North Korea:F;Russia:F
0.015143082965746438,4,India:F;Pakistan:F;North Korea:F;Belgium:F,Belgium:F;India:F;Pakistan:F;North Korea:F;Russia:F
0.01600647970240231,4,India:F;Pakistan:F;North Korea:F;Belgium:F,Belgium:F;India:F;Pakistan:F;North Korea:F;Russia:F
0.01603856983271267,4,India:F;Pakistan:F;North Korea:F;Belgium:F,Belgium:F;India:F;Pakistan:F;North Korea:F;Russia:F
0.016070788891450458,4,India:F;Pakistan:F;North Korea:F;Belgium:F,Belgium:F;India:F;Pakistan:F;North Korea:F;Russia:F
0.016757181841117307,4,India:F;Pakistan:F;North Korea:F;Belgium:F,Belgium:F;India:F;Pakistan:F;North Korea:F;Russia:F
0.017777073325909255,4,India:F;Pakistan:F;North Korea:F;Belgium:F,Belgium:F;India:F;Pakistan:F;North Korea:F;Russia:F
0.017816664344468595,4,India:F;Pakistan:F;North Korea:F;Belgium:F,Belgium:F;India:F;Pakistan:F;North Korea:F;Russia:F
0.01783565574276775,4,India:F;Pakistan:F;North Korea:F;Belgium:F,Belgium:F;India:F;Pakistan:F;North Korea:F;Russia:F
0.01785643210161162,4,India:F;Pakistan:F;North Korea:F;Belgium:F,Belgium:F;India:F;Pakistan:F;North Korea:F;Russia:F
0.017896377783456006,4,India:F;Pakistan:F;North Korea:F;Belgium:F,Belgium:F;India:F;Pakistan:F;North Korea:F;Russia:F
0.01826033154937728,4,India:F;Pakistan:F;North Korea:F;Belgium:F,Belgium:F;India:F;Pakistan:F;North Korea:F;Russia:F
0.018663889186173926,4,India:F;Pakistan:F;North Korea:F;Belgium:F,Belgium:F;India:F;Pakistan:F;North Korea:F;Russia:F
0.01870753360293791,4,India:F;Pakistan:F;North Korea:F;Belgium:F,Belgium:F;India:F;Pakistan:F;North Korea:F;Russia:F
0.01879543767340218,4,India:F;Pakistan:F;North Korea:F;Belgium:F,Belgium:F;India:F;Pakistan:F;North Korea:F;Russia:F
0.01883970022482234,4,India:F;Pakistan:F;North Korea:F;Belgium:F,Belgium:F;India:F;Pakistan:F;North Korea:F;Russia:F
0.018884171741648175,4,India:F;Pakistan:F;North Korea:F;Belgium:F,Belgium:F;India:F;Pakistan:F;North Korea:F;Russia:F
0.018973747618802213,4,India:F;Pakistan:F;North Korea:F;Belgium:F,Belgium:F;India:F;Pakistan:F;North Korea:F;Russia:F
0.01901885498812011,4,India:F;Pakistan:F;North Korea:F;Belgium:F,Belgium:F;India:F;Pakistan:F;North Korea:F;Russia:F
0.019610477174048832,4,India:F;Pakistan:F;North Korea:F;Belgium:F,Belgium:F;India:F;Pakistan:F;North Korea:F;Russia:F
0.01967113080918504,4,India:F;Pakistan:F;North Korea:F;Belgium:F,Belgium:F;India:F;Pakistan:F;North Korea:F;Russia:F
0.01991209801950976,4,India:F;Pakistan:F;North Korea:F;Belgium:F,Belgium:F;India:F;Pakistan:F;North Korea:F;Russia:F
0.019961783142331546,4,India:F;Pakistan:F;North Korea:F;Belgium:F,Belgium:F;India:F;Pakistan:F;North Korea:F;Russia:F
0.019988103429763013,4,India:F;Pakistan:F;North Korea:F;Belgium:F,Belgium:F;India:F;Pakistan:F;North Korea:F;Russia:F
0.020038169054212848,4,India:F;Pakistan:F;North Korea:F;Belgium:F,Belgium:F;India:F;Pakistan:F;North Korea:F;Russia:F
0.020088486114313076,4,India:F;Pakistan:F;North Korea:F;Belgium:F,Belgium:F;India:F;Pakistan:F;North Korea:F;Russia:F
0.020091784125335733,4,India:F;Pakistan:F;North Korea:F;Belgium:F,Belgium:F;India:F;Pakistan:F;North Korea:F;Russia:F
0.02013905650894248,4,India:F;Pakistan:F;North Korea:F;Belgium:F,Belgium:F;India:F;Pakistan:F;North Korea:F;Russia:F
0.020189882156148926,4,India:F;Pakistan:F;North Korea:F;Belgium:F,Belgium:F;India:F;Pakistan:F;North Korea:F;Russia:F
0.020193213547182433,4,India:F;Pakistan:F;North Korea:F;Belgium:F,Belgium:F;India:F;Pakistan:F;North Korea:F;Russia:F
0.02144982582979886,4,India:F;Pakistan:F;North Korea:F;Belgium:F,Belgium:F;India:F;Pakistan:F;North Korea:F;Russia:F
0.02150749232535067,4,India:F;Pakistan:F;North Korea:F;Belgium:F,Belgium:F;India:F;Pakistan:F;North Korea:F;Russia:F
0.021777556074878895,4,India:F;Pakistan:F;North Korea:F;Belgium:F,Belgium:F;India:F;Pakistan:F;North Korea:F;Russia:F
0.021864196442486328,4,India:F;Pakistan:F;North Korea:F;Belgium:F,Belgium:F;India:F;Pakistan:F;North Korea:F;Russia:F
0.021892409726251928,4,India:F;Pakistan:F;North Korea:F;Belgium:F,Belgium:F;India:F;Pakistan:F;North Korea:F;Russia:F
0.021896770612346177,4,India:F;Pakistan:F;North Korea:F;Belgium:F,Belgium:F;India:F;Pakistan:F;North Korea:F;Russia:F
0.021952483822545936,4,India:F;Pakistan:F;North Korea:F;Belgium:F,Belgium:F;India:F;Pakistan:F;North Korea:F;Russia:F
0.022012888519936113,4,India:F;Pakistan:F;North Korea:F;Belgium:F,Belgium:F;India:F;Pakistan:F;North Korea:F;Russia:F
0.02231175228064302,4,India:F;Pakistan:F;North Korea:F;Belgium:F,Belgium:F;India:F;Pakistan:F;North Korea:F;Russia:F
0.02250000775539965,4,India:F;Pakistan:F;North Korea:F;Belgium:F,Belgium:F;India:F;Pakistan:F;North Korea:F;Russia:F
0.022827251296160412,4,India:F;Pakistan:F;North Korea:F;Belgium:F,Belgium:F;India:F;Pakistan:F;North Korea:F;Russia:F
0.02289257311106316,4,India:F;Pakistan:F;North Korea:F;Belgium:F,Belgium:F;India:F;Pakistan:F;North Korea:F;Russia:F
0.02295826984492923,4,India:F;Pakistan:F;North Korea:F;Belgium:F,Belgium:F;India:F;Pakistan:F;North Korea:F;Russia:F
0.02302434473485742,4,India:F;Pakistan:F;North Korea:F;Belgium:F,Belgium:F;India:F;Pakistan:F;North Korea:F;Russia:F
0.02309080105532013,4,India:F;Pakistan:F;North Korea:F;Belgium:F,Belgium:F;India:F;Pakistan:F;North Korea:F;Russia:F
0.023157642118704292,4,India:F;Pakistan:F;North Korea:F;Belgium:F,Belgium:F;India:F;Pakistan:F;North Korea:F;Russia:F
0.02358216258077755,4,India:F;Pakistan:F;North Korea:F;Belgium:F,Belgium:F;India:F;Pakistan:F;North Korea:F;Russia:F
0.02365188289926154,4,India:F;Pakistan:F;North Korea:F;Belgium:F,Belgium:F;India:F;Pakistan:F;North Korea:F;Russia:F
0.023840004243258623,4,India:F;Pakistan:F;North Korea:F;Belgium:F,Belgium:F;India:F;Pakistan:F;North Korea:F;Russia:F
0.023911259810175656,4,India:F;Pakistan:F;North Korea:F;Belgium:F,Belgium:F;India:F;Pakistan:F;North Korea:F;Russia:F
0.02431011616740132,4,India:F;Pakistan:F;North Korea:F;Belgium:F,Belgium:F;India:F;Pakistan:F;North Korea:F;Russia:F
0.024384214051932977,4,India:F;Pakistan:F;North Korea:F;Belgium:F,Belgium:F;India:F;Pakistan:F;North Korea:F;Russia:F
0.02445876502215124,4,India:F;Pakistan:F;North Korea:F;Belgium:F,Belgium:F;India:F;Pakistan:F;North Korea:F;Russia:F
0.02448308865186369,4,India:F;Pakistan:F;North Korea:F;Belgium:F,Belgium:F;India:F;Pakistan:F;North Korea:F;Russia:F
0.024533773246519158,4,India:F;Pakistan:F;North Korea:F;Belgium:F,Belgium:F;India:F;Pakistan:F;North Korea:F;Russia:F
0.024633866938889453,4,India:F;Pakistan:F;North Korea:F;Belgium:F,Belgium:F;India:F;Pakistan:F;North Korea:F;Russia:F
0.024709954655771485,4,India:F;Pakistan:F;North Korea:F;Belgium:F,Belgium:F;India:F;Pakistan:F;North Korea:F;Russia:F
0.02484654115733022,4,India:F;Pakistan:F;North Korea:F;Belgium:F,Belgium:F;India:F;Pakistan:F;North Korea:F;Russia:F
0.024923950402264364,4,India:F;Pakistan:F;North Korea:F;Belgium:F,Belgium:F;India:F;Pakistan:F;North Korea:F;Russia:F
0.0250802249730911,4,India:F;Pakistan:F;North Korea:F;Belgium:F,Belgium:F;India:F;Pakistan:F;North Korea:F;Russia:F
0.025083232226228724,4,India:F;Pakistan:F;North Korea:F;Belgium:F,Belgium:F;India:F;Pakistan:F;North Korea:F;Russia:F
0.025159099457405115,4,India:F;Pakistan:F;North Korea:F;Belgium:F,Belgium:F;India:F;Pakistan:F;North Korea:F;Russia:F
0.025238471609577397,4,India:F;Pakistan:F;North Korea:F;Belgium:F,Belgium:F;India:F;Pakistan:F;North Korea:F;Russia:F
0.02524151693397804,4,India:F;Pakistan:F;North Korea:F;Belgium:F,Belgium:F;India:F;Pakistan:F;North Korea:F;Russia:F
0.025318346154655613,4,India:F;Pakistan:F;North Korea:F;Belgium:F,Belgium:F;India:F;Pakistan:F;North Korea:F;Russia:F
0.02540181200092179,4,India:F;Pakistan:F;North Korea:F;Belgium:F,Belgium:F;India:F;Pakistan:F;North Korea:F;Russia:F
0.025479621624701566,4,India:F;Pakistan:F;North Korea:F;Belgium:F,Belgium:F;India:F;Pakistan:F;North Korea:F;Russia:F
0.02556103230363073,4,India:F;Pakistan:F;North Korea:F;Belgium:F,Belgium:F;India:F;Pakistan:F;North Korea:F;Russia:F
0.025928225951887377,4,India:F;Pakistan:F;North Korea:F;Belgium:F,Belgium:F;India:F;Pakistan:F;North Korea:F;Russia:F
0.02618524995581738,4,India:F;Pakistan:F;North Korea:F;Belgium:F,Belgium:F;India:F;Pakistan:F;North Korea:F;Russia:F
0.02620838446766154,4,India:F;Pakistan:F;North Korea:F;Belgium:F,Belgium:F;India:F;Pakistan:F;North Korea:F;Russia:F
0.026271239828512233,4,India:F;Pakistan:F;North Korea:F;Belgium:F,Belgium:F;India:F;Pakistan:F;North Korea:F;Russia:F
0.026294526600479103,4,India:F;Pakistan:F;North Korea:F;Belgium:F,Belgium:F;India:F;Pakistan:F;North Korea:F;Russia:F
0.026381236867299193,4,India:F;Pakistan:F;North Korea:F;Belgium:F,Belgium:F;India:F;Pakistan:F;North Korea:F;Russia:F
0.02644492507070713,4,India:F;Pakistan:F;North Korea:F;Belgium:F,Belgium:F;India:F;Pakistan:F;North Korea:F;Russia:F
0.026606486805503097,4,India:F;Pakistan:F;North Korea:F;Belgium:F,Belgium:F;India:F;Pakistan:F;North Korea:F;Russia:F
0.026695270224879046,4,India:F;Pakistan:F;North Korea:F;Belgium:F,Belgium:F;India:F;Pakistan:F;North Korea:F;Russia:F
0.026784648152417434,4,India:F;Pakistan:F;North Korea:F;Belgium:F,Belgium:F;India:F;Pakistan:F;North Korea:F;Russia:F
0.026874626579562584,4,India:F;Pakistan:F;North Korea:F;Belgium:F,Belgium:F;India:F;Pakistan:F;North Korea:F;Russia:F
0.026965211578539098,4,India:F;Pakistan:F;North Korea:F;Belgium:F,Belgium:F;India:F;Pakistan:F;North Korea:F;Russia:F
0.027056409303717884,4,India:F;Pakistan:F;North Korea:F;Belgium:F,Belgium:F;India:F;Pakistan:F;North Korea:F;Russia:F
0.027148225993009974,4,India:F;Pakistan:F;North Korea:F;Belgium:F,Belgium:F;India:F;Pakistan:F;North Korea:F;Russia:F
0.02732811975814033,4,India:F;Pakistan:F;North Korea:F;Belgium:F,Belgium:F;India:F;Pakistan:F;North Korea:F;Russia:F
0.027421793013572556,4,India:F;Pakistan:F;North Korea:F;Belgium:F,Belgium:F;India:F;Pakistan:F;North Korea:F;Russia:F
0.027516110649920142,4,India:F;Pakistan:F;North Korea:F;Belgium:F,Belgium:F;India:F;Pakistan:F;North Korea:F;Russia:F
0.027611079339202798,4,India:F;Pakistan:F;North Korea:F;Belgium:F,Belgium:F;India:F;Pakistan:F;North Korea:F;Russia:F
0.02770670584587008,4,India:F;Pakistan:F;North Korea:F;Belgium:F,Belgium:F;India:F;Pakistan:F;North Korea:F;Russia:F
0.027956227930458752,4,India:F;Pakistan:F;North Korea:F;Belgium:F,Belgium:F;India:F;Pakistan:F;North Korea:F;Russia:F
0.02815299078730223,4,India:F;Pakistan:F;North Korea:F;Belgium:F,Belgium:F;India:F;Pakistan:F;North Korea:F;Russia:F
0.02825241453306077,4,India:F;Pakistan:F;North Korea:F;Belgium:F,Belgium:F;India:F;Pakistan:F;North Korea:F;Russia:F
0.028268679295147002,4,India:F;Pakistan:F;North Korea:F;Belgium:F,Belgium:F;India:F;Pakistan:F;North Korea:F;Russia:F
0.02835254300782621,4,India:F;Pakistan:F;North Korea:F;Belgium:F,Belgium:F;India:F;Pakistan:F;North Korea:F;Russia:F
0.028368923294466993,4,India:F;Pakistan:F;North Korea:F;Belgium:F,Belgium:F;India:F;Pakistan:F;North Korea:F;Russia:F
0.028640893751792008,4,India:F;Pakistan:F;North Korea:F;Belgium:F,Belgium:F;India:F;Pakistan:F;North Korea:F;Russia:F
0.02884744792454633,4,India:F;Pakistan:F;North Korea:F;Belgium:F,Belgium:F;India:F;Pakistan:F;North Korea:F;Russia:F
0.028951846284297044,4,India:F;Pakistan:F;North Korea:F;Belgium:F,Belgium:F;India:F;Pakistan:F;North Korea:F;Russia:F
0.029099242626888285,4,India:F;Pakistan:F;North Korea:F;Belgium:F,Belgium:F;India:F;Pakistan:F;North Korea:F;Russia:F
0.02916292642506171,4,India:F;Pakistan:F;North Korea:F;Belgium:F,Belgium:F;India:F;Pakistan:F;North Korea:F;Russia:F
0.029205474776457484,4,India:F;Pakistan:F;North Korea:F;Belgium:F,Belgium:F;India:F;Pakistan:F;North Korea:F;Russia:F
0.029312485408110215,4,India:F;Pakistan:F;North Korea:F;Belgium:F,Belgium:F;India:F;Pakistan:F;North Korea:F;Russia:F
0.029434320417875127,4,India:F;Pakistan:F;North Korea:F;Belgium:F,Belgium:F;India:F;Pakistan:F;North Korea:F;Russia:F
0.029543017749192716,4,India:F;Pakistan:F;North Korea:F;Belgium:F,Belgium:F;India:F;Pakistan:F;North Korea:F;Russia:F
0.029762838767687753,4,India:F;Pakistan:F;North Korea:F;Belgium:F,Belgium:F;India:F;Pakistan:F;North Korea:F;Russia:F
0.02987398057609216,4,India:F;Pakistan:F;North Korea:F;Belgium:F,Belgium:F;India:F;Pakistan:F;North Korea:F;Russia:F
0.031073586993030308,4,India:F;Pakistan:F;North Korea:F;Belgium:F,Belgium:F;India:F;Pakistan:F;North Korea:F;Russia:F
0.031194753604261324,4,India:F;Pakistan:F;North Korea:F;Belgium:F,Belgium:F;India:F;Pakistan:F;North Korea:F;Russia:F
0.031201683889517936,4,India:F;Pakistan:F;North Korea:F;Belgium:F,Belgium:F;India:F;Pakistan:F;North Korea:F;Russia:F
0.03131686885521073,4,India:F;Pakistan:F;North Korea:F;Belgium:F,Belgium:F;India:F;Pakistan:F;North Korea:F;Russia:F
0.031323853511451165,4,India:F;Pakistan:F;North Korea:F;Belgium:F,Belgium:F;India:F;Pakistan:F;North Korea:F;Russia:F
0.03144698359990873,4,India:F;Pakistan:F;North Korea:F;Belgium:F,Belgium:F;India:F;Pakistan:F;North Korea:F;Russia:F
0.03157108552600468,4,India:F;Pakistan:F;North Korea:F;Belgium:F,Belgium:F;India:F;Pakistan:F;North Korea:F;Russia:F
0.03169617084106344,4,India:F;Pakistan:F;North Korea:F;Belgium:F,Belgium:F;India:F;Pakistan:F;North Korea:F;Russia:F
0.03188536628773256,4,India:F;Pakistan:F;North Korea:F;Belgium:F,Belgium:F;India:F;Pakistan:F;North Korea:F;Russia:F
0.03201295940480462,4,India:F;Pakistan:F;North Korea:F;Belgium:F,Belgium:F;India:F;Pakistan:F;North Korea:F;Russia:F
0.032141577782900915,4,India:F;Pakistan:F;North Korea:F;Belgium:F,Belgium:F;India:F;Pakistan:F;North Korea:F;Russia:F
0.032271233829435794,4,India:F;Pakistan:F;North Korea:F;Belgium:F,Belgium:F;India:F;Pakistan:F;North Korea:F;Russia:F
0.03240194015283574,4,India:F;Pakistan:F;North Korea:F;Belgium:F,Belgium:F;India:F;Pakistan:F;North Korea:F;Russia:F
0.032533709566626684,4,India:F;Pakistan:F;North Korea:F;Belgium:F,Belgium:F;India:F;Pakistan:F;North Korea:F;Russia:F
0.03257765140852622,4,India:F;Pakistan:F;North Korea:F;Belgium:F,Belgium:F;India:F;Pakistan:F;North Korea:F;Russia:F
0.032666555093621444,4,India:F;Pakistan:F;North Korea:F;Belgium:F,Belgium:F;India:F;Pakistan:F;North Korea:F;Russia:F
0.0327069058868126,4,India:F;Pakistan:F;North Korea:F;Belgium:F,Belgium:F;India:F;Pakistan:F;North Korea:F;Russia:F
0.03280048997021015,4,India:F;Pakistan:F;North Korea:F;Belgium:F,Belgium:F;India:F;Pakistan:F;North Korea:F;Russia:F
0.03284117252920325,4,India:F;Pakistan:F;North Korea:F;Belgium:F,Belgium:F;India:F;Pakistan:F;North Korea:F;Russia:F
0.03284515591851927,4,India:F;Pakistan:F;North Korea:F;Belgium:F,Belgium:F;India:F;Pakistan:F;North Korea:F;Russia:F
0.032976546084123995,4,India:F;Pakistan:F;North Korea:F;Belgium:F,Belgium:F;India:F;Pakistan:F;North Korea:F;Russia:F
0.03298056238273695,4,India:F;Pakistan:F;North Korea:F;Belgium:F,Belgium:F;India:F;Pakistan:F;North Korea:F;Russia:F
0.03311708991396724,4,India:F;Pakistan:F;North Korea:F;Belgium:F,Belgium:F;India:F;Pakistan:F;North Korea:F;Russia:F
0.033250669139929204,4,India:F;Pakistan:F;North Korea:F;Belgium:F,Belgium:F;India:F;Pakistan:F;North Korea:F;Russia:F
0.03325475249251239,4,India:F;Pakistan:F;North Korea:F;Belgium:F,Belgium:F;India:F;Pakistan:F;North Korea:F;Russia:F
0.03337454784047762,4,India:F;Pakistan:F;North Korea:F;Belgium:F,Belgium:F;India:F;Pakistan:F;North Korea:F;Russia:F
0.033603898052479916,4,India:F;Pakistan:F;North Korea:F;Belgium:F,Belgium:F;India:F;Pakistan:F;North Korea:F;Russia:F
0.03365535591197071,4,India:F;Pakistan:F;North Korea:F;Belgium:F,Belgium:F;India:F;Pakistan:F;North Korea:F;Russia:F
0.03372380784561825,4,India:F;Pakistan:F;North Korea:F;Belgium:F,Belgium:F;India:F;Pakistan:F;North Korea:F;Russia:F
0.03374564620934666,4,India:F;Pakistan:F;North Korea:F;Belgium:F,Belgium:F;India:F;Pakistan:F;North Korea:F;Russia:F
0.033797539439318104,4,India:F;Pakistan:F;North Korea:F;Belgium:F,Belgium:F;India:F;Pakistan:F;North Korea:F;Russia:F
0.03394092942693234,4,India:F;Pakistan:F;North Korea:F;Belgium:F,Belgium:F;India:F;Pakistan:F;North Korea:F;Russia:F
0.03403276058389454,4,India:F;Pakistan:F;North Korea:F;Belgium:F,Belgium:F;India:F;Pakistan:F;North Korea:F;Russia:F
0.03417815771623896,4,India:F;Pakistan:F;North Korea:F;Belgium:F,Belgium:F;India:F;Pakistan:F;North Korea:F;Russia:F
0.034231390731180526,4,India:F;Pakistan:F;North Korea:F;Belgium:F,Belgium:F;India:F;Pakistan:F;North Korea:F;Russia:F
0.03432480253054743,4,India:F;Pakistan:F;North Korea:F;Belgium:F,Belgium:F;India:F;Pakistan:F;North Korea:F;Russia:F
0.034496431995573576,4,India:F;Pakistan:F;North Korea:F;Belgium:F,Belgium:F;India:F;Pakistan:F;North Korea:F;Russia:F
0.034645826671034545,4,India:F;Pakistan:F;North Korea:F;Belgium:F,Belgium:F;India:F;Pakistan:F;North Korea:F;Russia:F
0.034796520950234146,4,India:F;Pakistan:F;North Korea:F;Belgium:F,Belgium:F;India:F;Pakistan:F;North Korea:F;Russia:F
0.03494853186538839,4,India:F;Pakistan:F;North Korea:F;Belgium:F,Belgium:F;India:F;Pakistan:F;North Korea:F;Russia:F
0.03550042928387835,4,India:F;Pakistan:F;North Korea:F;Belgium:F,Belgium:F;India:F;Pakistan:F;North Korea:F;Russia:F
0.03652066309875456,4,India:F;Pakistan:F;North Korea:F;Belgium:F,Belgium:F;India:F;Pakistan:F;North Korea:F;Russia:F
0.036688147533226856,4,India:F;Pakistan:F;North Korea:F;Belgium:F,Belgium:F;India:F;Pakistan:F;North Korea:F;Russia:F
0.03676143275216846,4,India:F;Pakistan:F;North Korea:F;Belgium:F,Belgium:F;India:F;Pakistan:F;North Korea:F;Russia:F
0.03685717521848608,4,India:F;Pakistan:F;North Korea:F;Belgium:F,Belgium:F;India:F;Pakistan:F;North Korea:F;Russia:F
0.036931137945172526,4,India:F;Pakistan:F;North Korea:F;Belgium:F,Belgium:F;India:F;Pakistan:F;North Korea:F;Russia:F
0.037027767583206535,4,India:F;Pakistan:F;North Korea:F;Belgium:F,Belgium:F;India:F;Pakistan:F;North Korea:F;Russia:F
0.03715441689243353,4,India:F;Pakistan:F;North Korea:F;Belgium:F,Belgium:F;India:F;Pakistan:F;North Korea:F;Russia:F
0.03732777837234785,4,India:F;Pakistan:F;North Korea:F;Belgium:F,Belgium:F;India:F;Pakistan:F;North Korea:F;Russia:F
0.03737373406790225,4,India:F;Pakistan:F;North Korea:F;Belgium:F,Belgium:F;India:F;Pakistan:F;North Korea:F;Russia:F
0.03751077043188484,4,India:F;Pakistan:F;North Korea:F;Belgium:F,Belgium:F;India:F;Pakistan:F;North Korea:F;Russia:F
0.03767940044964468,4,India:F;Pakistan:F;North Korea:F;Belgium:F,Belgium:F;India:F;Pakistan:F;North Korea:F;Russia:F
0.03768748123899885,4,India:F;Pakistan:F;North Korea:F;Belgium:F,Belgium:F;India:F;Pakistan:F;North Korea:F;Russia:F
0.037857707414366094,4,India:F;Pakistan:F;North Korea:F;Belgium:F,Belgium:F;India:F;Pakistan:F;North Korea:F;Russia:F
0.03803770997624022,4,India:F;Pakistan:F;North Korea:F;Belgium:F,Belgium:F;India:F;Pakistan:F;North Korea:F;Russia:F
0.038045945200489706,4,India:F;Pakistan:F;North Korea:F;Belgium:F,Belgium:F;India:F;Pakistan:F;North Korea:F;Russia:F
0.038219432437052364,4,India:F;Pakistan:F;North Korea:F;Belgium:F,Belgium:F;India:F;Pakistan:F;North Korea:F;Russia:F
0.038227746544259845,4,India:F;Pakistan:F;North Korea:F;Belgium:F,Belgium:F;India:F;Pakistan:F;North Korea:F;Russia:F
0.038402899565217335,4,India:F;Pakistan:F;North Korea:F;Belgium:F,Belgium:F;India:F;Pakistan:F;North Korea:F;Russia:F
0.03869651960382803,4,India:F;Pakistan:F;North Korea:F;Belgium:F,Belgium:F;India:F;Pakistan:F;North Korea:F;Russia:F
0.03876669497449275,4,India:F;Pakistan:F;North Korea:F;Belgium:F,Belgium:F;India:F;Pakistan:F;North Korea:F;Russia:F
0.0387751692982637,4,India:F;Pakistan:F;North Korea:F;Belgium:F,Belgium:F;India:F;Pakistan:F;North Korea:F;Russia:F
0.03888460697333186,4,India:F;Pakistan:F;North Korea:F;Belgium:F,Belgium:F;India:F;Pakistan:F;North Korea:F;Russia:F
0.03895546681192863,4,India:F;Pakistan:F;North Korea:F;Belgium:F,Belgium:F;India:F;Pakistan:F;North Korea:F;Russia:F
0.03896402387605566,4,India:F;Pakistan:F;North Korea:F;Belgium:F,Belgium:F;India:F;Pakistan:F;North Korea:F;Russia:F
0.03902960704358757,4,India:F;Pakistan:F;North Korea:F;Belgium:F,Belgium:F;India:F;Pakistan:F;North Korea:F;Russia:F
0.03914608606901342,4,India:F;Pakistan:F;North Korea:F;Belgium:F,Belgium:F;India:F;Pakistan:F;North Korea:F;Russia:F
0.03914973174479598,4,India:F;Pakistan:F;North Korea:F;Belgium:F,Belgium:F;India:F;Pakistan:F;North Korea:F;Russia:F
0.039338579998821746,4,India:F;Pakistan:F;North Korea:F;Belgium:F,Belgium:F;India:F;Pakistan:F;North Korea:F;Russia:F
0.03934226161837008,4,India:F;Pakistan:F;North Korea:F;Belgium:F,Belgium:F;India:F;Pakistan:F;North Korea:F;Russia:F
0.03941418710222312,4,India:F;Pakistan:F;North Korea:F;Belgium:F,Belgium:F;India:F;Pakistan:F;North Korea:F;Russia:F
0.039532976393125814,4,India:F;Pakistan:F;North Korea:F;Belgium:F,Belgium:F;India:F;Pakistan:F;North Korea:F;Russia:F
0.039609333311489796,4,India:F;Pakistan:F;North Korea:F;Belgium:F,Belgium:F;India:F;Pakistan:F;North Korea:F;Russia:F
0.03973305871609677,4,India:F;Pakistan:F;North Korea:F;Belgium:F,Belgium:F;India:F;Pakistan:F;North Korea:F;Russia:F
0.03977743797343005,4,India:F;Pakistan:F;North Korea:F;Belgium:F,Belgium:F;India:F;Pakistan:F;North Korea:F;Russia:F
0.03980642153882341,4,India:F;Pakistan:F;North Korea:F;Belgium:F,Belgium:F;India:F;Pakistan:F;North Korea:F;Russia:F
0.0399313832153355,4,India:F;Pakistan:F;North Korea:F;Belgium:F,Belgium:F;India:F;Pakistan:F;North Korea:F;Russia:F
0.03997620685952603,4,India:F;Pakistan:F;North Korea:F;Belgium:F,Belgium:F;India:F;Pakistan:F;North Korea:F;Russia:F
0.039982737119933026,4,India:F;Pakistan:F;North Korea:F;Belgium:F,Belgium:F;India:F;Pakistan:F;North Korea:F;Russia:F
0.04000548091848649,4,India:F;Pakistan:F;North Korea:F;Belgium:F,Belgium:F;India:F;Pakistan:F;North Korea:F;Russia:F
0.04013169748927628,4,India:F;Pakistan:F;North Korea:F;Belgium:F,Belgium:F;India:F;Pakistan:F;North Korea:F;Russia:F
0.04017697222862615,4,India:F;Pakistan:F;North Korea:F;Belgium:F,Belgium:F;India:F;Pakistan:F;North Korea:F;Russia:F
0.04020654117043551,4,India:F;Pakistan:F;North Korea:F;Belgium:F,Belgium:F;India:F;Pakistan:F;North Korea:F;Russia:F
0.04033403163378251,4,India:F;Pakistan:F;North Korea:F;Belgium:F,Belgium:F;India:F;Pakistan:F;North Korea:F;Russia:F
0.04037976431229785,4,India:F;Pakistan:F;North Korea:F;Belgium:F,Belgium:F;India:F;Pakistan:F;North Korea:F;Russia:F
0.040386427094364866,4,India:F;Pakistan:F;North Korea:F;Belgium:F,Belgium:F;India:F;Pakistan:F;North Korea:F;Russia:F
0.04040044656989189,4,India:F;Pakistan:F;North Korea:F;Belgium:F,Belgium:F;India:F;Pakistan:F;North Korea:F;Russia:F
0.04058461395557684,4,India:F;Pakistan:F;North Korea:F;Belgium:F,Belgium:F;India:F;Pakistan:F;North Korea:F;Russia:F
0.04059134451636139,4,India:F;Pakistan:F;North Korea:F;Belgium:F,Belgium:F;India:F;Pakistan:F;North Korea:F;Russia:F
0.04060550664509923,4,India:F;Pakistan:F;North Korea:F;Belgium:F,Belgium:F;India:F;Pakistan:F;North Korea:F;Russia:F
0.040791552632607204,4,India:F;Pakistan:F;North Korea:F;Belgium:F,Belgium:F;India:F;Pakistan:F;North Korea:F;Russia:F
0.04079835201163691,4,India:F;Pakistan:F;North Korea:F;Belgium:F,Belgium:F;India:F;Pakistan:F;North Korea:F;Russia:F
0.04081265898203664,4,India:F;Pakistan:F;North Korea:F;Belgium:F,Belgium:F;India:F;Pakistan:F;North Korea:F;Russia:F
0.04100061246276269,4,India:F;Pakistan:F;North Korea:F;Belgium:F,Belgium:F;India:F;Pakistan:F;North Korea:F;Russia:F
0.04100748172093208,4,India:F;Pakistan:F;North Korea:F;Belgium:F,Belgium:F;India:F;Pakistan:F;North Korea:F;Russia:F
0.041211826227266046,4,India:F;Pakistan:F;North Korea:F;Belgium:F,Belgium:F;India:F;Pakistan:F;North Korea:F;Russia:F
0.041425227386324814,4,India:F;Pakistan:F;North Korea:F;Belgium:F,Belgium:F;India:F;Pakistan:F;North Korea:F;Russia:F
0.04143223967370123,4,India:F;Pakistan:F;North Korea:F;Belgium:F,Belgium:F;India:F;Pakistan:F;North Korea:F;Russia:F
0.041959781148741236,4,India:F;Pakistan:F;North Korea:F;Belgium:F,Belgium:F;India:F;Pakistan:F;North Korea:F;Russia:F
0.04252503229556387,4,India:F;Pakistan:F;North Korea:F;Belgium:F,Belgium:F;India:F;Pakistan:F;North Korea:F;Russia:F
0.04275228759690984,4,India:F;Pakistan:F;North Korea:F;Belgium:F,Belgium:F;India:F;Pakistan:F;North Korea:F;Russia:F
0.042981984869236795,4,India:F;Pakistan:F;North Korea:F;Belgium:F,Belgium:F;India:F;Pakistan:F;North Korea:F;Russia:F
0.04349067074283843,4,India:F;Pakistan:F;North Korea:F;Belgium:F,Belgium:F;India:F;Pakistan:F;North Korea:F;Russia:F
0.043546485079131246,4,India:F;Pakistan:F;North Korea:F;Belgium:F,Belgium:F;India:F;Pakistan:F;North Korea:F;Russia:F
0.043968728112165324,4,India:F;Pakistan:F;North Korea:F;Belgium:F,Belgium:F;India:F;Pakistan:F;North Korea:F;Russia:F
0.044025777039872226,4,India:F;Pakistan:F;North Korea:F;Belgium:F,Belgium:F;India:F;Pakistan:F;North Korea:F;Russia:F
0.0442435379800822,4,India:F;Pakistan:F;North Korea:F;Belgium:F,Belgium:F;India:F;Pakistan:F;North Korea:F;Russia:F
0.04426940138927885,4,India:F;Pakistan:F;North Korea:F;Belgium:F,Belgium:F;India:F;Pakistan:F;North Korea:F;Russia:F
0.04445741207822481,4,India:F;Pakistan:F;North Korea:F;Belgium:F,Belgium:F;India:F;Pakistan:F;North Korea:F;Russia:F
0.04448958506087708,4,India:F;Pakistan:F;North Korea:F;Belgium:F,Belgium:F;India:F;Pakistan:F;North Korea:F;Russia:F
0.04451573701805282,4,India:F;Pakistan:F;North Korea:F;Belgium:F,Belgium:F;India:F;Pakistan:F;North Korea:F;Russia:F
0.04465540848472825,4,India:F;Pakistan:F;North Korea:F;Belgium:F,Belgium:F;India:F;Pakistan:F;North Korea:F;Russia:F
0.04470585037980512,4,India:F;Pakistan:F;North Korea:F;Belgium:F,Belgium:F;India:F;Pakistan:F;North Korea:F;Russia:F
0.044738384078872484,4,India:F;Pakistan:F;North Korea:F;Belgium:F,Belgium:F;India:F;Pakistan:F;North Korea:F;Russia:F
0.04483906512613343,4,India:F;Pakistan:F;North Korea:F;Belgium:F,Belgium:F;India:F;Pakistan:F;North Korea:F;Russia:F
0.04495708094659402,4,India:F;Pakistan:F;North Korea:F;Belgium:F,Belgium:F;India:F;Pakistan:F;North Korea:F;Russia:F
0.04498998146266976,4,India:F;Pakistan:F;North Korea:F;Belgium:F,Belgium:F;India:F;Pakistan:F;North Korea:F;Russia:F
0.0450167251930801,4,India:F;Pakistan:F;North Korea:F;Belgium:F,Belgium:F;India:F;Pakistan:F;North Korea:F;Russia:F
0.04509179939233436,4,India:F;Pakistan:F;North Korea:F;Belgium:F,Belgium:F;India:F;Pakistan:F;North Korea:F;Russia:F
0.04524442469118797,4,India:F;Pakistan:F;North Korea:F;Belgium:F,Belgium:F;India:F;Pakistan:F;North Korea:F;Russia:F
0.04527147186910733,4,India:F;Pakistan:F;North Korea:F;Belgium:F,Belgium:F;India:F;Pakistan:F;North Korea:F;Russia:F
0.0453473988689296,4,India:F;Pakistan:F;North Korea:F;Belgium:F,Belgium:F;India:F;Pakistan:F;North Korea:F;Russia:F
0.04550176232353341,4,India:F;Pakistan:F;North Korea:F;Belgium:F,Belgium:F;India:F;Pakistan:F;North Korea:F;Russia:F
0.04560591255736968,4,India:F;Pakistan:F;North Korea:F;Belgium:F,Belgium:F;India:F;Pakistan:F;North Korea:F;Russia:F
0.04573069648007945,4,India:F;Pakistan:F;North Korea:F;Belgium:F,Belgium:F;India:F;Pakistan:F;North Korea:F;Russia:F
0.04599361146582524,4,India:F;Pakistan:F;North Korea:F;Belgium:F,Belgium:F;India:F;Pakistan:F;North Korea:F;Russia:F
0.04688789566688336,4,India:F;Pakistan:F;North Korea:F;Belgium:F,Belgium:F;India:F;Pakistan:F;North Korea:F;Russia:F
0.0471643251615551,4,India:F;Pakistan:F;North Korea:F;Belgium:F,Belgium:F;India:F;Pakistan:F;North Korea:F;Russia:F
0.04719428758940692,4,India:F;Pakistan:F;North Korea:F;Belgium:F,Belgium:F;India:F;Pakistan:F;North Korea:F;Russia:F
0.04747435236926138,4,India:F;Pakistan:F;North Korea:F;Belgium:F,Belgium:F;India:F;Pakistan:F;North Korea:F;Russia:F
0.04772707903015244,4,India:F;Pakistan:F;North Korea:F;Belgium:F,Belgium:F;India:F;Pakistan:F;North Korea:F;Russia:F
0.047757760965818664,4,India:F;Pakistan:F;North Korea:F;Belgium:F,Belgium:F;India:F;Pakistan:F;North Korea:F;Russia:F
0.048013522176079154,4,India:F;Pakistan:F;North Korea:F;Belgium:F,Belgium:F;India:F;Pakistan:F;North Korea:F;Russia:F
0.04804457362367166,4,India:F;Pakistan:F;North Korea:F;Belgium:F,Belgium:F;India:F;Pakistan:F;North Korea:F;Russia:F
0.04830342436821464,4,India:F;Pakistan:F;North Korea:F;Belgium:F,Belgium:F;India:F;Pakistan:F;North Korea:F;Russia:F
0.04859684864358828,4,India:F;Pakistan:F;North Korea:F;Belgium:F,Belgium:F;India:F;Pakistan:F;North Korea:F;Russia:F
0.048665600568055335,4,India:F;Pakistan:F;North Korea:F;Belgium:F,Belgium:F;India:F;Pakistan:F;North Korea:F;Russia:F
0.0486682897903594,4,India:F;Pakistan:F;North Korea:F;Belgium:F,Belgium:F;India:F;Pakistan:F;North Korea:F;Russia:F
0.048893859580291306,4,India:F;Pakistan:F;North Korea:F;Belgium:F,Belgium:F;India:F;Pakistan:F;North Korea:F;Russia:F
0.04896345506136135,4,India:F;Pakistan:F;North Korea:F;Belgium:F,Belgium:F;India:F;Pakistan:F;North Korea:F;Russia:F
0.049267733877778906,4,India:F;Pakistan:F;North Korea:F;Belgium:F,Belgium:F;India:F;Pakistan:F;North Korea:F;Russia:F
0.04957302771993158,4,India:F;Pakistan:F;North Korea:F;Belgium:F,Belgium:F;India:F;Pakistan:F;North Korea:F;Russia:F
0.04985384058725259,4,India:F;Pakistan:F;North Korea:F;Belgium:F,Belgium:F;India:F;Pakistan:F;North Korea:F;Russia:F
0.049882128738768586,4,India:F;Pakistan:F;North Korea:F;Belgium:F,Belgium:F;India:F;Pakistan:F;North Korea:F;Russia:F
0.05019510859740764,4,India:F;Pakistan:F;North Korea:F;Belgium:F,Belgium:F;India:F;Pakistan:F;North Korea:F;Russia:F
0.05024632114654756,4,India:F;Pakistan:F;North Korea:F;Belgium:F,Belgium:F;India:F;Pakistan:F;North Korea:F;Russia:F
0.05037336406215619,4,India:F;Pakistan:F;North Korea:F;Belgium:F,Belgium:F;India:F;Pakistan:F;North Korea:F;Russia:F
0.05048303386795608,4,India:F;Pakistan:F;North Korea:F;Belgium:F,Belgium:F;India:F;Pakistan:F;North Korea:F;Russia:F
0.050512040768891535,4,India:F;Pakistan:F;North Korea:F;Belgium:F,Belgium:F;India:F;Pakistan:F;North Korea:F;Russia:F
0.050563902406389326,4,India:F;Pakistan:F;North Korea:F;Belgium:F,Belgium:F;India:F;Pakistan:F;North Korea:F;Russia:F
0.0506925583995943,4,India:F;Pakistan:F;North Korea:F;Belgium:F,Belgium:F;India:F;Pakistan:F;North Korea:F;Russia:F
0.05080362400184358,4,India:F;Pakistan:F;North Korea:F;Belgium:F,Belgium:F;India:F;Pakistan:F;North Korea:F;Russia:F
0.05083300059369073,4,India:F;Pakistan:F;North Korea:F;Belgium:F,Belgium:F;India:F;Pakistan:F;North Korea:F;Russia:F
0.0510158237275458,4,India:F;Pakistan:F;North Korea:F;Belgium:F,Belgium:F;India:F;Pakistan:F;North Korea:F;Russia:F
0.05103709258073799,4,India:F;Pakistan:F;North Korea:F;Belgium:F,Belgium:F;India:F;Pakistan:F;North Korea:F;Russia:F
0.051128311943823945,4,India:F;Pakistan:F;North Korea:F;Belgium:F,Belgium:F;India:F;Pakistan:F;North Korea:F;Russia:F
0.0513432384276994,4,India:F;Pakistan:F;North Korea:F;Belgium:F,Belgium:F;India:F;Pakistan:F;North Korea:F;Russia:F
0.05145717676701047,4,India:F;Pakistan:F;North Korea:F;Belgium:F,Belgium:F;India:F;Pakistan:F;North Korea:F;Russia:F
0.05152248027622386,4,India:F;Pakistan:F;North Korea:F;Belgium:F,Belgium:F;India:F;Pakistan:F;North Korea:F;Russia:F
0.05167488290692612,4,India:F;Pakistan:F;North Korea:F;Belgium:F,Belgium:F;India:F;Pakistan:F;North Korea:F;Russia:F
0.05179029959212653,4,India:F;Pakistan:F;North Korea:F;Belgium:F,Belgium:F;India:F;Pakistan:F;North Korea:F;Russia:F
0.051856451903774754,4,India:F;Pakistan:F;North Korea:F;Belgium:F,Belgium:F;India:F;Pakistan:F;North Korea:F;Russia:F
0.05207556482921938,4,India:F;Pakistan:F;North Korea:F;Belgium:F,Belgium:F;India:F;Pakistan:F;North Korea:F;Russia:F
0.05219478142535122,4,India:F;Pakistan:F;North Korea:F;Belgium:F,Belgium:F;India:F;Pakistan:F;North Korea:F;Russia:F
0.05241676893532308,4,India:F;Pakistan:F;North Korea:F;Belgium:F,Belgium:F;India:F;Pakistan:F;North Korea:F;Russia:F
0.0524696543719816,4,India:F;Pakistan:F;North Korea:F;Belgium:F,Belgium:F;India:F;Pakistan:F;North Korea:F;Russia:F
0.05253755469836417,4,India:F;Pakistan:F;North Korea:F;Belgium:F,Belgium:F;India:F;Pakistan:F;North Korea:F;Russia:F
0.05288485985050306,4,India:F;Pakistan:F;North Korea:F;Belgium:F,Belgium:F;India:F;Pakistan:F;North Korea:F;Russia:F
0.053015385308679004,4,India:F;Pakistan:F;North Korea:F;Belgium:F,Belgium:F;India:F;Pakistan:F;North Korea:F;Russia:F
0.053212973611006194,4,India:F;Pakistan:F;North Korea:F;Belgium:F,Belgium:F;India:F;Pakistan:F;North Korea:F;Russia:F
0.0532367873552749,4,India:F;Pakistan:F;North Korea:F;Belgium:F,Belgium:F;India:F;Pakistan:F;North Korea:F;Russia:F
0.05336905795506009,4,India:F;Pakistan:F;North Korea:F;Belgium:F,Belgium:F;India:F;Pakistan:F;North Korea:F;Russia:F
0.05346711039890584,4,India:F;Pakistan:F;North Korea:F;Belgium:F,Belgium:F;India:F;Pakistan:F;North Korea:F;Russia:F
0.053467746375545355,4,India:F;Pakistan:F;North Korea:F;Belgium:F,Belgium:F;India:F;Pakistan:F;North Korea:F;Russia:F
0.05356929630483487,4,India:F;Pakistan:F;North Korea:F;Belgium:F,Belgium:F;India:F;Pakistan:F;North Korea:F;Russia:F
0.053593430110579494,4,India:F;Pakistan:F;North Korea:F;Belgium:F,Belgium:F;India:F;Pakistan:F;North Korea:F;Russia:F
0.053727481086546,4,India:F;Pakistan:F;North Korea:F;Belgium:F,Belgium:F;India:F;Pakistan:F;North Korea:F;Russia:F
0.05382685620681028,4,India:F;Pakistan:F;North Korea:F;Belgium:F,Belgium:F;India:F;Pakistan:F;North Korea:F;Russia:F
0.05382750077044834,4,India:F;Pakistan:F;North Korea:F;Belgium:F,Belgium:F;India:F;Pakistan:F;North Korea:F;Russia:F
0.053930423157078196,4,India:F;Pakistan:F;North Korea:F;Belgium:F,Belgium:F;India:F;Pakistan:F;North Korea:F;Russia:F
0.054090751062126935,4,India:F;Pakistan:F;North Korea:F;Belgium:F,Belgium:F;India:F;Pakistan:F;North Korea:F;Russia:F
0.05419147580377587,4,India:F;Pakistan:F;North Korea:F;Belgium:F,Belgium:F;India:F;Pakistan:F;North Korea:F;Russia:F
0.05419212912950718,4,India:F;Pakistan:F;North Korea:F;Belgium:F,Belgium:F;India:F;Pakistan:F;North Korea:F;Russia:F
0.054285360309368605,4,India:F;Pakistan:F;North Korea:F;Belgium:F,Belgium:F;India:F;Pakistan:F;North Korea:F;Russia:F
0.05429645198601995,4,India:F;Pakistan:F;North Korea:F;Belgium:F,Belgium:F;India:F;Pakistan:F;North Korea:F;Russia:F
0.05445896686459863,4,India:F;Pakistan:F;North Korea:F;Belgium:F,Belgium:F;India:F;Pakistan:F;North Korea:F;Russia:F
0.054561731177192666,4,India:F;Pakistan:F;North Korea:F;Belgium:F,Belgium:F;India:F;Pakistan:F;North Korea:F;Russia:F
0.05465623951628066,4,India:F;Pakistan:F;North Korea:F;Belgium:F,Belgium:F;India:F;Pakistan:F;North Korea:F;Russia:F
0.05466748328368359,4,India:F;Pakistan:F;North Korea:F;Belgium:F,Belgium:F;India:F;Pakistan:F;North Korea:F;Russia:F
0.055043620307814956,4,India:F;Pakistan:F;North Korea:F;Belgium:F,Belgium:F;India:F;Pakistan:F;North Korea:F;Russia:F
0.05516062279546968,4,India:F;Pakistan:F;North Korea:F;Belgium:F,Belgium:F;India:F;Pakistan:F;North Korea:F;Russia:F
0.05541341169174016,4,India:F;Pakistan:F;North Korea:F;Belgium:F,Belgium:F;India:F;Pakistan:F;North Korea:F;Russia:F
0.05542496917768858,4,India:F;Pakistan:F;North Korea:F;Belgium:F,Belgium:F;India:F;Pakistan:F;North Korea:F;Russia:F
0.0557514317088855,4,India:F;Pakistan:F;North Korea:F;Belgium:F,Belgium:F;India:F;Pakistan:F;North Korea:F;Russia:F
0.055799919681952914,4,India:F;Pakistan:F;North Korea:F;Belgium:F,Belgium:F;India:F;Pakistan:F;North Korea:F;Russia:F
0.05581163897392433,4,India:F;Pakistan:F;North Korea:F;Belgium:F,Belgium:F;India:F;Pakistan:F;North Korea:F;Russia:F
0.05600161915872268,4,India:F;Pakistan:F;North Korea:F;Belgium:F,Belgium:F;India:F;Pakistan:F;North Korea:F;Russia:F
0.05614268610014369,4,India:F;Pakistan:F;North Korea:F;Belgium:F,Belgium:F;India:F;Pakistan:F;North Korea:F;Russia:F
0.05620374184251156,4,India:F;Pakistan:F;North Korea:F;Belgium:F,Belgium:F;India:F;Pakistan:F;North Korea:F;Russia:F
0.056589339836384166,4,India:F;Pakistan:F;North Korea:F;Belgium:F,Belgium:F;India:F;Pakistan:F;North Korea:F;Russia:F
0.05694190396013834,4,India:F;Pakistan:F;North Korea:F;Belgium:F,Belgium:F;India:F;Pakistan:F;North Korea:F;Russia:F
0.05699248572926588,4,India:F;Pakistan:F;North Korea:F;Belgium:F,Belgium:F;India:F;Pakistan:F;North Korea:F;Russia:F
0.05740141690851566,4,India:F;Pakistan:F;North Korea:F;Belgium:F,Belgium:F;India:F;Pakistan:F;North Korea:F;Russia:F
0.05746617448073644,4,India:F;Pakistan:F;North Korea:F;Belgium:F,Belgium:F;India:F;Pakistan:F;North Korea:F;Russia:F
0.057881956305780746,4,India:F;Pakistan:F;North Korea:F;Belgium:F,Belgium:F;India:F;Pakistan:F;North Korea:F;Russia:F
0.05830379854576663,4,India:F;Pakistan:F;North Korea:F;Belgium:F,Belgium:F;India:F;Pakistan:F;North Korea:F;Russia:F
0.058438615601651235,4,India:F;Pakistan:F;North Korea:F;Belgium:F,Belgium:F;India:F;Pakistan:F;North Korea:F;Russia:F
0.05873183467792727,4,India:F;Pakistan:F;North Korea:F;Belgium:F,Belgium:F;India:F;Pakistan:F;North Korea:F;Russia:F
0.058868640835750254,4,India:F;Pakistan:F;North Korea:F;Belgium:F,Belgium:F;India:F;Pakistan:F;North Korea:F;Russia:F
0.0591662021281663,4,India:F;Pakistan:F;North Korea:F;Belgium:F,Belgium:F;India:F;Pakistan:F;North Korea:F;Russia:F
0.059319798825655044,4,India:F;Pakistan:F;North Korea:F;Belgium:F,Belgium:F;India:F;Pakistan:F;North Korea:F;Russia:F
0.05960704241816321,4,India:F;Pakistan:F;North Korea:F;Belgium:F,Belgium:F;India:F;Pakistan:F;North Korea:F;Russia:F
0.05974796115218432,4,India:F;Pakistan:F;North Korea:F;Belgium:F,Belgium:F;India:F;Pakistan:F;North Korea:F;Russia:F
0.05976293951934469,4,India:F;Pakistan:F;North Korea:F;Belgium:F,Belgium:F;India:F;Pakistan:F;North Korea:F;Russia:F
0.06019754623391442,4,India:F;Pakistan:F;North Korea:F;Belgium:F,Belgium:F;India:F;Pakistan:F;North Korea:F;Russia:F
0.06021275089308429,4,India:F;Pakistan:F;North Korea:F;Belgium:F,Belgium:F;India:F;Pakistan:F;North Korea:F;Russia:F
0.06059312621054421,4,India:F;Pakistan:F;North Korea:F;Belgium:F,Belgium:F;India:F;Pakistan:F;North Korea:F;Russia:F
0.0606539485932534,4,India:F;Pakistan:F;North Korea:F;Belgium:F,Belgium:F;India:F;Pakistan:F;North Korea:F;Russia:F
0.06066938471164417,4,India:F;Pakistan:F;North Korea:F;Belgium:F,Belgium:F;India:F;Pakistan:F;North Korea:F;Russia:F
0.060935136754979816,4,India:F;Pakistan:F;North Korea:F;Belgium:F,Belgium:F;India:F;Pakistan:F;North Korea:F;Russia:F
0.06105556969055879,4,India:F;Pakistan:F;North Korea:F;Belgium:F,Belgium:F;India:F;Pakistan:F;North Korea:F;Russia:F
0.0610886218145267,4,India:F;Pakistan:F;North Korea:F;Belgium:F,Belgium:F;India:F;Pakistan:F;North Korea:F;Russia:F
0.06111732447536414,4,India:F;Pakistan:F;North Korea:F;Belgium:F,Belgium:F;India:F;Pakistan:F;North Korea:F;Russia:F
0.061402835527481145,4,India:F;Pakistan:F;North Korea:F;Belgium:F,Belgium:F;India:F;Pakistan:F;North Korea:F;Russia:F
0.06158783493681016,4,India:F;Pakistan:F;North Korea:F;Belgium:F,Belgium:F;India:F;Pakistan:F;North Korea:F;Russia:F
0.06187776933917373,4,India:F;Pakistan:F;North Korea:F;Belgium:F,Belgium:F;India:F;Pakistan:F;North Korea:F;Russia:F
0.06203604595203482,4,India:F;Pakistan:F;North Korea:F;Belgium:F,Belgium:F;India:F;Pakistan:F;North Korea:F;Russia:F
0.06206564603219482,4,India:F;Pakistan:F;North Korea:F;Belgium:F,Belgium:F;India:F;Pakistan:F;North Korea:F;Russia:F
0.062147173986060615,4,India:F;Pakistan:F;North Korea:F;Belgium:F,Belgium:F;India:F;Pakistan:F;North Korea:F;Russia:F
0.0623601073817404,4,India:F;Pakistan:F;North Korea:F;Belgium:F,Belgium:F;India:F;Pakistan:F;North Korea:F;Russia:F
0.06261127728656345,4,India:F;Pakistan:F;North Korea:F;Belgium:F,Belgium:F;India:F;Pakistan:F;North Korea:F;Russia:F
0.06263373771042147,4,India:F;Pakistan:F;North Korea:F;Belgium:F,Belgium:F;India:F;Pakistan:F;North Korea:F;Russia:F
0.06285002416371469,4,India:F;Pakistan:F;North Korea:F;Belgium:F,Belgium:F;India:F;Pakistan:F;North Korea:F;Russia:F
0.06310516415293764,4,India:F;Pakistan:F;North Korea:F;Belgium:F,Belgium:F;India:F;Pakistan:F;North Korea:F;Russia:F
0.06312798038109373,4,India:F;Pakistan:F;North Korea:F;Belgium:F,Belgium:F;India:F;Pakistan:F;North Korea:F;Russia:F
0.06363008522758049,4,India:F;Pakistan:F;North Korea:F;Belgium:F,Belgium:F;India:F;Pakistan:F;North Korea:F;Russia:F
0.06411668767815581,4,India:F;Pakistan:F;North Korea:F;Belgium:F,Belgium:F;India:F;Pakistan:F;North Korea:F;Russia:F
0.0641402413555771,4,India:F;Pakistan:F;North Korea:F;Belgium:F,Belgium:F;India:F;Pakistan:F;North Korea:F;Russia:F
0.06462893806327033,4,India:F;Pakistan:F;North Korea:F;Belgium:F,Belgium:F;India:F;Pakistan:F;North Korea:F;Russia:F
0.0646347081022257,4,India:F;Pakistan:F;North Korea:F;Belgium:F,Belgium:F;India:F;Pakistan:F;North Korea:F;Russia:F
0.06465864398443787,4,India:F;Pakistan:F;North Korea:F;Belgium:F,Belgium:F;India:F;Pakistan:F;North Korea:F;Russia:F
0.06488327894907142,4,India:F;Pakistan:F;North Korea:F;Belgium:F,Belgium:F;India:F;Pakistan:F;North Korea:F;Russia:F
0.06518549469625218,4,India:F;Pakistan:F;North Korea:F;Belgium:F,Belgium:F;India:F;Pakistan:F;North Korea:F;Russia:F
0.0654138117736252,4,India:F;Pakistan:F;North Korea:F;Belgium:F,Belgium:F;India:F;Pakistan:F;North Korea:F;Russia:F
0.06562626018475476,4,India:F;Pakistan:F;North Korea:F;Belgium:F,Belgium:F;India:F;Pakistan:F;North Korea:F;Russia:F
0.06569031183703854,4,India:F;Pakistan:F;North Korea:F;Belgium:F,Belgium:F;India:F;Pakistan:F;North Korea:F;Russia:F
0.06595309216824799,4,India:F;Pakistan:F;North Korea:F;Belgium:F,Belgium:F;India:F;Pakistan:F;North Korea:F;Russia:F
0.06604698986091878,4,India:F;Pakistan:F;North Korea:F;Belgium:F,Belgium:F;India:F;Pakistan:F;North Korea:F;Russia:F
0.06619677383216852,4,India:F;Pakistan:F;North Korea:F;Belgium:F,Belgium:F;India:F;Pakistan:F;North Korea:F;Russia:F
0.06623417982793448,4,India:F;Pakistan:F;North Korea:F;Belgium:F,Belgium:F;India:F;Pakistan:F;North Korea:F;Russia:F
0.06661129341246366,4,India:F;Pakistan:F;North Korea:F;Belgium:F,Belgium:F;India:F;Pakistan:F;North Korea:F;Russia:F
0.0667871286642015,4,India:F;Pakistan:F;North Korea:F;Belgium:F,Belgium:F;India:F;Pakistan:F;North Korea:F;Russia:F
0.06688372224201417,4,India:F;Pakistan:F;North Korea:F;Belgium:F,Belgium:F;India:F;Pakistan:F;North Korea:F;Russia:F
0.06705877556970768,4,India:F;Pakistan:F;North Korea:F;Belgium:F,Belgium:F;India:F;Pakistan:F;North Korea:F;Russia:F
0.06717058334192307,4,India:F;Pakistan:F;North Korea:F;Belgium:F,Belgium:F;India:F;Pakistan:F;North Korea:F;Russia:F
0.06721256746772948,4,India:F;Pakistan:F;North Korea:F;Belgium:F,Belgium:F;India:F;Pakistan:F;North Korea:F;Russia:F
0.06731071182394142,4,India:F;Pakistan:F;North Korea:F;Belgium:F,Belgium:F;India:F;Pakistan:F;North Korea:F;Russia:F
0.06734938769185538,4,India:F;Pakistan:F;North Korea:F;Belgium:F,Belgium:F;India:F;Pakistan:F;North Korea:F;Russia:F
0.0674476156912365,4,India:F;Pakistan:F;North Korea:F;Belgium:F,Belgium:F;India:F;Pakistan:F;North Korea:F;Russia:F
0.06762563712252745,4,India:F;Pakistan:F;North Korea:F;Belgium:F,Belgium:F;India:F;Pakistan:F;North Korea:F;Russia:F
0.06773934475471984,4,India:F;Pakistan:F;North Korea:F;Belgium:F,Belgium:F;India:F;Pakistan:F;North Korea:F;Russia:F
0.06776126195765728,4,India:F;Pakistan:F;North Korea:F;Belgium:F,Belgium:F;India:F;Pakistan:F;North Korea:F;Russia:F
0.06778204311094133,4,India:F;Pakistan:F;North Korea:F;Belgium:F,Belgium:F;India:F;Pakistan:F;North Korea:F;Russia:F
0.06788185885386468,4,India:F;Pakistan:F;North Korea:F;Belgium:F,Belgium:F;India:F;Pakistan:F;North Korea:F;Russia:F
0.06792119404563957,4,India:F;Pakistan:F;North Korea:F;Belgium:F,Belgium:F;India:F;Pakistan:F;North Korea:F;Russia:F
0.0680210983033944,4,India:F;Pakistan:F;North Korea:F;Belgium:F,Belgium:F;India:F;Pakistan:F;North Korea:F;Russia:F
0.06820216397149083,4,India:F;Pakistan:F;North Korea:F;Belgium:F,Belgium:F;India:F;Pakistan:F;North Korea:F;Russia:F
0.06831782030251522,4,India:F;Pakistan:F;North Korea:F;Belgium:F,Belgium:F;India:F;Pakistan:F;North Korea:F;Russia:F
0.06834011349928742,4,India:F;Pakistan:F;North Korea:F;Belgium:F,Belgium:F;India:F;Pakistan:F;North Korea:F;Russia:F
0.06836125127103773,4,India:F;Pakistan:F;North Korea:F;Belgium:F,Belgium:F;India:F;Pakistan:F;North Korea:F;Russia:F
0.06846278146236105,4,India:F;Pakistan:F;North Korea:F;Belgium:F,Belgium:F;India:F;Pakistan:F;North Korea:F;Russia:F
0.06850279298249361,4,India:F;Pakistan:F;North Korea:F;Belgium:F,Belgium:F;India:F;Pakistan:F;North Korea:F;Russia:F
0.0686044167755868,4,India:F;Pakistan:F;North Korea:F;Belgium:F,Belgium:F;India:F;Pakistan:F;North Korea:F;Russia:F
0.06878860543993895,4,India:F;Pakistan:F;North Korea:F;Belgium:F,Belgium:F;India:F;Pakistan:F;North Korea:F;Russia:F
0.0689062609970798,4,India:F;Pakistan:F;North Korea:F;Belgium:F,Belgium:F;India:F;Pakistan:F;North Korea:F;Russia:F
0.06905373278950204,4,India:F;Pakistan:F;North Korea:F;Belgium:F,Belgium:F;India:F;Pakistan:F;North Korea:F;Russia:F
0.06909443823230223,4,India:F;Pakistan:F;North Korea:F;Belgium:F,Belgium:F;India:F;Pakistan:F;North Korea:F;Russia:F
0.06919782634036419,4,India:F;Pakistan:F;North Korea:F;Belgium:F,Belgium:F;India:F;Pakistan:F;North Korea:F;Russia:F
0.06938521950089024,4,India:F;Pakistan:F;North Korea:F;Belgium:F,Belgium:F;India:F;Pakistan:F;North Korea:F;Russia:F
0.06952800137563481,4,India:F;Pakistan:F;North Korea:F;Belgium:F,Belgium:F;India:F;Pakistan:F;North Korea:F;Russia:F
0.0696549747915918,4,India:F;Pakistan:F;North Korea:F;Belgium:F,Belgium:F;India:F;Pakistan:F;North Korea:F;Russia:F
0.06980159113809606,4,India:F;Pakistan:F;North Korea:F;Belgium:F,Belgium:F;India:F;Pakistan:F;North Korea:F;Russia:F
0.07026677862834729,4,India:F;Pakistan:F;North Korea:F;Belgium:F,Belgium:F;India:F;Pakistan:F;North Korea:F;Russia:F
0.07037626169238813,4,India:F;Pakistan:F;North Korea:F;Belgium:F,Belgium:F;India:F;Pakistan:F;North Korea:F;Russia:F
0.07041598460900408,4,India:F;Pakistan:F;North Korea:F;Belgium:F,Belgium:F;India:F;Pakistan:F;North Korea:F;Russia:F
0.07148566254950625,4,India:F;Pakistan:F;North Korea:F;Belgium:F,Belgium:F;India:F;Pakistan:F;North Korea:F;Russia:F
0.07152320493025331,4,India:F;Pakistan:F;North Korea:F;Belgium:F,Belgium:F;India:F;Pakistan:F;North Korea:F;Russia:F
0.071636641448728,4,India:F;Pakistan:F;North Korea:F;Belgium:F,Belgium:F;India:F;Pakistan:F;North Korea:F;Russia:F
0.07194326992964765,4,India:F;Pakistan:F;North Korea:F;Belgium:F,Belgium:F;India:F;Pakistan:F;North Korea:F;Russia:F
0.07203900843455949,4,India:F;Pakistan:F;North Korea:F;Belgium:F,Belgium:F;India:F;Pakistan:F;North Korea:F;Russia:F
0.07205452160687909,4,India:F;Pakistan:F;North Korea:F;Belgium:F,Belgium:F;India:F;Pakistan:F;North Korea:F;Russia:F
0.07213019691403451,4,India:F;Pakistan:F;North Korea:F;Belgium:F,Belgium:F;India:F;Pakistan:F;North Korea:F;Russia:F
0.0722839135484002,4,India:F;Pakistan:F;North Korea:F;Belgium:F,Belgium:F;India:F;Pakistan:F;North Korea:F;Russia:F
0.07259612021369502,4,India:F;Pakistan:F;North Korea:F;Belgium:F,Belgium:F;India:F;Pakistan:F;North Korea:F;Russia:F
0.07270940175182283,4,India:F;Pakistan:F;North Korea:F;Belgium:F,Belgium:F;India:F;Pakistan:F;North Korea:F;Russia:F
0.0729429891385064,4,India:F;Pakistan:F;North Korea:F;Belgium:F,Belgium:F;India:F;Pakistan:F;North Korea:F;Russia:F
0.07336020758785514,4,India:F;Pakistan:F;North Korea:F;Belgium:F,Belgium:F;India:F;Pakistan:F;North Korea:F;Russia:F
0.07337629506645371,4,India:F;Pakistan:F;North Korea:F;Belgium:F,Belgium:F;India:F;Pakistan:F;North Korea:F;Russia:F
0.07361419405820989,4,India:F;Pakistan:F;North Korea:F;Belgium:F,Belgium:F;India:F;Pakistan:F;North Korea:F;Russia:F
0.07362496066431432,4,India:F;Pakistan:F;North Korea:F;Belgium:F,Belgium:F;India:F;Pakistan:F;North Korea:F;Russia:F
0.07403914850081106,4,India:F;Pakistan:F;North Korea:F;Belgium:F,Belgium:F;India:F;Pakistan:F;North Korea:F;Russia:F
0.0742978662512512,4,India:F;Pakistan:F;North Korea:F;Belgium:F,Belgium:F;India:F;Pakistan:F;North Korea:F;Russia:F
0.07430883378486706,4,India:F;Pakistan:F;North Korea:F;Belgium:F,Belgium:F;India:F;Pakistan:F;North Korea:F;Russia:F
0.0747307738587244,4,India:F;Pakistan:F;North Korea:F;Belgium:F,Belgium:F;India:F;Pakistan:F;North Korea:F;Russia:F
0.0747474681358045,4,India:F;Pakistan:F;North Korea:F;Belgium:F,Belgium:F;India:F;Pakistan:F;North Korea:F;Russia:F
0.07545565189825713,4,India:F;Pakistan:F;North Korea:F;Belgium:F,Belgium:F;India:F;Pakistan:F;North Korea:F;Russia:F
0.07571541482873219,4,India:F;Pakistan:F;North Korea:F;Belgium:F,Belgium:F;India:F;Pakistan:F;North Korea:F;Russia:F
0.07594651762249395,4,India:F;Pakistan:F;North Korea:F;Belgium:F,Belgium:F;India:F;Pakistan:F;North Korea:F;Russia:F
0.07607033776222961,4,India:F;Pakistan:F;North Korea:F;Belgium:F,Belgium:F;India:F;Pakistan:F;North Korea:F;Russia:F
0.07617086292310997,4,India:F;Pakistan:F;North Korea:F;Belgium:F,Belgium:F;India:F;Pakistan:F;North Korea:F;Russia:F
0.07617412291101067,4,India:F;Pakistan:F;North Korea:F;Belgium:F,Belgium:F;India:F;Pakistan:F;North Korea:F;Russia:F
0.07643886487410473,4,India:F;Pakistan:F;North Korea:F;Belgium:F,Belgium:F;India:F;Pakistan:F;North Korea:F;Russia:F
0.07667441194473837,4,India:F;Pakistan:F;North Korea:F;Belgium:F,Belgium:F;India:F;Pakistan:F;North Korea:F;Russia:F
0.0767891743243913,4,India:F;Pakistan:F;North Korea:F;Belgium:F,Belgium:F;India:F;Pakistan:F;North Korea:F;Russia:F
0.07680061888964002,4,India:F;Pakistan:F;North Korea:F;Belgium:F,Belgium:F;India:F;Pakistan:F;North Korea:F;Russia:F
0.07690308471362066,4,India:F;Pakistan:F;North Korea:F;Belgium:F,Belgium:F;India:F;Pakistan:F;North Korea:F;Russia:F
0.07690640767991745,4,India:F;Pakistan:F;North Korea:F;Belgium:F,Belgium:F;India:F;Pakistan:F;North Korea:F;Russia:F
0.07717627321406682,4,India:F;Pakistan:F;North Korea:F;Belgium:F,Belgium:F;India:F;Pakistan:F;North Korea:F;Russia:F
0.0774163940053941,4,India:F;Pakistan:F;North Korea:F;Belgium:F,Belgium:F;India:F;Pakistan:F;North Korea:F;Russia:F
0.07754505744004353,4,India:F;Pakistan:F;North Korea:F;Belgium:F,Belgium:F;India:F;Pakistan:F;North Korea:F;Russia:F
0.07764952067189602,4,India:F;Pakistan:F;North Korea:F;Belgium:F,Belgium:F;India:F;Pakistan:F;North Korea:F;Russia:F
0.07765290845935577,4,India:F;Pakistan:F;North Korea:F;Belgium:F,Belgium:F;India:F;Pakistan:F;North Korea:F;Russia:F
0.07792804775211132,4,India:F;Pakistan:F;North Korea:F;Belgium:F,Belgium:F;India:F;Pakistan:F;North Korea:F;Russia:F
0.07817287678410073,4,India:F;Pakistan:F;North Korea:F;Belgium:F,Belgium:F;India:F;Pakistan:F;North Korea:F;Russia:F
0.07829217213802683,4,India:F;Pakistan:F;North Korea:F;Belgium:F,Belgium:F;India:F;Pakistan:F;North Korea:F;Russia:F
0.07829946348959196,4,India:F;Pakistan:F;North Korea:F;Belgium:F,Belgium:F;India:F;Pakistan:F;North Korea:F;Russia:F
0.07841058875090967,4,India:F;Pakistan:F;North Korea:F;Belgium:F,Belgium:F;India:F;Pakistan:F;North Korea:F;Russia:F
0.07849394900568692,4,India:F;Pakistan:F;North Korea:F;Belgium:F,Belgium:F;India:F;Pakistan:F;North Korea:F;Russia:F
0.07869461244163457,4,India:F;Pakistan:F;North Korea:F;Belgium:F,Belgium:F;India:F;Pakistan:F;North Korea:F;Russia:F
0.07877154340142967,4,India:F;Pakistan:F;North Korea:F;Belgium:F,Belgium:F;India:F;Pakistan:F;North Korea:F;Russia:F
0.07894428956169001,4,India:F;Pakistan:F;North Korea:F;Belgium:F,Belgium:F;India:F;Pakistan:F;North Korea:F;Russia:F
0.0789955170274939,4,India:F;Pakistan:F;North Korea:F;Belgium:F,Belgium:F;India:F;Pakistan:F;North Korea:F;Russia:F
0.07906595278625163,4,India:F;Pakistan:F;North Korea:F;Belgium:F,Belgium:F;India:F;Pakistan:F;North Korea:F;Russia:F
0.07907808612270192,4,India:F;Pakistan:F;North Korea:F;Belgium:F,Belgium:F;India:F;Pakistan:F;North Korea:F;Russia:F
0.07927174302501155,4,India:F;Pakistan:F;North Korea:F;Belgium:F,Belgium:F;India:F;Pakistan:F;North Korea:F;Russia:F
0.07947640808317936,4,India:F;Pakistan:F;North Korea:F;Belgium:F,Belgium:F;India:F;Pakistan:F;North Korea:F;Russia:F
0.07973107873250564,4,India:F;Pakistan:F;North Korea:F;Belgium:F,Belgium:F;India:F;Pakistan:F;North Korea:F;Russia:F
0.07978333272989067,4,India:F;Pakistan:F;North Korea:F;Belgium:F,Belgium:F;India:F;Pakistan:F;North Korea:F;Russia:F
0.07985518103291235,4,India:F;Pakistan:F;North Korea:F;Belgium:F,Belgium:F;India:F;Pakistan:F;North Korea:F;Russia:F
0.079862766430671,4,India:F;Pakistan:F;North Korea:F;Belgium:F,Belgium:F;India:F;Pakistan:F;North Korea:F;Russia:F
0.07999295536003606,4,India:F;Pakistan:F;North Korea:F;Belgium:F,Belgium:F;India:F;Pakistan:F;North Korea:F;Russia:F
0.08006510558440624,4,India:F;Pakistan:F;North Korea:F;Belgium:F,Belgium:F;India:F;Pakistan:F;North Korea:F;Russia:F
0.0803539444572523,4,India:F;Pakistan:F;North Korea:F;Belgium:F,Belgium:F;India:F;Pakistan:F;North Korea:F;Russia:F
0.08058702036230016,4,India:F;Pakistan:F;North Korea:F;Belgium:F,Belgium:F;India:F;Pakistan:F;North Korea:F;Russia:F
0.08066032413112037,4,India:F;Pakistan:F;North Korea:F;Belgium:F,Belgium:F;India:F;Pakistan:F;North Korea:F;Russia:F
0.08066806326756502,4,India:F;Pakistan:F;North Korea:F;Belgium:F,Belgium:F;India:F;Pakistan:F;North Korea:F;Russia:F
0.08080089313978378,4,India:F;Pakistan:F;North Korea:F;Belgium:F,Belgium:F;India:F;Pakistan:F;North Korea:F;Russia:F
0.08108754478309038,4,India:F;Pakistan:F;North Korea:F;Belgium:F,Belgium:F;India:F;Pakistan:F;North Korea:F;Russia:F
0.08116922791115368,4,India:F;Pakistan:F;North Korea:F;Belgium:F,Belgium:F;India:F;Pakistan:F;North Korea:F;Russia:F
0.08148186837031522,4,India:F;Pakistan:F;North Korea:F;Belgium:F,Belgium:F;India:F;Pakistan:F;North Korea:F;Russia:F
0.0814897659671522,4,India:F;Pakistan:F;North Korea:F;Belgium:F,Belgium:F;India:F;Pakistan:F;North Korea:F;Russia:F
0.08162531796407328,4,India:F;Pakistan:F;North Korea:F;Belgium:F,Belgium:F;India:F;Pakistan:F;North Korea:F;Russia:F
0.08191785954615081,4,India:F;Pakistan:F;North Korea:F;Belgium:F,Belgium:F;India:F;Pakistan:F;North Korea:F;Russia:F
0.08200122492552538,4,India:F;Pakistan:F;North Korea:F;Belgium:F,Belgium:F;India:F;Pakistan:F;North Korea:F;Russia:F
0.08232032005568768,4,India:F;Pakistan:F;North Korea:F;Belgium:F,Belgium:F;India:F;Pakistan:F;North Korea:F;Russia:F
0.0823283810299756,4,India:F;Pakistan:F;North Korea:F;Belgium:F,Belgium:F;India:F;Pakistan:F;North Korea:F;Russia:F
0.08246673969520851,4,India:F;Pakistan:F;North Korea:F;Belgium:F,Belgium:F;India:F;Pakistan:F;North Korea:F;Russia:F
0.08285045477264963,4,India:F;Pakistan:F;North Korea:F;Belgium:F,Belgium:F;India:F;Pakistan:F;North Korea:F;Russia:F
0.08304838923818504,4,India:F;Pakistan:F;North Korea:F;Belgium:F,Belgium:F;India:F;Pakistan:F;North Korea:F;Russia:F
0.08317620654870109,4,India:F;Pakistan:F;North Korea:F;Belgium:F,Belgium:F;India:F;Pakistan:F;North Korea:F;Russia:F
0.08318443602305935,4,India:F;Pakistan:F;North Korea:F;Belgium:F,Belgium:F;India:F;Pakistan:F;North Korea:F;Russia:F
0.08332568943780745,4,India:F;Pakistan:F;North Korea:F;Belgium:F,Belgium:F;India:F;Pakistan:F;North Korea:F;Russia:F
0.08345447325856384,4,India:F;Pakistan:F;North Korea:F;Belgium:F,Belgium:F;India:F;Pakistan:F;North Korea:F;Russia:F
0.08371745846088652,4,India:F;Pakistan:F;North Korea:F;Belgium:F,Belgium:F;India:F;Pakistan:F;North Korea:F;Russia:F
0.08405848068666881,4,India:F;Pakistan:F;North Korea:F;Belgium:F,Belgium:F;India:F;Pakistan:F;North Korea:F;Russia:F
0.08415538695411043,4,India:F;Pakistan:F;North Korea:F;Belgium:F,Belgium:F;India:F;Pakistan:F;North Korea:F;Russia:F
0.08420272065671494,4,India:F;Pakistan:F;North Korea:F;Belgium:F,Belgium:F;India:F;Pakistan:F;North Korea:F;Russia:F
0.08460279988400701,4,India:F;Pakistan:F;North Korea:F;Belgium:F,Belgium:F;India:F;Pakistan:F;North Korea:F;Russia:F
0.08495108811158622,4,India:F;Pakistan:F;North Korea:F;Belgium:F,Belgium:F;India:F;Pakistan:F;North Korea:F;Russia:F
0.08505006459112774,4,India:F;Pakistan:F;North Korea:F;Belgium:F,Belgium:F;India:F;Pakistan:F;North Korea:F;Russia:F
0.08509841036626506,4,India:F;Pakistan:F;North Korea:F;Belgium:F,Belgium:F;India:F;Pakistan:F;North Korea:F;Russia:F
0.08550706704423346,4,India:F;Pakistan:F;North Korea:F;Belgium:F,Belgium:F;India:F;Pakistan:F;North Korea:F;Russia:F
0.08571791476961217,4,India:F;Pakistan:F;North Korea:F;Belgium:F,Belgium:F;India:F;Pakistan:F;North Korea:F;Russia:F
0.0860032652962828,4,India:F;Pakistan:F;North Korea:F;Belgium:F,Belgium:F;India:F;Pakistan:F;North Korea:F;Russia:F
0.08601336039626288,4,India:F;Pakistan:F;North Korea:F;Belgium:F,Belgium:F;India:F;Pakistan:F;North Korea:F;Russia:F
0.08604579416002198,4,India:F;Pakistan:F;North Korea:F;Belgium:F,Belgium:F;India:F;Pakistan:F;North Korea:F;Russia:F
0.08643087335456096,4,India:F;Pakistan:F;North Korea:F;Belgium:F,Belgium:F;India:F;Pakistan:F;North Korea:F;Russia:F
0.08664630736837516,4,India:F;Pakistan:F;North Korea:F;Belgium:F,Belgium:F;India:F;Pakistan:F;North Korea:F;Russia:F
0.08670197713236556,4,India:F;Pakistan:F;North Korea:F;Belgium:F,Belgium:F;India:F;Pakistan:F;North Korea:F;Russia:F
0.08689772895626592,4,India:F;Pakistan:F;North Korea:F;Belgium:F,Belgium:F;India:F;Pakistan:F;North Korea:F;Russia:F
0.08693788302352902,4,India:F;Pakistan:F;North Korea:F;Belgium:F,Belgium:F;India:F;Pakistan:F;North Korea:F;Russia:F
0.08698134148567686,4,India:F;Pakistan:F;North Korea:F;Belgium:F,Belgium:F;India:F;Pakistan:F;North Korea:F;Russia:F
0.08759503061166524,4,India:F;Pakistan:F;North Korea:F;Belgium:F,Belgium:F;India:F;Pakistan:F;North Korea:F;Russia:F
0.08765192654877048,4,India:F;Pakistan:F;North Korea:F;Belgium:F,Belgium:F;India:F;Pakistan:F;North Korea:F;Russia:F
0.08785199632690115,4,India:F;Pakistan:F;North Korea:F;Belgium:F,Belgium:F;India:F;Pakistan:F;North Korea:F;Russia:F
0.08789303734847709,4,India:F;Pakistan:F;North Korea:F;Belgium:F,Belgium:F;India:F;Pakistan:F;North Korea:F;Russia:F
0.08793745622433065,4,India:F;Pakistan:F;North Korea:F;Belgium:F,Belgium:F;India:F;Pakistan:F;North Korea:F;Russia:F
0.0879828456731682,4,India:F;Pakistan:F;North Korea:F;Belgium:F,Belgium:F;India:F;Pakistan:F;North Korea:F;Russia:F
0.08855002503167932,4,India:F;Pakistan:F;North Korea:F;Belgium:F,Belgium:F;India:F;Pakistan:F;North Korea:F;Russia:F
0.08856475971647516,4,India:F;Pakistan:F;North Korea:F;Belgium:F,Belgium:F;India:F;Pakistan:F;North Korea:F;Russia:F
0.08862292278862118,4,India:F;Pakistan:F;North Korea:F;Belgium:F,Belgium:F;India:F;Pakistan:F;North Korea:F;Russia:F
0.08882745498301312,4,India:F;Pakistan:F;North Korea:F;Belgium:F,Belgium:F;India:F;Pakistan:F;North Korea:F;Russia:F
0.08886941267439305,4,India:F;Pakistan:F;North Korea:F;Belgium:F,Belgium:F;India:F;Pakistan:F;North Korea:F;Russia:F
0.08896122842711805,4,India:F;Pakistan:F;North Korea:F;Belgium:F,Belgium:F;India:F;Pakistan:F;North Korea:F;Russia:F
0.0893108169694565,4,India:F;Pakistan:F;North Korea:F;Belgium:F,Belgium:F;India:F;Pakistan:F;North Korea:F;Russia:F
0.08954113373588907,4,India:F;Pakistan:F;North Korea:F;Belgium:F,Belgium:F;India:F;Pakistan:F;North Korea:F;Russia:F
0.08961567314888669,4,India:F;Pakistan:F;North Korea:F;Belgium:F,Belgium:F;India:F;Pakistan:F;North Korea:F;Russia:F
0.08982481873836806,4,India:F;Pakistan:F;North Korea:F;Belgium:F,Belgium:F;India:F;Pakistan:F;North Korea:F;Russia:F
0.08986772415742487,4,India:F;Pakistan:F;North Korea:F;Belgium:F,Belgium:F;India:F;Pakistan:F;North Korea:F;Russia:F
0.08996161540432514,4,India:F;Pakistan:F;North Korea:F;Belgium:F,Belgium:F;India:F;Pakistan:F;North Korea:F;Russia:F
0.09031912633962644,4,India:F;Pakistan:F;North Korea:F;Belgium:F,Belgium:F;India:F;Pakistan:F;North Korea:F;Russia:F
0.09055467982294367,4,India:F;Pakistan:F;North Korea:F;Belgium:F,Belgium:F;India:F;Pakistan:F;North Korea:F;Russia:F
0.0908448338298788,4,India:F;Pakistan:F;North Korea:F;Belgium:F,Belgium:F;India:F;Pakistan:F;North Korea:F;Russia:F
0.09086889319985185,4,India:F;Pakistan:F;North Korea:F;Belgium:F,Belgium:F;India:F;Pakistan:F;North Korea:F;Russia:F
0.09093621862865445,4,India:F;Pakistan:F;North Korea:F;Belgium:F,Belgium:F;India:F;Pakistan:F;North Korea:F;Russia:F
0.0913504630917726,4,India:F;Pakistan:F;North Korea:F;Belgium:F,Belgium:F;India:F;Pakistan:F;North Korea:F;Russia:F
0.09166942751230883,4,India:F;Pakistan:F;North Korea:F;Belgium:F,Belgium:F;India:F;Pakistan:F;North Korea:F;Russia:F
0.09198177801306046,4,India:F;Pakistan:F;North Korea:F;Belgium:F,Belgium:F;India:F;Pakistan:F;North Korea:F;Russia:F
0.09240562517325529,4,India:F;Pakistan:F;North Korea:F;Belgium:F,Belgium:F;India:F;Pakistan:F;North Korea:F;Russia:F
0.09305166015659427,4,India:F;Pakistan:F;North Korea:F;Belgium:F,Belgium:F;India:F;Pakistan:F;North Korea:F;Russia:F
0.09320649688529309,4,India:F;Pakistan:F;North Korea:F;Belgium:F,Belgium:F;India:F;Pakistan:F;North Korea:F;Russia:F
0.09348544782966807,4,India:F;Pakistan:F;North Korea:F;Belgium:F,Belgium:F;India:F;Pakistan:F;North Korea:F;Russia:F
0.0936375868973797,4,India:F;Pakistan:F;North Korea:F;Belgium:F,Belgium:F;India:F;Pakistan:F;North Korea:F;Russia:F
0.09414672377478782,4,India:F;Pakistan:F;North Korea:F;Belgium:F,Belgium:F;India:F;Pakistan:F;North Korea:F;Russia:F
0.09459080580988131,4,India:F;Pakistan:F;North Korea:F;Belgium:F,Belgium:F;India:F;Pakistan:F;North Korea:F;Russia:F
0.09526786848717213,4,India:F;Pakistan:F;North Korea:F;Belgium:F,Belgium:F;India:F;Pakistan:F;North Korea:F;Russia:F
0.09616651463018117,4,India:F;Pakistan:F;North Korea:F;Belgium:F,Belgium:F;India:F;Pakistan:F;North Korea:F;Russia:F
0.09763843461288993,4,India:F;Pakistan:F;North Korea:F;Belgium:F,Belgium:F;India:F;Pakistan:F;North Korea:F;Russia:F
0.09825926867612898,4,India:F;Pakistan:F;North Korea:F;Belgium:F,Belgium:F;India:F;Pakistan:F;North Korea:F;Russia:F
0.09848027617712443,4,India:F;Pakistan:F;North Korea:F;Belgium:F,Belgium:F;India:F;Pakistan:F;North Korea:F;Russia:F
0.09853546775555781,4,India:F;Pakistan:F;North Korea:F;Belgium:F,Belgium:F;India:F;Pakistan:F;North Korea:F;Russia:F
0.09924595624559206,4,India:F;Pakistan:F;North Korea:F;Belgium:F,Belgium:F;India:F;Pakistan:F;North Korea:F;Russia:F
0.09949376916035471,4,India:F;Pakistan:F;North Korea:F;Belgium:F,Belgium:F;India:F;Pakistan:F;North Korea:F;Russia:F
0.09972922541151646,4,India:F;Pakistan:F;North Korea:F;Belgium:F,Belgium:F;India:F;Pakistan:F;North Korea:F;Russia:F
0.09976425747753717,4,India:F;Pakistan:F;North Korea:F;Belgium:F,Belgium:F;India:F;Pakistan:F;North Korea:F;Russia:F
0.0999788716198323,4,India:F;Pakistan:F;North Korea:F;Belgium:F,Belgium:F;India:F;Pakistan:F;North Korea:F;Russia:F
0.1000813819805078,4,India:F;Pakistan:F;North Korea:F;Belgium:F,Belgium:F;India:F;Pakistan:F;North Korea:F;Russia:F
0.10049264229309512,4,India:F;Pakistan:F;North Korea:F;Belgium:F,Belgium:F;India:F;Pakistan:F;North Korea:F;Russia:F
0.1007337754528752,4,India:F;Pakistan:F;North Korea:F;Belgium:F,Belgium:F;India:F;Pakistan:F;North Korea:F;Russia:F
0.10074672812431237,4,India:F;Pakistan:F;North Korea:F;Belgium:F,Belgium:F;India:F;Pakistan:F;North Korea:F;Russia:F
0.10078820097541888,4,India:F;Pakistan:F;North Korea:F;Belgium:F,Belgium:F;India:F;Pakistan:F;North Korea:F;Russia:F
0.10096606773591216,4,India:F;Pakistan:F;North Korea:F;Belgium:F,Belgium:F;India:F;Pakistan:F;North Korea:F;Russia:F
0.10102408153778307,4,India:F;Pakistan:F;North Korea:F;Belgium:F,Belgium:F;India:F;Pakistan:F;North Korea:F;Russia:F
0.101244156181473,4,India:F;Pakistan:F;North Korea:F;Belgium:F,Belgium:F;India:F;Pakistan:F;North Korea:F;Russia:F
0.10134927896824152,4,India:F;Pakistan:F;North Korea:F;Belgium:F,Belgium:F;India:F;Pakistan:F;North Korea:F;Russia:F
0.10146487874067635,4,India:F;Pakistan:F;North Korea:F;Belgium:F,Belgium:F;India:F;Pakistan:F;North Korea:F;Russia:F
0.10173455638377438,4,India:F;Pakistan:F;North Korea:F;Belgium:F,Belgium:F;India:F;Pakistan:F;North Korea:F;Russia:F
0.1019331680725252,4,India:F;Pakistan:F;North Korea:F;Belgium:F,Belgium:F;India:F;Pakistan:F;North Korea:F;Russia:F
0.10201836230291166,4,India:F;Pakistan:F;North Korea:F;Belgium:F,Belgium:F;India:F;Pakistan:F;North Korea:F;Russia:F
0.1020316474550916,4,India:F;Pakistan:F;North Korea:F;Belgium:F,Belgium:F;India:F;Pakistan:F;North Korea:F;Russia:F
0.10207418516147598,4,India:F;Pakistan:F;North Korea:F;Belgium:F,Belgium:F;India:F;Pakistan:F;North Korea:F;Russia:F
0.10225662388764789,4,India:F;Pakistan:F;North Korea:F;Belgium:F,Belgium:F;India:F;Pakistan:F;North Korea:F;Russia:F
0.10227928385001821,4,India:F;Pakistan:F;North Korea:F;Belgium:F,Belgium:F;India:F;Pakistan:F;North Korea:F;Russia:F
0.10231613067882409,4,India:F;Pakistan:F;North Korea:F;Belgium:F,Belgium:F;India:F;Pakistan:F;North Korea:F;Russia:F
0.10254187690655661,4,India:F;Pakistan:F;North Korea:F;Belgium:F,Belgium:F;India:F;Pakistan:F;North Korea:F;Russia:F
0.10264971327153738,4,India:F;Pakistan:F;North Korea:F;Belgium:F,Belgium:F;India:F;Pakistan:F;North Korea:F;Russia:F
0.1027683003827667,4,India:F;Pakistan:F;North Korea:F;Belgium:F,Belgium:F;India:F;Pakistan:F;North Korea:F;Russia:F
0.10304496055244772,4,India:F;Pakistan:F;North Korea:F;Belgium:F,Belgium:F;India:F;Pakistan:F;North Korea:F;Russia:F
0.10308239792853173,4,India:F;Pakistan:F;North Korea:F;Belgium:F,Belgium:F;India:F;Pakistan:F;North Korea:F;Russia:F
0.10324872680030137,4,India:F;Pakistan:F;North Korea:F;Belgium:F,Belgium:F;India:F;Pakistan:F;North Korea:F;Russia:F
0.10333613521305515,4,India:F;Pakistan:F;North Korea:F;Belgium:F,Belgium:F;India:F;Pakistan:F;North Korea:F;Russia:F
0.10334976581385225,4,India:F;Pakistan:F;North Korea:F;Belgium:F,Belgium:F;India:F;Pakistan:F;North Korea:F;Russia:F
0.10339340992005804,4,India:F;Pakistan:F;North Korea:F;Belgium:F,Belgium:F;India:F;Pakistan:F;North Korea:F;Russia:F
0.10358059918425307,4,India:F;Pakistan:F;North Korea:F;Belgium:F,Belgium:F;India:F;Pakistan:F;North Korea:F;Russia:F
0.10364165734845333,4,India:F;Pakistan:F;North Korea:F;Belgium:F,Belgium:F;India:F;Pakistan:F;North Korea:F;Russia:F
0.10387329726430088,4,India:F;Pakistan:F;North Korea:F;Belgium:F,Belgium:F;India:F;Pakistan:F;North Korea:F;Russia:F
0.10442798380116497,4,India:F;Pakistan:F;North Korea:F;Belgium:F,Belgium:F;India:F;Pakistan:F;North Korea:F;Russia:F
0.10464383727897707,4,India:F;Pakistan:F;North Korea:F;Belgium:F,Belgium:F;India:F;Pakistan:F;North Korea:F;Russia:F
0.1047023867071441,4,India:F;Pakistan:F;North Korea:F;Belgium:F,Belgium:F;India:F;Pakistan:F;North Korea:F;Russia:F
0.10474718094726441,4,India:F;Pakistan:F;North Korea:F;Belgium:F,Belgium:F;India:F;Pakistan:F;North Korea:F;Russia:F
0.1049393087439632,4,India:F;Pakistan:F;North Korea:F;Belgium:F,Belgium:F;India:F;Pakistan:F;North Korea:F;Russia:F
0.10500197974921299,4,India:F;Pakistan:F;North Korea:F;Belgium:F,Belgium:F;India:F;Pakistan:F;North Korea:F;Russia:F
0.10523974720751413,4,India:F;Pakistan:F;North Korea:F;Belgium:F,Belgium:F;India:F;Pakistan:F;North Korea:F;Russia:F
0.10552370885011392,4,India:F;Pakistan:F;North Korea:F;Belgium:F,Belgium:F;India:F;Pakistan:F;North Korea:F;Russia:F
0.10576971970100613,4,India:F;Pakistan:F;North Korea:F;Belgium:F,Belgium:F;India:F;Pakistan:F;North Korea:F;Russia:F
0.10580916350269931,4,India:F;Pakistan:F;North Korea:F;Belgium:F,Belgium:F;India:F;Pakistan:F;North Korea:F;Russia:F
0.10603077061735801,4,India:F;Pakistan:F;North Korea:F;Belgium:F,Belgium:F;India:F;Pakistan:F;North Korea:F;Russia:F
0.10609088278659719,4,India:F;Pakistan:F;North Korea:F;Belgium:F,Belgium:F;India:F;Pakistan:F;North Korea:F;Russia:F
0.1061368732304452,4,India:F;Pakistan:F;North Korea:F;Belgium:F,Belgium:F;India:F;Pakistan:F;North Korea:F;Russia:F
0.1063341376059955,4,India:F;Pakistan:F;North Korea:F;Belgium:F,Belgium:F;India:F;Pakistan:F;North Korea:F;Russia:F
0.10639848621102259,4,India:F;Pakistan:F;North Korea:F;Belgium:F,Belgium:F;India:F;Pakistan:F;North Korea:F;Russia:F
0.1066426276038357,4,India:F;Pakistan:F;North Korea:F;Belgium:F,Belgium:F;India:F;Pakistan:F;North Korea:F;Russia:F
0.10711699939192494,4,India:F;Pakistan:F;North Korea:F;Belgium:F,Belgium:F;India:F;Pakistan:F;North Korea:F;Russia:F
0.10718686022115899,4,India:F;Pakistan:F;North Korea:F;Belgium:F,Belgium:F;India:F;Pakistan:F;North Korea:F;Russia:F
0.10722736827035963,4,India:F;Pakistan:F;North Korea:F;Belgium:F,Belgium:F;India:F;Pakistan:F;North Korea:F;Russia:F
0.107454962173092,4,India:F;Pakistan:F;North Korea:F;Belgium:F,Belgium:F;India:F;Pakistan:F;North Korea:F;Russia:F
0.10751670049532863,4,India:F;Pakistan:F;North Korea:F;Belgium:F,Belgium:F;India:F;Pakistan:F;North Korea:F;Russia:F
0.10776654544001316,4,India:F;Pakistan:F;North Korea:F;Belgium:F,Belgium:F;India:F;Pakistan:F;North Korea:F;Russia:F
0.10783263991744182,4,India:F;Pakistan:F;North Korea:F;Belgium:F,Belgium:F;India:F;Pakistan:F;North Korea:F;Russia:F
0.10838295160755174,4,India:F;Pakistan:F;North Korea:F;Belgium:F,Belgium:F;India:F;Pakistan:F;North Korea:F;Russia:F
0.10857072061873721,4,India:F;Pakistan:F;North Korea:F;Belgium:F,Belgium:F;India:F;Pakistan:F;North Korea:F;Russia:F
0.10864249116042028,4,India:F;Pakistan:F;North Korea:F;Belgium:F,Belgium:F;India:F;Pakistan:F;North Korea:F;Russia:F
0.10868410711774078,4,India:F;Pakistan:F;North Korea:F;Belgium:F,Belgium:F;India:F;Pakistan:F;North Korea:F;Russia:F
0.10898136509412829,4,India:F;Pakistan:F;North Korea:F;Belgium:F,Belgium:F;India:F;Pakistan:F;North Korea:F;Russia:F
0.10902989630095083,4,India:F;Pakistan:F;North Korea:F;Belgium:F,Belgium:F;India:F;Pakistan:F;North Korea:F;Russia:F
0.10923807164142885,4,India:F;Pakistan:F;North Korea:F;Belgium:F,Belgium:F;India:F;Pakistan:F;North Korea:F;Russia:F
0.10987147596537744,4,India:F;Pakistan:F;North Korea:F;Belgium:F,Belgium:F;India:F;Pakistan:F;North Korea:F;Russia:F
0.11006444259968057,4,India:F;Pakistan:F;North Korea:F;Belgium:F,Belgium:F;India:F;Pakistan:F;North Korea:F;Russia:F
0.11013820224337664,4,India:F;Pakistan:F;North Korea:F;Belgium:F,Belgium:F;India:F;Pakistan:F;North Korea:F;Russia:F
0.11042129108731485,4,India:F;Pakistan:F;North Korea:F;Belgium:F,Belgium:F;India:F;Pakistan:F;North Korea:F;Russia:F
0.11119902175705834,4,India:F;Pakistan:F;North Korea:F;Belgium:F,Belgium:F;India:F;Pakistan:F;North Korea:F;Russia:F
0.11132896711103782,4,India:F;Pakistan:F;North Korea:F;Belgium:F,Belgium:F;India:F;Pakistan:F;North Korea:F;Russia:F
0.1114014562684914,4,India:F;Pakistan:F;North Korea:F;Belgium:F,Belgium:F;India:F;Pakistan:F;North Korea:F;Russia:F
0.11147114933099923,4,India:F;Pakistan:F;North Korea:F;Belgium:F,Belgium:F;India:F;Pakistan:F;North Korea:F;Russia:F
0.11159983936390583,4,India:F;Pakistan:F;North Korea:F;Belgium:F,Belgium:F;India:F;Pakistan:F;North Korea:F;Russia:F
0.11167567196139526,4,India:F;Pakistan:F;North Korea:F;Belgium:F,Belgium:F;India:F;Pakistan:F;North Korea:F;Russia:F
0.11184147598056257,4,India:F;Pakistan:F;North Korea:F;Belgium:F,Belgium:F;India:F;Pakistan:F;North Korea:F;Russia:F
0.1119036082474113,4,India:F;Pakistan:F;North Korea:F;Belgium:F,Belgium:F;India:F;Pakistan:F;North Korea:F;Russia:F
0.11196672994726507,4,India:F;Pakistan:F;North Korea:F;Belgium:F,Belgium:F;India:F;Pakistan:F;North Korea:F;Russia:F
0.11230506893287513,4,India:F;Pakistan:F;North Korea:F;Belgium:F,Belgium:F;India:F;Pakistan:F;North Korea:F;Russia:F
0.11276646178677005,4,India:F;Pakistan:F;North Korea:F;Belgium:F,Belgium:F;India:F;Pakistan:F;North Korea:F;Russia:F
0.11290009853055548,4,India:F;Pakistan:F;North Korea:F;Belgium:F,Belgium:F;India:F;Pakistan:F;North Korea:F;Russia:F
0.11297464881846622,4,India:F;Pakistan:F;North Korea:F;Belgium:F,Belgium:F;India:F;Pakistan:F;North Korea:F;Russia:F
0.11310865095927104,4,India:F;Pakistan:F;North Korea:F;Belgium:F,Belgium:F;India:F;Pakistan:F;North Korea:F;Russia:F
0.11325667385601816,4,India:F;Pakistan:F;North Korea:F;Belgium:F,Belgium:F;India:F;Pakistan:F;North Korea:F;Russia:F
0.11342720929353065,4,India:F;Pakistan:F;North Korea:F;Belgium:F,Belgium:F;India:F;Pakistan:F;North Korea:F;Russia:F
0.11349111642642937,4,India:F;Pakistan:F;North Korea:F;Belgium:F,Belgium:F;India:F;Pakistan:F;North Korea:F;Russia:F
0.11354710029977114,4,India:F;Pakistan:F;North Korea:F;Belgium:F,Belgium:F;India:F;Pakistan:F;North Korea:F;Russia:F
0.11355604228734853,4,India:F;Pakistan:F;North Korea:F;Belgium:F,Belgium:F;India:F;Pakistan:F;North Korea:F;Russia:F
0.11364364872224243,4,India:F;Pakistan:F;North Korea:F;Belgium:F,Belgium:F;India:F;Pakistan:F;North Korea:F;Russia:F
0.11451620995394879,4,India:F;Pakistan:F;North Korea:F;Belgium:F,Belgium:F;India:F;Pakistan:F;North Korea:F;Russia:F
0.11459291054672904,4,India:F;Pakistan:F;North Korea:F;Belgium:F,Belgium:F;India:F;Pakistan:F;North Korea:F;Russia:F
0.11505855565265884,4,India:F;Pakistan:F;North Korea:F;Belgium:F,Belgium:F;India:F;Pakistan:F;North Korea:F;Russia:F
0.11519112329586254,4,India:F;Pakistan:F;North Korea:F;Belgium:F,Belgium:F;India:F;Pakistan:F;North Korea:F;Russia:F
0.11519428260316392,4,India:F;Pakistan:F;North Korea:F;Belgium:F,Belgium:F;India:F;Pakistan:F;North Korea:F;Russia:F
0.11528127176635103,4,India:F;Pakistan:F;North Korea:F;Belgium:F,Belgium:F;India:F;Pakistan:F;North Korea:F;Russia:F
0.11603775351105171,4,India:F;Pakistan:F;North Korea:F;Belgium:F,Belgium:F;India:F;Pakistan:F;North Korea:F;Russia:F
0.11625820632646554,4,India:F;Pakistan:F;North Korea:F;Belgium:F,Belgium:F;India:F;Pakistan:F;North Korea:F;Russia:F
0.11647428100784403,4,India:F;Pakistan:F;North Korea:F;Belgium:F,Belgium:F;India:F;Pakistan:F;North Korea:F;Russia:F
0.11680520469782274,4,India:F;Pakistan:F;North Korea:F;Belgium:F,Belgium:F;India:F;Pakistan:F;North Korea:F;Russia:F
0.11687397891020294,4,India:F;Pakistan:F;North Korea:F;Belgium:F,Belgium:F;India:F;Pakistan:F;North Korea:F;Russia:F
0.11774562067465819,4,India:F;Pakistan:F;North Korea:F;Belgium:F,Belgium:F;India:F;Pakistan:F;North Korea:F;Russia:F
0.1181951174229028,4,India:F;Pakistan:F;North Korea:F;Belgium:F,Belgium:F;India:F;Pakistan:F;North Korea:F;Russia:F
0.11853590604401182,4,India:F;Pakistan:F;North Korea:F;Belgium:F,Belgium:F;India:F;Pakistan:F;North Korea:F;Russia:F
0.11937788264364493,4,India:F;Pakistan:F;North Korea:F;Belgium:F,Belgium:F;India:F;Pakistan:F;North Korea:F;Russia:F
0.11950451229637811,4,India:F;Pakistan:F;North Korea:F;Belgium:F,Belgium:F;India:F;Pakistan:F;North Korea:F;Russia:F
0.11988724279601332,4,India:F;Pakistan:F;North Korea:F;Belgium:F,Belgium:F;India:F;Pakistan:F;North Korea:F;Russia:F
0.11996756497657103,4,India:F;Pakistan:F;North Korea:F;Belgium:F,Belgium:F;India:F;Pakistan:F;North Korea:F;Russia:F
0.12031866630963936,4,India:F;Pakistan:F;North Korea:F;Belgium:F,Belgium:F;India:F;Pakistan:F;North Korea:F;Russia:F
0.12033940158091272,4,India:F;Pakistan:F;North Korea:F;Belgium:F,Belgium:F;India:F;Pakistan:F;North Korea:F;Russia:F
0.12039509246782884,4,India:F;Pakistan:F;North Korea:F;Belgium:F,Belgium:F;India:F;Pakistan:F;North Korea:F;Russia:F
0.12118625242108842,4,India:F;Pakistan:F;North Korea:F;Belgium:F,Belgium:F;India:F;Pakistan:F;North Korea:F;Russia:F
0.12129759059212676,4,India:F;Pakistan:F;North Korea:F;Belgium:F,Belgium:F;India:F;Pakistan:F;North Korea:F;Russia:F
0.12179398089110965,4,India:F;Pakistan:F;North Korea:F;Belgium:F,Belgium:F;India:F;Pakistan:F;North Korea:F;Russia:F
0.1221772436290534,4,India:F;Pakistan:F;North Korea:F;Belgium:F,Belgium:F;India:F;Pakistan:F;North Korea:F;Russia:F
0.12223464895072828,4,India:F;Pakistan:F;North Korea:F;Belgium:F,Belgium:F;India:F;Pakistan:F;North Korea:F;Russia:F
0.12305025228786792,4,India:F;Pakistan:F;North Korea:F;Belgium:F,Belgium:F;India:F;Pakistan:F;North Korea:F;Russia:F
0.12307487302704405,4,India:F;Pakistan:F;North Korea:F;Belgium:F,Belgium:F;India:F;Pakistan:F;North Korea:F;Russia:F
0.12329267658289335,4,India:F;Pakistan:F;North Korea:F;Belgium:F,Belgium:F;India:F;Pakistan:F;North Korea:F;Russia:F
0.12331749652573841,4,India:F;Pakistan:F;North Korea:F;Belgium:F,Belgium:F;India:F;Pakistan:F;North Korea:F;Russia:F
0.1235507269908925,4,India:F;Pakistan:F;North Korea:F;Belgium:F,Belgium:F;India:F;Pakistan:F;North Korea:F;Russia:F
0.12367686815571334,4,India:F;Pakistan:F;North Korea:F;Belgium:F,Belgium:F;India:F;Pakistan:F;North Korea:F;Russia:F
0.12388343702156848,4,India:F;Pakistan:F;North Korea:F;Belgium:F,Belgium:F;India:F;Pakistan:F;North Korea:F;Russia:F
0.1238893201434788,4,India:F;Pakistan:F;North Korea:F;Belgium:F,Belgium:F;India:F;Pakistan:F;North Korea:F;Russia:F
0.12407209190406963,4,India:F;Pakistan:F;North Korea:F;Belgium:F,Belgium:F;India:F;Pakistan:F;North Korea:F;Russia:F
0.12413129206438964,4,India:F;Pakistan:F;North Korea:F;Belgium:F,Belgium:F;India:F;Pakistan:F;North Korea:F;Russia:F
0.12497248933051325,4,India:F;Pakistan:F;North Korea:F;Belgium:F,Belgium:F;India:F;Pakistan:F;North Korea:F;Russia:F
0.12499788538611212,4,India:F;Pakistan:F;North Korea:F;Belgium:F,Belgium:F;India:F;Pakistan:F;North Korea:F;Russia:F
0.1252225545731269,4,India:F;Pakistan:F;North Korea:F;Belgium:F,Belgium:F;India:F;Pakistan:F;North Korea:F;Russia:F
0.1252481576819635,4,India:F;Pakistan:F;North Korea:F;Belgium:F,Belgium:F;India:F;Pakistan:F;North Korea:F;Russia:F
0.12548875536013335,4,India:F;Pakistan:F;North Korea:F;Belgium:F,Belgium:F;India:F;Pakistan:F;North Korea:F;Russia:F
0.12583199959622815,4,India:F;Pakistan:F;North Korea:F;Belgium:F,Belgium:F;India:F;Pakistan:F;North Korea:F;Russia:F
0.12602664051968457,4,India:F;Pakistan:F;North Korea:F;Belgium:F,Belgium:F;India:F;Pakistan:F;North Korea:F;Russia:F
0.12608772103000324,4,India:F;Pakistan:F;North Korea:F;Belgium:F,Belgium:F;India:F;Pakistan:F;North Korea:F;Russia:F
0.12695573612784888,4,India:F;Pakistan:F;North Korea:F;Belgium:F,Belgium:F;India:F;Pakistan:F;North Korea:F;Russia:F
0.12724023328216533,4,India:F;Pakistan:F;North Korea:F;Belgium:F,Belgium:F;India:F;Pakistan:F;North Korea:F;Russia:F
0.12769523648579892,4,India:F;Pakistan:F;North Korea:F;Belgium:F,Belgium:F;India:F;Pakistan:F;North Korea:F;Russia:F
0.12784283961406537,4,India:F;Pakistan:F;North Korea:F;Belgium:F,Belgium:F;India:F;Pakistan:F;North Korea:F;Russia:F
0.12784910481252273,4,India:F;Pakistan:F;North Korea:F;Belgium:F,Belgium:F;India:F;Pakistan:F;North Korea:F;Russia:F
0.1280437560718416,4,India:F;Pakistan:F;North Korea:F;Belgium:F,Belgium:F;India:F;Pakistan:F;North Korea:F;Russia:F
0.12810680796306462,4,India:F;Pakistan:F;North Korea:F;Belgium:F,Belgium:F;India:F;Pakistan:F;North Korea:F;Russia:F
0.128184297569492,4,India:F;Pakistan:F;North Korea:F;Belgium:F,Belgium:F;India:F;Pakistan:F;North Korea:F;Russia:F
0.1290029440941149,4,India:F;Pakistan:F;North Korea:F;Belgium:F,Belgium:F;India:F;Pakistan:F;North Korea:F;Russia:F
0.12913387701657064,4,India:F;Pakistan:F;North Korea:F;Belgium:F,Belgium:F;India:F;Pakistan:F;North Korea:F;Russia:F
0.12929670108322075,4,India:F;Pakistan:F;North Korea:F;Belgium:F,Belgium:F;India:F;Pakistan:F;North Korea:F;Russia:F
0.12976655789814284,4,India:F;Pakistan:F;North Korea:F;Belgium:F,Belgium:F;India:F;Pakistan:F;North Korea:F;Russia:F
0.12991899120855238,4,India:F;Pakistan:F;North Korea:F;Belgium:F,Belgium:F;India:F;Pakistan:F;North Korea:F;Russia:F
0.12992546155656787,4,India:F;Pakistan:F;North Korea:F;Belgium:F,Belgium:F;India:F;Pakistan:F;North Korea:F;Russia:F
0.12994830610785038,4,India:F;Pakistan:F;North Korea:F;Belgium:F,Belgium:F;India:F;Pakistan:F;North Korea:F;Russia:F
0.13012649166652066,4,India:F;Pakistan:F;North Korea:F;Belgium:F,Belgium:F;India:F;Pakistan:F;North Korea:F;Russia:F
0.13019161194174245,4,India:F;Pakistan:F;North Korea:F;Belgium:F,Belgium:F;India:F;Pakistan:F;North Korea:F;Russia:F
0.13043069721689418,4,India:F;Pakistan:F;North Korea:F;Belgium:F,Belgium:F;India:F;Pakistan:F;North Korea:F;Russia:F
0.13104039428674746,4,India:F;Pakistan:F;North Korea:F;Belgium:F,Belgium:F;India:F;Pakistan:F;North Korea:F;Russia:F
0.1311172581342227,4,India:F;Pakistan:F;North Korea:F;Belgium:F,Belgium:F;India:F;Pakistan:F;North Korea:F;Russia:F
0.13125252036950952,4,India:F;Pakistan:F;North Korea:F;Belgium:F,Belgium:F;India:F;Pakistan:F;North Korea:F;Russia:F
0.13139254591749785,4,India:F;Pakistan:F;North Korea:F;Belgium:F,Belgium:F;India:F;Pakistan:F;North Korea:F;Russia:F
0.13156751323127014,4,India:F;Pakistan:F;North Korea:F;Belgium:F,Belgium:F;India:F;Pakistan:F;North Korea:F;Russia:F
0.13168321814734146,4,India:F;Pakistan:F;North Korea:F;Belgium:F,Belgium:F;India:F;Pakistan:F;North Korea:F;Russia:F
0.13190618433649598,4,India:F;Pakistan:F;North Korea:F;Belgium:F,Belgium:F;India:F;Pakistan:F;North Korea:F;Russia:F
0.13207037460386234,4,India:F;Pakistan:F;North Korea:F;Belgium:F,Belgium:F;India:F;Pakistan:F;North Korea:F;Russia:F
0.13209397972183756,4,India:F;Pakistan:F;North Korea:F;Belgium:F,Belgium:F;India:F;Pakistan:F;North Korea:F;Russia:F
0.1323453944716588,4,India:F;Pakistan:F;North Korea:F;Belgium:F,Belgium:F;India:F;Pakistan:F;North Korea:F;Russia:F
0.13259246314358455,4,India:F;Pakistan:F;North Korea:F;Belgium:F,Belgium:F;India:F;Pakistan:F;North Korea:F;Russia:F
0.13302396249778944,4,India:F;Pakistan:F;North Korea:F;Belgium:F,Belgium:F;India:F;Pakistan:F;North Korea:F;Russia:F
0.13322258682492732,4,India:F;Pakistan:F;North Korea:F;Belgium:F,Belgium:F;India:F;Pakistan:F;North Korea:F;Russia:F
0.13344184264067707,4,India:F;Pakistan:F;North Korea:F;Belgium:F,Belgium:F;India:F;Pakistan:F;North Korea:F;Russia:F
0.1335865810404121,4,India:F;Pakistan:F;North Korea:F;Belgium:F,Belgium:F;India:F;Pakistan:F;North Korea:F;Russia:F
0.13376744448402833,4,India:F;Pakistan:F;North Korea:F;Belgium:F,Belgium:F;India:F;Pakistan:F;North Korea:F;Russia:F
0.1343117006038336,4,India:F;Pakistan:F;North Korea:F;Belgium:F,Belgium:F;India:F;Pakistan:F;North Korea:F;Russia:F
0.13450206202998946,4,India:F;Pakistan:F;North Korea:F;Belgium:F,Belgium:F;India:F;Pakistan:F;North Korea:F;Russia:F
0.13457163651151036,4,India:F;Pakistan:F;North Korea:F;Belgium:F,Belgium:F;India:F;Pakistan:F;North Korea:F;Russia:F
0.13496708391186635,4,India:F;Pakistan:F;North Korea:F;Belgium:F,Belgium:F;India:F;Pakistan:F;North Korea:F;Russia:F
0.13548731079630863,4,India:F;Pakistan:F;North Korea:F;Belgium:F,Belgium:F;India:F;Pakistan:F;North Korea:F;Russia:F
0.135855133897176,4,India:F;Pakistan:F;North Korea:F;Belgium:F,Belgium:F;India:F;Pakistan:F;North Korea:F;Russia:F
0.1360421966067888,4,India:F;Pakistan:F;North Korea:F;Belgium:F,Belgium:F;India:F;Pakistan:F;North Korea:F;Russia:F
0.13640432794298166,4,India:F;Pakistan:F;North Korea:F;Belgium:F,Belgium:F;India:F;Pakistan:F;North Korea:F;Russia:F
0.1372831725963029,4,India:F;Pakistan:F;North Korea:F;Belgium:F,Belgium:F;India:F;Pakistan:F;North Korea:F;Russia:F
0.1375999863538988,4,India:F;Pakistan:F;North Korea:F;Belgium:F,Belgium:F;India:F;Pakistan:F;North Korea:F;Russia:F
0.1378125219941596,4,India:F;Pakistan:F;North Korea:F;Belgium:F,Belgium:F;India:F;Pakistan:F;North Korea:F;Russia:F
0.13782144287953554,4,India:F;Pakistan:F;North Korea:F;Belgium:F,Belgium:F;India:F;Pakistan:F;North Korea:F;Russia:F
0.13804715947354226,4,India:F;Pakistan:F;North Korea:F;Belgium:F,Belgium:F;India:F;Pakistan:F;North Korea:F;Russia:F
0.13819960766526448,4,India:F;Pakistan:F;North Korea:F;Belgium:F,Belgium:F;India:F;Pakistan:F;North Korea:F;Russia:F
0.13820206642709082,4,India:F;Pakistan:F;North Korea:F;Belgium:F,Belgium:F;India:F;Pakistan:F;North Korea:F;Russia:F
0.13831893106241136,4,India:F;Pakistan:F;North Korea:F;Belgium:F,Belgium:F;India:F;Pakistan:F;North Korea:F;Russia:F
0.13839565268072837,4,India:F;Pakistan:F;North Korea:F;Belgium:F,Belgium:F;India:F;Pakistan:F;North Korea:F;Russia:F
0.13883140067793637,4,India:F;Pakistan:F;North Korea:F;Belgium:F,Belgium:F;India:F;Pakistan:F;North Korea:F;Russia:F
0.13897830368249145,4,India:F;Pakistan:F;North Korea:F;Belgium:F,Belgium:F;India:F;Pakistan:F;North Korea:F;Russia:F
0.13943121343595608,4,India:F;Pakistan:F;North Korea:F;Belgium:F,Belgium:F;India:F;Pakistan:F;North Korea:F;Russia:F
0.13968013917818725,4,India:F;Pakistan:F;North Korea:F;Belgium:F,Belgium:F;India:F;Pakistan:F;North Korea:F;Russia:F
0.14022817174450208,4,India:F;Pakistan:F;North Korea:F;Belgium:F,Belgium:F;India:F;Pakistan:F;North Korea:F;Russia:F
0.1402374081211535,4,India:F;Pakistan:F;North Korea:F;Belgium:F,Belgium:F;India:F;Pakistan:F;North Korea:F;Russia:F
0.1404711142625458,4,India:F;Pakistan:F;North Korea:F;Belgium:F,Belgium:F;India:F;Pakistan:F;North Korea:F;Russia:F
0.14062896615895695,4,India:F;Pakistan:F;North Korea:F;Belgium:F,Belgium:F;India:F;Pakistan:F;North Korea:F;Russia:F
0.1406315121246398,4,India:F;Pakistan:F;North Korea:F;Belgium:F,Belgium:F;India:F;Pakistan:F;North Korea:F;Russia:F
0.14075252338477626,4,India:F;Pakistan:F;North Korea:F;Belgium:F,Belgium:F;India:F;Pakistan:F;North Korea:F;Russia:F
0.14083196921800817,4,India:F;Pakistan:F;North Korea:F;Belgium:F,Belgium:F;India:F;Pakistan:F;North Korea:F;Russia:F
0.14096408215316844,4,India:F;Pakistan:F;North Korea:F;Belgium:F,Belgium:F;India:F;Pakistan:F;North Korea:F;Russia:F
0.14122008566218172,4,India:F;Pakistan:F;North Korea:F;Belgium:F,Belgium:F;India:F;Pakistan:F;North Korea:F;Russia:F
0.14128321907753918,4,India:F;Pakistan:F;North Korea:F;Belgium:F,Belgium:F;India:F;Pakistan:F;North Korea:F;Russia:F
0.14143535947506242,4,India:F;Pakistan:F;North Korea:F;Belgium:F,Belgium:F;India:F;Pakistan:F;North Korea:F;Russia:F
0.14190445218089948,4,India:F;Pakistan:F;North Korea:F;Belgium:F,Belgium:F;India:F;Pakistan:F;North Korea:F;Russia:F
0.14273001792788811,4,India:F;Pakistan:F;North Korea:F;Belgium:F,Belgium:F;India:F;Pakistan:F;North Korea:F;Russia:F
0.14298171435436155,4,India:F;Pakistan:F;North Korea:F;Belgium:F,Belgium:F;India:F;Pakistan:F;North Korea:F;Russia:F
0.14300745289387956,4,India:F;Pakistan:F;North Korea:F;Belgium:F,Belgium:F;India:F;Pakistan:F;North Korea:F;Russia:F
0.14314526244243597,4,India:F;Pakistan:F;North Korea:F;Belgium:F,Belgium:F;India:F;Pakistan:F;North Korea:F;Russia:F
0.14322577364267,4,India:F;Pakistan:F;North Korea:F;Belgium:F,Belgium:F;India:F;Pakistan:F;North Korea:F;Russia:F
0.143273282897456,4,India:F;Pakistan:F;North Korea:F;Belgium:F,Belgium:F;India:F;Pakistan:F;North Korea:F;Russia:F
0.14335560066043818,4,India:F;Pakistan:F;North Korea:F;Belgium:F,Belgium:F;India:F;Pakistan:F;North Korea:F;Russia:F
0.14375777125865058,4,India:F;Pakistan:F;North Korea:F;Belgium:F,Belgium:F;India:F;Pakistan:F;North Korea:F;Russia:F
0.14382319456582354,4,India:F;Pakistan:F;North Korea:F;Belgium:F,Belgium:F;India:F;Pakistan:F;North Korea:F;Russia:F
0.14398085751762912,4,India:F;Pakistan:F;North Korea:F;Belgium:F,Belgium:F;India:F;Pakistan:F;North Korea:F;Russia:F
0.1453227579080819,4,India:F;Pakistan:F;North Korea:F;Belgium:F,Belgium:F;India:F;Pakistan:F;North Korea:F;Russia:F
0.1456103739811253,4,India:F;Pakistan:F;North Korea:F;Belgium:F,Belgium:F;India:F;Pakistan:F;North Korea:F;Russia:F
0.14575324831517517,4,India:F;Pakistan:F;North Korea:F;Belgium:F,Belgium:F;India:F;Pakistan:F;North Korea:F;Russia:F
0.1458859782770128,4,India:F;Pakistan:F;North Korea:F;Belgium:F,Belgium:F;India:F;Pakistan:F;North Korea:F;Russia:F
0.1459713265602183,4,India:F;Pakistan:F;North Korea:F;Belgium:F,Belgium:F;India:F;Pakistan:F;North Korea:F;Russia:F
0.14638832874345534,4,India:F;Pakistan:F;North Korea:F;Belgium:F,Belgium:F;India:F;Pakistan:F;North Korea:F;Russia:F
0.14645616882383805,4,India:F;Pakistan:F;North Korea:F;Belgium:F,Belgium:F;India:F;Pakistan:F;North Korea:F;Russia:F
0.14695253175764933,4,India:F;Pakistan:F;North Korea:F;Belgium:F,Belgium:F;India:F;Pakistan:F;North Korea:F;Russia:F
0.14726025990612251,4,India:F;Pakistan:F;North Korea:F;Belgium:F,Belgium:F;India:F;Pakistan:F;North Korea:F;Russia:F
0.14801143668062766,4,India:F;Pakistan:F;North Korea:F;Belgium:F,Belgium:F;India:F;Pakistan:F;North Korea:F;Russia:F
0.1481172331994074,4,India:F;Pakistan:F;North Korea:F;Belgium:F,Belgium:F;India:F;Pakistan:F;North Korea:F;Russia:F
0.148309804747927,4,India:F;Pakistan:F;North Korea:F;Belgium:F,Belgium:F;India:F;Pakistan:F;North Korea:F;Russia:F
0.1484580282980383,4,India:F;Pakistan:F;North Korea:F;Belgium:F,Belgium:F;India:F;Pakistan:F;North Korea:F;Russia:F
0.1486842817916916,4,India:F;Pakistan:F;North Korea:F;Belgium:F,Belgium:F;India:F;Pakistan:F;North Korea:F;Russia:F
0.14877940871645298,4,India:F;Pakistan:F;North Korea:F;Belgium:F,Belgium:F;India:F;Pakistan:F;North Korea:F;Russia:F
0.1488315454796601,4,India:F;Pakistan:F;North Korea:F;Belgium:F,Belgium:F;India:F;Pakistan:F;North Korea:F;Russia:F
0.14911695140641837,4,India:F;Pakistan:F;North Korea:F;Belgium:F,Belgium:F;India:F;Pakistan:F;North Korea:F;Russia:F
0.14918734469140102,4,India:F;Pakistan:F;North Korea:F;Belgium:F,Belgium:F;India:F;Pakistan:F;North Korea:F;Russia:F
0.14930132496975976,4,India:F;Pakistan:F;North Korea:F;Belgium:F,Belgium:F;India:F;Pakistan:F;North Korea:F;Russia:F
0.1494033007955409,4,India:F;Pakistan:F;North Korea:F;Belgium:F,Belgium:F;India:F;Pakistan:F;North Korea:F;Russia:F
0.14997701249301118,4,India:F;Pakistan:F;North Korea:F;Belgium:F,Belgium:F;India:F;Pakistan:F;North Korea:F;Russia:F
0.15068559307998428,4,India:F;Pakistan:F;North Korea:F;Belgium:F,Belgium:F;India:F;Pakistan:F;North Korea:F;Russia:F
0.15080147963746596,4,India:F;Pakistan:F;North Korea:F;Belgium:F,Belgium:F;India:F;Pakistan:F;North Korea:F;Russia:F
0.15091130379651427,4,India:F;Pakistan:F;North Korea:F;Belgium:F,Belgium:F;India:F;Pakistan:F;North Korea:F;Russia:F
0.1514080563831314,4,India:F;Pakistan:F;North Korea:F;Belgium:F,Belgium:F;India:F;Pakistan:F;North Korea:F;Russia:F
0.15165288717652697,4,India:F;Pakistan:F;North Korea:F;Belgium:F,Belgium:F;India:F;Pakistan:F;North Korea:F;Russia:F
0.15194922709554962,4,India:F;Pakistan:F;North Korea:F;Belgium:F,Belgium:F;India:F;Pakistan:F;North Korea:F;Russia:F
0.15214067552445923,4,India:F;Pakistan:F;North Korea:F;Belgium:F,Belgium:F;India:F;Pakistan:F;North Korea:F;Russia:F
0.1522465682749243,4,India:F;Pakistan:F;North Korea:F;Belgium:F,Belgium:F;India:F;Pakistan:F;North Korea:F;Russia:F
0.15271738665173404,4,India:F;Pakistan:F;North Korea:F;Belgium:F,Belgium:F;India:F;Pakistan:F;North Korea:F;Russia:F
0.15284156266590282,4,India:F;Pakistan:F;North Korea:F;Belgium:F,Belgium:F;India:F;Pakistan:F;North Korea:F;Russia:F
0.15284236770434315,4,India:F;Pakistan:F;North Korea:F;Belgium:F,Belgium:F;India:F;Pakistan:F;North Korea:F;Russia:F
0.15288887372655421,4,India:F;Pakistan:F;North Korea:F;Belgium:F,Belgium:F;India:F;Pakistan:F;North Korea:F;Russia:F
0.1535783486487826,4,India:F;Pakistan:F;North Korea:F;Belgium:F,Belgium:F;India:F;Pakistan:F;North Korea:F;Russia:F
0.1538128153598349,4,India:F;Pakistan:F;North Korea:F;Belgium:F,Belgium:F;India:F;Pakistan:F;North Korea:F;Russia:F
0.1539665376231798,4,India:F;Pakistan:F;North Korea:F;Belgium:F,Belgium:F;India:F;Pakistan:F;North Korea:F;Russia:F
0.15406617497281214,4,India:F;Pakistan:F;North Korea:F;Belgium:F,Belgium:F;India:F;Pakistan:F;North Korea:F;Russia:F
0.15432888596662905,4,India:F;Pakistan:F;North Korea:F;Belgium:F,Belgium:F;India:F;Pakistan:F;North Korea:F;Russia:F
0.15442440212184091,4,India:F;Pakistan:F;North Korea:F;Belgium:F,Belgium:F;India:F;Pakistan:F;North Korea:F;Russia:F
0.15450052558862237,4,India:F;Pakistan:F;North Korea:F;Belgium:F,Belgium:F;India:F;Pakistan:F;North Korea:F;Russia:F
0.15458326192401986,4,India:F;Pakistan:F;North Korea:F;Belgium:F,Belgium:F;India:F;Pakistan:F;North Korea:F;Russia:F
0.1549313142370123,4,India:F;Pakistan:F;North Korea:F;Belgium:F,Belgium:F;India:F;Pakistan:F;North Korea:F;Russia:F
0.15509011488008706,4,India:F;Pakistan:F;North Korea:F;Belgium:F,Belgium:F;India:F;Pakistan:F;North Korea:F;Russia:F
0.15520015464243028,4,India:F;Pakistan:F;North Korea:F;Belgium:F,Belgium:F;India:F;Pakistan:F;North Korea:F;Russia:F
0.15581850565293537,4,India:F;Pakistan:F;North Korea:F;Belgium:F,Belgium:F;India:F;Pakistan:F;North Korea:F;Russia:F
0.15581934235683723,4,India:F;Pakistan:F;North Korea:F;Belgium:F,Belgium:F;India:F;Pakistan:F;North Korea:F;Russia:F
0.15586767794293785,4,India:F;Pakistan:F;North Korea:F;Belgium:F,Belgium:F;India:F;Pakistan:F;North Korea:F;Russia:F
0.15658434427605367,4,India:F;Pakistan:F;North Korea:F;Belgium:F,Belgium:F;India:F;Pakistan:F;North Korea:F;Russia:F
0.1568280865498,4,India:F;Pakistan:F;North Korea:F;Belgium:F,Belgium:F;India:F;Pakistan:F;North Korea:F;Russia:F
0.15698623911821302,4,India:F;Pakistan:F;North Korea:F;Belgium:F,Belgium:F;India:F;Pakistan:F;North Korea:F;Russia:F
0.15698789801137383,4,India:F;Pakistan:F;North Korea:F;Belgium:F,Belgium:F;India:F;Pakistan:F;North Korea:F;Russia:F
0.15716668112922688,4,India:F;Pakistan:F;North Korea:F;Belgium:F,Belgium:F;India:F;Pakistan:F;North Korea:F;Russia:F
0.1573646243626853,4,India:F;Pakistan:F;North Korea:F;Belgium:F,Belgium:F;India:F;Pakistan:F;North Korea:F;Russia:F
0.15754308680285933,4,India:F;Pakistan:F;North Korea:F;Belgium:F,Belgium:F;India:F;Pakistan:F;North Korea:F;Russia:F
0.15788163902168767,4,India:F;Pakistan:F;North Korea:F;Belgium:F,Belgium:F;India:F;Pakistan:F;North Korea:F;Russia:F
0.1579910340549878,4,India:F;Pakistan:F;North Korea:F;Belgium:F,Belgium:F;India:F;Pakistan:F;North Korea:F;Russia:F
0.15815617224540385,4,India:F;Pakistan:F;North Korea:F;Belgium:F,Belgium:F;India:F;Pakistan:F;North Korea:F;Russia:F
0.15827060748709892,4,India:F;Pakistan:F;North Korea:F;Belgium:F,Belgium:F;India:F;Pakistan:F;North Korea:F;Russia:F
0.15891371790948638,4,India:F;Pakistan:F;North Korea:F;Belgium:F,Belgium:F;India:F;Pakistan:F;North Korea:F;Russia:F
0.15891458818456555,4,India:F;Pakistan:F;North Korea:F;Belgium:F,Belgium:F;India:F;Pakistan:F;North Korea:F;Russia:F
0.1597782206890269,4,India:F;Pakistan:F;North Korea:F;Belgium:F,Belgium:F;India:F;Pakistan:F;North Korea:F;Russia:F
0.15996394140575357,4,India:F;Pakistan:F;North Korea:F;Belgium:F,Belgium:F;India:F;Pakistan:F;North Korea:F;Russia:F
0.1601302111688125,4,India:F;Pakistan:F;North Korea:F;Belgium:F,Belgium:F;India:F;Pakistan:F;North Korea:F;Russia:F
0.16031622730123868,4,India:F;Pakistan:F;North Korea:F;Belgium:F,Belgium:F;India:F;Pakistan:F;North Korea:F;Russia:F
0.1605221886015808,4,India:F;Pakistan:F;North Korea:F;Belgium:F,Belgium:F;India:F;Pakistan:F;North Korea:F;Russia:F
0.1610601949670056,4,India:F;Pakistan:F;North Korea:F;Belgium:F,Belgium:F;India:F;Pakistan:F;North Korea:F;Russia:F
0.16117404072460031,4,India:F;Pakistan:F;North Korea:F;Belgium:F,Belgium:F;India:F;Pakistan:F;North Korea:F;Russia:F
0.16134590355971393,4,India:F;Pakistan:F;North Korea:F;Belgium:F,Belgium:F;India:F;Pakistan:F;North Korea:F;Russia:F
0.16146276756279418,4,India:F;Pakistan:F;North Korea:F;Belgium:F,Belgium:F;India:F;Pakistan:F;North Korea:F;Russia:F
0.16175784957216252,4,India:F;Pakistan:F;North Korea:F;Belgium:F,Belgium:F;India:F;Pakistan:F;North Korea:F;Russia:F
0.16271840315599143,4,India:F;Pakistan:F;North Korea:F;Belgium:F,Belgium:F;India:F;Pakistan:F;North Korea:F;Russia:F
0.16296373674063044,4,India:F;Pakistan:F;North Korea:F;Belgium:F,Belgium:F;India:F;Pakistan:F;North Korea:F;Russia:F
0.16303438875737394,4,India:F;Pakistan:F;North Korea:F;Belgium:F,Belgium:F;India:F;Pakistan:F;North Korea:F;Russia:F
0.16322776090337096,4,India:F;Pakistan:F;North Korea:F;Belgium:F,Belgium:F;India:F;Pakistan:F;North Korea:F;Russia:F
0.1633990913237763,4,India:F;Pakistan:F;North Korea:F;Belgium:F,Belgium:F;India:F;Pakistan:F;North Korea:F;Russia:F
0.16340088851673196,4,India:F;Pakistan:F;North Korea:F;Belgium:F,Belgium:F;India:F;Pakistan:F;North Korea:F;Russia:F
0.1634977910102038,4,India:F;Pakistan:F;North Korea:F;Belgium:F,Belgium:F;India:F;Pakistan:F;North Korea:F;Russia:F
0.16359458564849827,4,India:F;Pakistan:F;North Korea:F;Belgium:F,Belgium:F;India:F;Pakistan:F;North Korea:F;Russia:F
0.1638090622497179,4,India:F;Pakistan:F;North Korea:F;Belgium:F,Belgium:F;India:F;Pakistan:F;North Korea:F;Russia:F
0.16400244985105075,4,India:F;Pakistan:F;North Korea:F;Belgium:F,Belgium:F;India:F;Pakistan:F;North Korea:F;Russia:F
0.16436936521808404,4,India:F;Pakistan:F;North Korea:F;Belgium:F,Belgium:F;India:F;Pakistan:F;North Korea:F;Russia:F
0.16448793894589675,4,India:F;Pakistan:F;North Korea:F;Belgium:F,Belgium:F;India:F;Pakistan:F;North Korea:F;Russia:F
0.16466694570230858,4,India:F;Pakistan:F;North Korea:F;Belgium:F,Belgium:F;India:F;Pakistan:F;North Korea:F;Russia:F
0.16478867194214109,4,India:F;Pakistan:F;North Korea:F;Belgium:F,Belgium:F;India:F;Pakistan:F;North Korea:F;Russia:F
0.16490890090662713,4,India:F;Pakistan:F;North Korea:F;Belgium:F,Belgium:F;India:F;Pakistan:F;North Korea:F;Russia:F
0.16509604726956106,4,India:F;Pakistan:F;North Korea:F;Belgium:F,Belgium:F;India:F;Pakistan:F;North Korea:F;Russia:F
0.16602453921668192,4,India:F;Pakistan:F;North Korea:F;Belgium:F,Belgium:F;India:F;Pakistan:F;North Korea:F;Russia:F
0.16609677847637008,4,India:F;Pakistan:F;North Korea:F;Belgium:F,Belgium:F;India:F;Pakistan:F;North Korea:F;Russia:F
0.16635241309740217,4,India:F;Pakistan:F;North Korea:F;Belgium:F,Belgium:F;India:F;Pakistan:F;North Korea:F;Russia:F
0.1666275409552408,4,India:F;Pakistan:F;North Korea:F;Belgium:F,Belgium:F;India:F;Pakistan:F;North Korea:F;Russia:F
0.16700982350800078,4,India:F;Pakistan:F;North Korea:F;Belgium:F,Belgium:F;India:F;Pakistan:F;North Korea:F;Russia:F
0.16729762534990442,4,India:F;Pakistan:F;North Korea:F;Belgium:F,Belgium:F;India:F;Pakistan:F;North Korea:F;Russia:F
0.16743491692177304,4,India:F;Pakistan:F;North Korea:F;Belgium:F,Belgium:F;India:F;Pakistan:F;North Korea:F;Russia:F
0.16748573889864485,4,India:F;Pakistan:F;North Korea:F;Belgium:F,Belgium:F;India:F;Pakistan:F;North Korea:F;Russia:F
0.16775559160832718,4,India:F;Pakistan:F;North Korea:F;Belgium:F,Belgium:F;India:F;Pakistan:F;North Korea:F;Russia:F
0.16781736953087895,4,India:F;Pakistan:F;North Korea:F;Belgium:F,Belgium:F;India:F;Pakistan:F;North Korea:F;Russia:F
0.16793705474969278,4,India:F;Pakistan:F;North Korea:F;Belgium:F,Belgium:F;India:F;Pakistan:F;North Korea:F;Russia:F
0.16799642315749425,4,India:F;Pakistan:F;North Korea:F;Belgium:F,Belgium:F;India:F;Pakistan:F;North Korea:F;Russia:F
0.16812757753748683,4,India:F;Pakistan:F;North Korea:F;Belgium:F,Belgium:F;India:F;Pakistan:F;North Korea:F;Russia:F
0.1682544758960449,4,India:F;Pakistan:F;North Korea:F;Belgium:F,Belgium:F;India:F;Pakistan:F;North Korea:F;Russia:F
0.16910600224989042,4,India:F;Pakistan:F;North Korea:F;Belgium:F,Belgium:F;India:F;Pakistan:F;North Korea:F;Russia:F
0.1693613922970609,4,India:F;Pakistan:F;North Korea:F;Belgium:F,Belgium:F;India:F;Pakistan:F;North Korea:F;Russia:F
0.16954307814498173,4,India:F;Pakistan:F;North Korea:F;Belgium:F,Belgium:F;India:F;Pakistan:F;North Korea:F;Russia:F
0.16961250263159308,4,India:F;Pakistan:F;North Korea:F;Belgium:F,Belgium:F;India:F;Pakistan:F;North Korea:F;Russia:F
0.16988501078402726,4,India:F;Pakistan:F;North Korea:F;Belgium:F,Belgium:F;India:F;Pakistan:F;North Korea:F;Russia:F
0.17017195781400152,4,India:F;Pakistan:F;North Korea:F;Belgium:F,Belgium:F;India:F;Pakistan:F;North Korea:F;Russia:F
0.17036013799581945,4,India:F;Pakistan:F;North Korea:F;Belgium:F,Belgium:F;India:F;Pakistan:F;North Korea:F;Russia:F
0.17046547308336366,4,India:F;Pakistan:F;North Korea:F;Belgium:F,Belgium:F;India:F;Pakistan:F;North Korea:F;Russia:F
0.17057069624238552,4,India:F;Pakistan:F;North Korea:F;Belgium:F,Belgium:F;India:F;Pakistan:F;North Korea:F;Russia:F
0.17087091258960593,4,India:F;Pakistan:F;North Korea:F;Belgium:F,Belgium:F;India:F;Pakistan:F;North Korea:F;Russia:F
0.1710141340884669,4,India:F;Pakistan:F;North Korea:F;Belgium:F,Belgium:F;India:F;Pakistan:F;North Korea:F;Russia:F
0.1710671524523663,4,India:F;Pakistan:F;North Korea:F;Belgium:F,Belgium:F;India:F;Pakistan:F;North Korea:F;Russia:F
0.1714131321484032,4,India:F;Pakistan:F;North Korea:F;Belgium:F,Belgium:F;India:F;Pakistan:F;North Korea:F;Russia:F
0.17153800312755335,4,India:F;Pakistan:F;North Korea:F;Belgium:F,Belgium:F;India:F;Pakistan:F;North Korea:F;Russia:F
0.1715420901590814,4,India:F;Pakistan:F;North Korea:F;Belgium:F,Belgium:F;India:F;Pakistan:F;North Korea:F;Russia:F
0.1719999829423735,4,India:F;Pakistan:F;North Korea:F;Belgium:F,Belgium:F;India:F;Pakistan:F;North Korea:F;Russia:F
0.17275779986139633,4,India:F;Pakistan:F;North Korea:F;Belgium:F,Belgium:F;India:F;Pakistan:F;North Korea:F;Russia:F
0.17283318169275894,4,India:F;Pakistan:F;North Korea:F;Belgium:F,Belgium:F;India:F;Pakistan:F;North Korea:F;Russia:F
0.1732926147367503,4,India:F;Pakistan:F;North Korea:F;Belgium:F,Belgium:F;India:F;Pakistan:F;North Korea:F;Russia:F
0.17357089750840338,4,India:F;Pakistan:F;North Korea:F;Belgium:F,Belgium:F;India:F;Pakistan:F;North Korea:F;Russia:F
0.17367181886234725,4,India:F;Pakistan:F;North Korea:F;Belgium:F,Belgium:F;India:F;Pakistan:F;North Korea:F;Russia:F
0.174066895538883,4,India:F;Pakistan:F;North Korea:F;Belgium:F,Belgium:F;India:F;Pakistan:F;North Korea:F;Russia:F
0.17428672218601957,4,India:F;Pakistan:F;North Korea:F;Belgium:F,Belgium:F;India:F;Pakistan:F;North Korea:F;Russia:F
0.17460017397273406,4,India:F;Pakistan:F;North Korea:F;Belgium:F,Belgium:F;India:F;Pakistan:F;North Korea:F;Russia:F
0.1747497180528432,4,India:F;Pakistan:F;North Korea:F;Belgium:F,Belgium:F;India:F;Pakistan:F;North Korea:F;Russia:F
0.17498596598294713,4,India:F;Pakistan:F;North Korea:F;Belgium:F,Belgium:F;India:F;Pakistan:F;North Korea:F;Russia:F
0.1750567862124156,4,India:F;Pakistan:F;North Korea:F;Belgium:F,Belgium:F;India:F;Pakistan:F;North Korea:F;Russia:F
0.17516635892724705,4,India:F;Pakistan:F;North Korea:F;Belgium:F,Belgium:F;India:F;Pakistan:F;North Korea:F;Russia:F
0.17522813896203493,4,India:F;Pakistan:F;North Korea:F;Belgium:F,Belgium:F;India:F;Pakistan:F;North Korea:F;Russia:F
0.17529676015144188,4,India:F;Pakistan:F;North Korea:F;Belgium:F,Belgium:F;India:F;Pakistan:F;North Korea:F;Russia:F
0.17530102825839147,4,India:F;Pakistan:F;North Korea:F;Belgium:F,Belgium:F;India:F;Pakistan:F;North Korea:F;Russia:F
0.17577923614468718,4,India:F;Pakistan:F;North Korea:F;Belgium:F,Belgium:F;India:F;Pakistan:F;North Korea:F;Russia:F
0.1765707976772071,4,India:F;Pakistan:F;North Korea:F;Belgium:F,Belgium:F;India:F;Pakistan:F;North Korea:F;Russia:F
0.17664954454632364,4,India:F;Pakistan:F;North Korea:F;Belgium:F,Belgium:F;India:F;Pakistan:F;North Korea:F;Russia:F
0.17717572554083572,4,India:F;Pakistan:F;North Korea:F;Belgium:F,Belgium:F;India:F;Pakistan:F;North Korea:F;Russia:F
0.17721697859524774,4,India:F;Pakistan:F;North Korea:F;Belgium:F,Belgium:F;India:F;Pakistan:F;North Korea:F;Russia:F
0.17742027198906932,4,India:F;Pakistan:F;North Korea:F;Belgium:F,Belgium:F;India:F;Pakistan:F;North Korea:F;Russia:F
0.17793854684462596,4,India:F;Pakistan:F;North Korea:F;Belgium:F,Belgium:F;India:F;Pakistan:F;North Korea:F;Russia:F
0.1780534651250313,4,India:F;Pakistan:F;North Korea:F;Belgium:F,Belgium:F;India:F;Pakistan:F;North Korea:F;Russia:F
0.17849584977576657,4,India:F;Pakistan:F;North Korea:F;Belgium:F,Belgium:F;India:F;Pakistan:F;North Korea:F;Russia:F
0.17865214453880487,4,India:F;Pakistan:F;North Korea:F;Belgium:F,Belgium:F;India:F;Pakistan:F;North Korea:F;Russia:F
0.17897309302279896,4,India:F;Pakistan:F;North Korea:F;Belgium:F,Belgium:F;India:F;Pakistan:F;North Korea:F;Russia:F
0.1792239319786238,4,India:F;Pakistan:F;North Korea:F;Belgium:F,Belgium:F;India:F;Pakistan:F;North Korea:F;Russia:F
0.17922839346687172,4,India:F;Pakistan:F;North Korea:F;Belgium:F,Belgium:F;India:F;Pakistan:F;North Korea:F;Russia:F
0.17972829903441898,4,India:F;Pakistan:F;North Korea:F;Belgium:F,Belgium:F;India:F;Pakistan:F;North Korea:F;Russia:F
0.18055591031593446,4,India:F;Pakistan:F;North Korea:F;Belgium:F,Belgium:F;India:F;Pakistan:F;North Korea:F;Russia:F
0.18063825267925288,4,India:F;Pakistan:F;North Korea:F;Belgium:F,Belgium:F;India:F;Pakistan:F;North Korea:F;Russia:F
0.181140178529568,4,India:F;Pakistan:F;North Korea:F;Belgium:F,Belgium:F;India:F;Pakistan:F;North Korea:F;Russia:F
0.18123164414541004,4,India:F;Pakistan:F;North Korea:F;Belgium:F,Belgium:F;India:F;Pakistan:F;North Korea:F;Russia:F
0.18155454591530698,4,India:F;Pakistan:F;North Korea:F;Belgium:F,Belgium:F;India:F;Pakistan:F;North Korea:F;Russia:F
0.18187211229733685,4,India:F;Pakistan:F;North Korea:F;Belgium:F,Belgium:F;India:F;Pakistan:F;North Korea:F;Russia:F
0.1821065529723695,4,India:F;Pakistan:F;North Korea:F;Belgium:F,Belgium:F;India:F;Pakistan:F;North Korea:F;Russia:F
0.1821681793111941,4,India:F;Pakistan:F;North Korea:F;Belgium:F,Belgium:F;India:F;Pakistan:F;North Korea:F;Russia:F
0.1823110160193333,4,India:F;Pakistan:F;North Korea:F;Belgium:F,Belgium:F;India:F;Pakistan:F;North Korea:F;Russia:F
0.18256933331233915,4,India:F;Pakistan:F;North Korea:F;Belgium:F,Belgium:F;India:F;Pakistan:F;North Korea:F;Russia:F
0.1825717479756863,4,India:F;Pakistan:F;North Korea:F;Belgium:F,Belgium:F;India:F;Pakistan:F;North Korea:F;Russia:F
0.18273284639967763,4,India:F;Pakistan:F;North Korea:F;Belgium:F,Belgium:F;India:F;Pakistan:F;North Korea:F;Russia:F
0.18299145424516938,4,India:F;Pakistan:F;North Korea:F;Belgium:F,Belgium:F;India:F;Pakistan:F;North Korea:F;Russia:F
0.18306863807169427,4,India:F;Pakistan:F;North Korea:F;Belgium:F,Belgium:F;India:F;Pakistan:F;North Korea:F;Russia:F
0.1833310969855877,4,India:F;Pakistan:F;North Korea:F;Belgium:F,Belgium:F;India:F;Pakistan:F;North Korea:F;Russia:F
0.18404945360329897,4,India:F;Pakistan:F;North Korea:F;Belgium:F,Belgium:F;India:F;Pakistan:F;North Korea:F;Russia:F
0.18432129387214816,4,India:F;Pakistan:F;North Korea:F;Belgium:F,Belgium:F;India:F;Pakistan:F;North Korea:F;Russia:F
0.18533666817472358,4,India:F;Pakistan:F;North Korea:F;Belgium:F,Belgium:F;India:F;Pakistan:F;North Korea:F;Russia:F
0.18538725593490873,4,India:F;Pakistan:F;North Korea:F;Belgium:F,Belgium:F;India:F;Pakistan:F;North Korea:F;Russia:F
0.18543242198467863,4,India:F;Pakistan:F;North Korea:F;Belgium:F,Belgium:F;India:F;Pakistan:F;North Korea:F;Russia:F
0.18565501270147688,4,India:F;Pakistan:F;North Korea:F;Belgium:F,Belgium:F;India:F;Pakistan:F;North Korea:F;Russia:F
0.1857704803150658,4,India:F;Pakistan:F;North Korea:F;Belgium:F,Belgium:F;India:F;Pakistan:F;North Korea:F;Russia:F
0.18610298005834183,4,India:F;Pakistan:F;North Korea:F;Belgium:F,Belgium:F;India:F;Pakistan:F;North Korea:F;Russia:F
0.18634846249188172,4,India:F;Pakistan:F;North Korea:F;Belgium:F,Belgium:F;India:F;Pakistan:F;North Korea:F;Russia:F
0.18641299377058618,4,India:F;Pakistan:F;North Korea:F;Belgium:F,Belgium:F;India:F;Pakistan:F;North Korea:F;Russia:F
0.18656256742155827,4,India:F;Pakistan:F;North Korea:F;Belgium:F,Belgium:F;India:F;Pakistan:F;North Korea:F;Russia:F
0.1868356109859117,4,India:F;Pakistan:F;North Korea:F;Belgium:F,Belgium:F;India:F;Pakistan:F;North Korea:F;Russia:F
0.18700432548530013,4,India:F;Pakistan:F;North Korea:F;Belgium:F,Belgium:F;India:F;Pakistan:F;North Korea:F;Russia:F
0.1872751737947594,4,India:F;Pakistan:F;North Korea:F;Belgium:F,Belgium:F;India:F;Pakistan:F;North Korea:F;Russia:F
0.18736381671173094,4,India:F;Pakistan:F;North Korea:F;Belgium:F,Belgium:F;India:F;Pakistan:F;North Korea:F;Russia:F
0.18777234668938478,4,India:F;Pakistan:F;North Korea:F;Belgium:F,Belgium:F;India:F;Pakistan:F;North Korea:F;Russia:F
0.18781758854129682,4,India:F;Pakistan:F;North Korea:F;Belgium:F,Belgium:F;India:F;Pakistan:F;North Korea:F;Russia:F
0.1883834371886083,4,India:F;Pakistan:F;North Korea:F;Belgium:F,Belgium:F;India:F;Pakistan:F;North Korea:F;Russia:F
0.18866824065081567,4,India:F;Pakistan:F;North Korea:F;Belgium:F,Belgium:F;India:F;Pakistan:F;North Korea:F;Russia:F
0.18918161161976263,4,India:F;Pakistan:F;North Korea:F;Belgium:F,Belgium:F;India:F;Pakistan:F;North Korea:F;Russia:F
0.18924417982179162,4,India:F;Pakistan:F;North Korea:F;Belgium:F,Belgium:F;India:F;Pakistan:F;North Korea:F;Russia:F
0.18973221013367375,4,India:F;Pakistan:F;North Korea:F;Belgium:F,Belgium:F;India:F;Pakistan:F;North Korea:F;Russia:F
0.18978522622322236,4,India:F;Pakistan:F;North Korea:F;Belgium:F,Belgium:F;India:F;Pakistan:F;North Korea:F;Russia:F
0.19006168367315773,4,India:F;Pakistan:F;North Korea:F;Belgium:F,Belgium:F;India:F;Pakistan:F;North Korea:F;Russia:F
0.1901376125767054,4,India:F;Pakistan:F;North Korea:F;Belgium:F,Belgium:F;India:F;Pakistan:F;North Korea:F;Russia:F
0.19039971098099018,4,India:F;Pakistan:F;North Korea:F;Belgium:F,Belgium:F;India:F;Pakistan:F;North Korea:F;Russia:F
0.1905301837942293,4,India:F;Pakistan:F;North Korea:F;Belgium:F,Belgium:F;India:F;Pakistan:F;North Korea:F;Russia:F
0.19053538031882725,4,India:F;Pakistan:F;North Korea:F;Belgium:F,Belgium:F;India:F;Pakistan:F;North Korea:F;Russia:F
0.19062381646586443,4,India:F;Pakistan:F;North Korea:F;Belgium:F,Belgium:F;India:F;Pakistan:F;North Korea:F;Russia:F
0.19078378872917867,4,India:F;Pakistan:F;North Korea:F;Belgium:F,Belgium:F;India:F;Pakistan:F;North Korea:F;Russia:F
0.190860349923248,4,India:F;Pakistan:F;North Korea:F;Belgium:F,Belgium:F;India:F;Pakistan:F;North Korea:F;Russia:F
0.19176425942109807,4,India:F;Pakistan:F;North Korea:F;Belgium:F,Belgium:F;India:F;Pakistan:F;North Korea:F;Russia:F
0.19180683745832394,4,India:F;Pakistan:F;North Korea:F;Belgium:F,Belgium:F;India:F;Pakistan:F;North Korea:F;Russia:F
0.192227888467932,4,India:F;Pakistan:F;North Korea:F;Belgium:F,Belgium:F;India:F;Pakistan:F;North Korea:F;Russia:F
0.19228558615780927,4,India:F;Pakistan:F;North Korea:F;Belgium:F,Belgium:F;India:F;Pakistan:F;North Korea:F;Russia:F
0.19356628767381606,4,India:F;Pakistan:F;North Korea:F;Belgium:F,Belgium:F;India:F;Pakistan:F;North Korea:F;Russia:F
0.19376367721077586,4,India:F;Pakistan:F;North Korea:F;Belgium:F,Belgium:F;India:F;Pakistan:F;North Korea:F;Russia:F
0.19382931350423283,4,India:F;Pakistan:F;North Korea:F;Belgium:F,Belgium:F;India:F;Pakistan:F;North Korea:F;Russia:F
0.19415815661694777,4,India:F;Pakistan:F;North Korea:F;Belgium:F,Belgium:F;India:F;Pakistan:F;North Korea:F;Russia:F
0.1943261407726256,4,India:F;Pakistan:F;North Korea:F;Belgium:F,Belgium:F;India:F;Pakistan:F;North Korea:F;Russia:F
0.19434131093927173,4,India:F;Pakistan:F;North Korea:F;Belgium:F,Belgium:F;India:F;Pakistan:F;North Korea:F;Russia:F
0.1943969344970503,4,India:F;Pakistan:F;North Korea:F;Belgium:F,Belgium:F;India:F;Pakistan:F;North Korea:F;Russia:F
0.1946064628724469,4,India:F;Pakistan:F;North Korea:F;Belgium:F,Belgium:F;India:F;Pakistan:F;North Korea:F;Russia:F
0.19468700107485332,4,India:F;Pakistan:F;North Korea:F;Belgium:F,Belgium:F;India:F;Pakistan:F;North Korea:F;Russia:F
0.19470323433806389,4,India:F;Pakistan:F;North Korea:F;Belgium:F,Belgium:F;India:F;Pakistan:F;North Korea:F;Russia:F
0.19476667131333403,4,India:F;Pakistan:F;North Korea:F;Belgium:F,Belgium:F;India:F;Pakistan:F;North Korea:F;Russia:F
0.195041696306746,4,India:F;Pakistan:F;North Korea:F;Belgium:F,Belgium:F;India:F;Pakistan:F;North Korea:F;Russia:F
0.19508173041942012,4,India:F;Pakistan:F;North Korea:F;Belgium:F,Belgium:F;India:F;Pakistan:F;North Korea:F;Russia:F
0.19527686922577986,4,India:F;Pakistan:F;North Korea:F;Belgium:F,Belgium:F;India:F;Pakistan:F;North Korea:F;Russia:F
0.19544474996486927,4,India:F;Pakistan:F;North Korea:F;Belgium:F,Belgium:F;India:F;Pakistan:F;North Korea:F;Russia:F
0.1955250985133781,4,India:F;Pakistan:F;North Korea:F;Belgium:F,Belgium:F;India:F;Pakistan:F;North Korea:F;Russia:F
0.1959431856796509,4,India:F;Pakistan:F;North Korea:F;Belgium:F,Belgium:F;India:F;Pakistan:F;North Korea:F;Russia:F
0.1961757541296986,4,India:F;Pakistan:F;North Korea:F;Belgium:F,Belgium:F;India:F;Pakistan:F;North Korea:F;Russia:F
0.19647384202248042,4,India:F;Pakistan:F;North Korea:F;Belgium:F,Belgium:F;India:F;Pakistan:F;North Korea:F;Russia:F
0.19651853735225797,4,India:F;Pakistan:F;North Korea:F;Belgium:F,Belgium:F;India:F;Pakistan:F;North Korea:F;Russia:F
0.19657140907699827,4,India:F;Pakistan:F;North Korea:F;Belgium:F,Belgium:F;India:F;Pakistan:F;North Korea:F;Russia:F
0.1966221048947522,4,India:F;Pakistan:F;North Korea:F;Belgium:F,Belgium:F;India:F;Pakistan:F;North Korea:F;Russia:F
0.19707093551111562,4,India:F;Pakistan:F;North Korea:F;Belgium:F,Belgium:F;India:F;Pakistan:F;North Korea:F;Russia:F
0.1977646105953432,4,India:F;Pakistan:F;North Korea:F;Belgium:F,Belgium:F;India:F;Pakistan:F;North Korea:F;Russia:F
0.19836590669378693,4,India:F;Pakistan:F;North Korea:F;Belgium:F,Belgium:F;India:F;Pakistan:F;North Korea:F;Russia:F
0.1985732116719139,4,India:F;Pakistan:F;North Korea:F;Belgium:F,Belgium:F;India:F;Pakistan:F;North Korea:F;Russia:F
0.19864214738685798,4,India:F;Pakistan:F;North Korea:F;Belgium:F,Belgium:F;India:F;Pakistan:F;North Korea:F;Russia:F
0.19898753832070942,4,India:F;Pakistan:F;North Korea:F;Belgium:F,Belgium:F;India:F;Pakistan:F;North Korea:F;Russia:F
0.19917992182941033,4,India:F;Pakistan:F;North Korea:F;Belgium:F,Belgium:F;India:F;Pakistan:F;North Korea:F;Russia:F
0.19954305596883892,4,India:F;Pakistan:F;North Korea:F;Belgium:F,Belgium:F;India:F;Pakistan:F;North Korea:F;Russia:F
0.19963223871451022,4,India:F;Pakistan:F;North Korea:F;Belgium:F,Belgium:F;India:F;Pakistan:F;North Korea:F;Russia:F
0.19991644540110579,4,India:F;Pakistan:F;North Korea:F;Belgium:F,Belgium:F;India:F;Pakistan:F;North Korea:F;Russia:F
0.1999577432396646,4,India:F;Pakistan:F;North Korea:F;Belgium:F,Belgium:F;India:F;Pakistan:F;North Korea:F;Russia:F
0.2001627639610156,4,India:F;Pakistan:F;North Korea:F;Belgium:F,Belgium:F;India:F;Pakistan:F;North Korea:F;Russia:F
0.20033915445879072,4,India:F;Pakistan:F;North Korea:F;Belgium:F,Belgium:F;India:F;Pakistan:F;North Korea:F;Russia:F
0.200423578504823,4,India:F;Pakistan:F;North Korea:F;Belgium:F,Belgium:F;India:F;Pakistan:F;North Korea:F;Russia:F
0.2008629002496215,4,India:F;Pakistan:F;North Korea:F;Belgium:F,Belgium:F;India:F;Pakistan:F;North Korea:F;Russia:F
0.20106434706624587,4,India:F;Pakistan:F;North Korea:F;Belgium:F,Belgium:F;India:F;Pakistan:F;North Korea:F;Russia:F
0.20121332501637437,4,India:F;Pakistan:F;North Korea:F;Belgium:F,Belgium:F;India:F;Pakistan:F;North Korea:F;Russia:F
0.2014205763343289,4,India:F;Pakistan:F;North Korea:F;Belgium:F,Belgium:F;India:F;Pakistan:F;North Korea:F;Russia:F
0.2014675509057504,4,India:F;Pakistan:F;North Korea:F;Belgium:F,Belgium:F;India:F;Pakistan:F;North Korea:F;Russia:F
0.20152311952277122,4,India:F;Pakistan:F;North Korea:F;Belgium:F,Belgium:F;India:F;Pakistan:F;North Korea:F;Russia:F
0.20152712503241738,4,India:F;Pakistan:F;North Korea:F;Belgium:F,Belgium:F;India:F;Pakistan:F;North Korea:F;Russia:F
0.20157640195083776,4,India:F;Pakistan:F;North Korea:F;Belgium:F,Belgium:F;India:F;Pakistan:F;North Korea:F;Russia:F
0.20182341443729357,4,India:F;Pakistan:F;North Korea:F;Belgium:F,Belgium:F;India:F;Pakistan:F;North Korea:F;Russia:F
0.20193213547182431,4,India:F;Pakistan:F;North Korea:F;Belgium:F,Belgium:F;India:F;Pakistan:F;North Korea:F;Russia:F
0.20204816307556614,4,India:F;Pakistan:F;North Korea:F;Belgium:F,Belgium:F;India:F;Pakistan:F;North Korea:F;Russia:F
0.20281762202685297,4,India:F;Pakistan:F;North Korea:F;Belgium:F,Belgium:F;India:F;Pakistan:F;North Korea:F;Russia:F
0.20340959785743806,4,India:F;Pakistan:F;North Korea:F;Belgium:F,Belgium:F;India:F;Pakistan:F;North Korea:F;Russia:F
0.2036275846044001,4,India:F;Pakistan:F;North Korea:F;Belgium:F,Belgium:F;India:F;Pakistan:F;North Korea:F;Russia:F
0.20370007492510636,4,India:F;Pakistan:F;North Korea:F;Belgium:F,Belgium:F;India:F;Pakistan:F;North Korea:F;Russia:F
0.20395209217147936,4,India:F;Pakistan:F;North Korea:F;Belgium:F,Belgium:F;India:F;Pakistan:F;North Korea:F;Russia:F
0.2040632949101832,4,India:F;Pakistan:F;North Korea:F;Belgium:F,Belgium:F;India:F;Pakistan:F;North Korea:F;Russia:F
0.20424886415472038,4,India:F;Pakistan:F;North Korea:F;Belgium:F,Belgium:F;India:F;Pakistan:F;North Korea:F;Russia:F
0.20455856770003641,4,India:F;Pakistan:F;North Korea:F;Belgium:F,Belgium:F;India:F;Pakistan:F;North Korea:F;Russia:F
0.20464755580405064,4,India:F;Pakistan:F;North Korea:F;Belgium:F,Belgium:F;India:F;Pakistan:F;North Korea:F;Russia:F
0.2047413607397517,4,India:F;Pakistan:F;North Korea:F;Belgium:F,Belgium:F;India:F;Pakistan:F;North Korea:F;Russia:F
0.2050403116856213,4,India:F;Pakistan:F;North Korea:F;Belgium:F,Belgium:F;India:F;Pakistan:F;North Korea:F;Russia:F
0.20508375381311322,4,India:F;Pakistan:F;North Korea:F;Belgium:F,Belgium:F;India:F;Pakistan:F;North Korea:F;Russia:F
0.2051603837915613,4,India:F;Pakistan:F;North Korea:F;Belgium:F,Belgium:F;India:F;Pakistan:F;North Korea:F;Russia:F
0.20529942654307476,4,India:F;Pakistan:F;North Korea:F;Belgium:F,Belgium:F;India:F;Pakistan:F;North Korea:F;Russia:F
0.2054849906180908,4,India:F;Pakistan:F;North Korea:F;Belgium:F,Belgium:F;India:F;Pakistan:F;North Korea:F;Russia:F
0.20557380829293997,4,India:F;Pakistan:F;North Korea:F;Belgium:F,Belgium:F;India:F;Pakistan:F;North Korea:F;Russia:F
0.2060360244274207,4,India:F;Pakistan:F;North Korea:F;Belgium:F,Belgium:F;India:F;Pakistan:F;North Korea:F;Russia:F
0.2062479866627552,4,India:F;Pakistan:F;North Korea:F;Belgium:F,Belgium:F;India:F;Pakistan:F;North Korea:F;Russia:F
0.20640474822763055,4,India:F;Pakistan:F;North Korea:F;Belgium:F,Belgium:F;India:F;Pakistan:F;North Korea:F;Russia:F
0.20662283771641318,4,India:F;Pakistan:F;North Korea:F;Belgium:F,Belgium:F;India:F;Pakistan:F;North Korea:F;Russia:F
0.2066722704261103,4,India:F;Pakistan:F;North Korea:F;Belgium:F,Belgium:F;India:F;Pakistan:F;North Korea:F;Russia:F
0.20673074766921817,4,India:F;Pakistan:F;North Korea:F;Belgium:F,Belgium:F;India:F;Pakistan:F;North Korea:F;Russia:F
0.20673496287130969,4,India:F;Pakistan:F;North Korea:F;Belgium:F,Belgium:F;India:F;Pakistan:F;North Korea:F;Russia:F
0.20678681984011607,4,India:F;Pakistan:F;North Korea:F;Belgium:F,Belgium:F;India:F;Pakistan:F;North Korea:F;Russia:F
0.20695494677447593,4,India:F;Pakistan:F;North Korea:F;Belgium:F,Belgium:F;India:F;Pakistan:F;North Korea:F;Russia:F
0.20704677533047192,4,India:F;Pakistan:F;North Korea:F;Belgium:F,Belgium:F;India:F;Pakistan:F;North Korea:F;Russia:F
0.20716119836850613,4,India:F;Pakistan:F;North Korea:F;Belgium:F,Belgium:F;India:F;Pakistan:F;North Korea:F;Russia:F
0.20728331469690667,4,India:F;Pakistan:F;North Korea:F;Belgium:F,Belgium:F;India:F;Pakistan:F;North Korea:F;Russia:F
0.2084474736108337,4,India:F;Pakistan:F;North Korea:F;Belgium:F,Belgium:F;India:F;Pakistan:F;North Korea:F;Russia:F
0.20864659936940494,4,India:F;Pakistan:F;North Korea:F;Belgium:F,Belgium:F;India:F;Pakistan:F;North Korea:F;Russia:F
0.2087164643678494,4,India:F;Pakistan:F;North Korea:F;Belgium:F,Belgium:F;India:F;Pakistan:F;North Korea:F;Russia:F
0.20894598026363545,4,India:F;Pakistan:F;North Korea:F;Belgium:F,Belgium:F;India:F;Pakistan:F;North Korea:F;Russia:F
0.20902230738451183,4,India:F;Pakistan:F;North Korea:F;Belgium:F,Belgium:F;India:F;Pakistan:F;North Korea:F;Russia:F
0.20928767455795413,4,India:F;Pakistan:F;North Korea:F;Belgium:F,Belgium:F;India:F;Pakistan:F;North Korea:F;Russia:F
0.2094047734142882,4,India:F;Pakistan:F;North Korea:F;Belgium:F,Belgium:F;India:F;Pakistan:F;North Korea:F;Russia:F
0.20960018922674245,4,India:F;Pakistan:F;North Korea:F;Belgium:F,Belgium:F;India:F;Pakistan:F;North Korea:F;Russia:F
0.2099263468031044,4,India:F;Pakistan:F;North Korea:F;Belgium:F,Belgium:F;India:F;Pakistan:F;North Korea:F;Russia:F
0.21002006748923485,4,India:F;Pakistan:F;North Korea:F;Belgium:F,Belgium:F;India:F;Pakistan:F;North Korea:F;Russia:F
0.2101188634933413,4,India:F;Pakistan:F;North Korea:F;Belgium:F,Belgium:F;India:F;Pakistan:F;North Korea:F;Russia:F
0.21043373655209782,4,India:F;Pakistan:F;North Korea:F;Belgium:F,Belgium:F;India:F;Pakistan:F;North Korea:F;Russia:F
0.21047949441502825,4,India:F;Pakistan:F;North Korea:F;Belgium:F,Belgium:F;India:F;Pakistan:F;North Korea:F;Russia:F
0.21070667139381863,4,India:F;Pakistan:F;North Korea:F;Belgium:F,Belgium:F;India:F;Pakistan:F;North Korea:F;Russia:F
0.21090214374673238,4,India:F;Pakistan:F;North Korea:F;Belgium:F,Belgium:F;India:F;Pakistan:F;North Korea:F;Russia:F
0.2109957071751214,4,India:F;Pakistan:F;North Korea:F;Belgium:F,Belgium:F;India:F;Pakistan:F;North Korea:F;Russia:F
0.21146776795110758,4,India:F;Pakistan:F;North Korea:F;Belgium:F,Belgium:F;India:F;Pakistan:F;North Korea:F;Russia:F
0.21148265511430916,4,India:F;Pakistan:F;North Korea:F;Belgium:F,Belgium:F;India:F;Pakistan:F;North Korea:F;Russia:F
0.21170597813203026,4,India:F;Pakistan:F;North Korea:F;Belgium:F,Belgium:F;India:F;Pakistan:F;North Korea:F;Russia:F
0.2121009502441371,4,India:F;Pakistan:F;North Korea:F;Belgium:F,Belgium:F;India:F;Pakistan:F;North Korea:F;Russia:F
0.2121530392125936,4,India:F;Pakistan:F;North Korea:F;Belgium:F,Belgium:F;India:F;Pakistan:F;North Korea:F;Russia:F
0.21221465957423702,4,India:F;Pakistan:F;North Korea:F;Belgium:F,Belgium:F;India:F;Pakistan:F;North Korea:F;Russia:F
0.21221910137677344,4,India:F;Pakistan:F;North Korea:F;Belgium:F,Belgium:F;India:F;Pakistan:F;North Korea:F;Russia:F
0.2122737464608904,4,India:F;Pakistan:F;North Korea:F;Belgium:F,Belgium:F;India:F;Pakistan:F;North Korea:F;Russia:F
0.2124509178232637,4,India:F;Pakistan:F;North Korea:F;Belgium:F,Belgium:F;India:F;Pakistan:F;North Korea:F;Russia:F
0.21254768954602785,4,India:F;Pakistan:F;North Korea:F;Belgium:F,Belgium:F;India:F;Pakistan:F;North Korea:F;Russia:F
0.212668275211991,4,India:F;Pakistan:F;North Korea:F;Belgium:F,Belgium:F;India:F;Pakistan:F;North Korea:F;Russia:F
0.21279697242204518,4,India:F;Pakistan:F;North Korea:F;Belgium:F,Belgium:F;India:F;Pakistan:F;North Korea:F;Russia:F
0.21365065128645475,4,India:F;Pakistan:F;North Korea:F;Belgium:F,Belgium:F;India:F;Pakistan:F;North Korea:F;Russia:F
0.21372301194941185,4,India:F;Pakistan:F;North Korea:F;Belgium:F,Belgium:F;India:F;Pakistan:F;North Korea:F;Russia:F
0.21402407071488674,4,India:F;Pakistan:F;North Korea:F;Belgium:F,Belgium:F;India:F;Pakistan:F;North Korea:F;Russia:F
0.21423399878384988,4,India:F;Pakistan:F;North Korea:F;Belgium:F,Belgium:F;India:F;Pakistan:F;North Korea:F;Russia:F
0.2147778601975003,4,India:F;Pakistan:F;North Korea:F;Belgium:F,Belgium:F;India:F;Pakistan:F;North Korea:F;Russia:F
0.21482710624189627,4,India:F;Pakistan:F;North Korea:F;Belgium:F,Belgium:F;India:F;Pakistan:F;North Korea:F;Russia:F
0.214909924346184,4,India:F;Pakistan:F;North Korea:F;Belgium:F,Belgium:F;India:F;Pakistan:F;North Korea:F;Russia:F
0.21503340099065726,4,India:F;Pakistan:F;North Korea:F;Belgium:F,Belgium:F;India:F;Pakistan:F;North Korea:F;Russia:F
0.21523946838968513,4,India:F;Pakistan:F;North Korea:F;Belgium:F,Belgium:F;India:F;Pakistan:F;North Korea:F;Russia:F
0.2156822680507665,4,India:F;Pakistan:F;North Korea:F;Belgium:F,Belgium:F;India:F;Pakistan:F;North Korea:F;Russia:F
0.21616683005236845,4,India:F;Pakistan:F;North Korea:F;Belgium:F,Belgium:F;India:F;Pakistan:F;North Korea:F;Russia:F
0.21627861611614657,4,India:F;Pakistan:F;North Korea:F;Belgium:F,Belgium:F;India:F;Pakistan:F;North Korea:F;Russia:F
0.2164527624553796,4,India:F;Pakistan:F;North Korea:F;Belgium:F,Belgium:F;India:F;Pakistan:F;North Korea:F;Russia:F
0.21661265285290032,4,India:F;Pakistan:F;North Korea:F;Belgium:F,Belgium:F;India:F;Pakistan:F;North Korea:F;Russia:F
0.2168978358982523,4,India:F;Pakistan:F;North Korea:F;Belgium:F,Belgium:F;India:F;Pakistan:F;North Korea:F;Russia:F
0.21720936541130834,4,India:F;Pakistan:F;North Korea:F;Belgium:F,Belgium:F;India:F;Pakistan:F;North Korea:F;Russia:F
0.21763497108047902,4,India:F;Pakistan:F;North Korea:F;Belgium:F,Belgium:F;India:F;Pakistan:F;North Korea:F;Russia:F
0.21805979260190167,4,India:F;Pakistan:F;North Korea:F;Belgium:F,Belgium:F;India:F;Pakistan:F;North Korea:F;Russia:F
0.2184761432828577,4,India:F;Pakistan:F;North Korea:F;Belgium:F,Belgium:F;India:F;Pakistan:F;North Korea:F;Russia:F
0.21861196803877989,4,India:F;Pakistan:F;North Korea:F;Belgium:F,Belgium:F;India:F;Pakistan:F;North Korea:F;Russia:F
0.2190945189518456,4,India:F;Pakistan:F;North Korea:F;Belgium:F,Belgium:F;India:F;Pakistan:F;North Korea:F;Russia:F
0.21951303926197863,4,India:F;Pakistan:F;North Korea:F;Belgium:F,Belgium:F;India:F;Pakistan:F;North Korea:F;Russia:F
0.21958942614284843,4,India:F;Pakistan:F;North Korea:F;Belgium:F,Belgium:F;India:F;Pakistan:F;North Korea:F;Russia:F
0.22012888519936114,4,India:F;Pakistan:F;North Korea:F;Belgium:F,Belgium:F;India:F;Pakistan:F;North Korea:F;Russia:F
0.2205563088713569,4,India:F;Pakistan:F;North Korea:F;Belgium:F,Belgium:F;India:F;Pakistan:F;North Korea:F;Russia:F
0.2205903500876001,4,India:F;Pakistan:F;North Korea:F;Belgium:F,Belgium:F;India:F;Pakistan:F;North Korea:F;Russia:F
0.22070312840470746,4,India:F;Pakistan:F;North Korea:F;Belgium:F,Belgium:F;India:F;Pakistan:F;North Korea:F;Russia:F
0.22075512944781236,4,India:F;Pakistan:F;North Korea:F;Belgium:F,Belgium:F;India:F;Pakistan:F;North Korea:F;Switzerland:R
0.2208425821746297,4,India:F;Pakistan:F;North Korea:F;Belgium:F,Belgium:F;India:F;Pakistan:F;North Korea:F;Switzerland:R
0.2209026594883243,4,India:F;Pakistan:F;North Korea:F;Belgium:F,Belgium:F;India:F;Pakistan:F;North Korea:F;Switzerland:R
0.22097297220827722,4,India:F;Pakistan:F;North Korea:F;Belgium:F,Belgium:F;India:F;Pakistan:F;North Korea:F;Switzerland:R
0.22105725469017573,4,India:F;Pakistan:F;North Korea:F;Belgium:F,Belgium:F;India:F;Pakistan:F;North Korea:F;Switzerland:R
0.22155384408008355,4,India:F;Pakistan:F;North Korea:F;Belgium:F,Belgium:F;India:F;Pakistan:F;North Korea:F;Switzerland:R
0.22217005460698772,4,India:F;Pakistan:F;North Korea:F;Belgium:F,Belgium:F;India:F;Pakistan:F;North Korea:F;Switzerland:R
0.22242318355578247,4,India:F;Pakistan:F;North Korea:F;Belgium:F,Belgium:F;India:F;Pakistan:F;North Korea:F;Switzerland:R
0.22247210003305518,4,India:F;Pakistan:F;North Korea:F;Belgium:F,Belgium:F;India:F;Pakistan:F;North Korea:F;Switzerland:R
0.22265793422207564,4,India:F;Pakistan:F;North Korea:F;Belgium:F,Belgium:F;India:F;Pakistan:F;North Korea:F;Switzerland:R
0.22267251250079623,4,India:F;Pakistan:F;North Korea:F;Belgium:F,Belgium:F;India:F;Pakistan:F;North Korea:F;Switzerland:R
0.22277259796133975,4,India:F;Pakistan:F;North Korea:F;Belgium:F,Belgium:F;India:F;Pakistan:F;North Korea:F;Switzerland:R
0.22299806518232598,4,India:F;Pakistan:F;North Korea:F;Belgium:F,Belgium:F;India:F;Pakistan:F;North Korea:F;Switzerland:R
0.22368295196112514,4,India:F;Pakistan:F;North Korea:F;Belgium:F,Belgium:F;India:F;Pakistan:F;North Korea:F;Switzerland:R
0.22372116473256176,4,India:F;Pakistan:F;North Korea:F;Belgium:F,Belgium:F;India:F;Pakistan:F;North Korea:F;Switzerland:R
0.22393942971809347,4,India:F;Pakistan:F;North Korea:F;Belgium:F,Belgium:F;India:F;Pakistan:F;North Korea:F;Switzerland:R
0.22403549183358967,4,India:F;Pakistan:F;North Korea:F;Belgium:F,Belgium:F;India:F;Pakistan:F;North Korea:F;Switzerland:R
0.22417010338331578,4,India:F;Pakistan:F;North Korea:F;Belgium:F,Belgium:F;India:F;Pakistan:F;North Korea:F;Switzerland:R
0.22461013786575026,4,India:F;Pakistan:F;North Korea:F;Belgium:F,Belgium:F;India:F;Pakistan:F;North Korea:F;Switzerland:R
0.22475369909929122,4,India:F;Pakistan:F;North Korea:F;Belgium:F,Belgium:F;India:F;Pakistan:F;North Korea:F;Switzerland:R
0.22478500761246778,4,India:F;Pakistan:F;North Korea:F;Belgium:F,Belgium:F;India:F;Pakistan:F;North Korea:F;Switzerland:R
0.2252637762897813,4,India:F;Pakistan:F;North Korea:F;Belgium:F,Belgium:F;India:F;Pakistan:F;North Korea:F;Switzerland:R
0.22621730191854209,4,India:F;Pakistan:F;North Korea:F;Belgium:F,Belgium:F;India:F;Pakistan:F;North Korea:F;Switzerland:R
0.22635735934553666,4,India:F;Pakistan:F;North Korea:F;Belgium:F,Belgium:F;India:F;Pakistan:F;North Korea:F;Switzerland:R
0.22647866942750045,4,India:F;Pakistan:F;North Korea:F;Belgium:F,Belgium:F;India:F;Pakistan:F;North Korea:F;Switzerland:R
0.2267327809220177,4,India:F;Pakistan:F;North Korea:F;Belgium:F,Belgium:F;India:F;Pakistan:F;North Korea:F;Switzerland:R
0.22684533661505696,4,India:F;Pakistan:F;North Korea:F;Belgium:F,Belgium:F;India:F;Pakistan:F;North Korea:F;Switzerland:R
0.227019597013552,4,India:F;Pakistan:F;North Korea:F;Belgium:F,Belgium:F;India:F;Pakistan:F;North Korea:F;Switzerland:R
0.22709420059954227,4,India:F;Pakistan:F;North Korea:F;Belgium:F,Belgium:F;India:F;Pakistan:F;North Korea:F;Switzerland:R
0.22711208457469706,4,India:F;Pakistan:F;North Korea:F;Belgium:F,Belgium:F;India:F;Pakistan:F;North Korea:F;Switzerland:R
0.2271756218685334,4,India:F;Pakistan:F;North Korea:F;Belgium:F,Belgium:F;India:F;Pakistan:F;North Korea:F;Switzerland:R
0.22724998529386117,4,India:F;Pakistan:F;North Korea:F;Belgium:F,Belgium:F;India:F;Pakistan:F;North Korea:F;Switzerland:R
0.22786437253817463,4,India:F;Pakistan:F;North Korea:F;Belgium:F,Belgium:F;India:F;Pakistan:F;North Korea:F;Switzerland:R
0.22851623773398047,4,India:F;Pakistan:F;North Korea:F;Belgium:F,Belgium:F;India:F;Pakistan:F;North Korea:F;Switzerland:R
0.22878404295333804,4,India:F;Pakistan:F;North Korea:F;Belgium:F,Belgium:F;India:F;Pakistan:F;North Korea:F;Switzerland:R
0.22883579758961783,4,India:F;Pakistan:F;North Korea:F;Belgium:F,Belgium:F;India:F;Pakistan:F;North Korea:F;Switzerland:R
0.22903241990789758,4,India:F;Pakistan:F;North Korea:F;Belgium:F,Belgium:F;India:F;Pakistan:F;North Korea:F;Switzerland:R
0.22904784488883234,4,India:F;Pakistan:F;North Korea:F;Belgium:F,Belgium:F;India:F;Pakistan:F;North Korea:F;Switzerland:R
0.22915374484530973,4,India:F;Pakistan:F;North Korea:F;Belgium:F,Belgium:F;India:F;Pakistan:F;North Korea:F;Switzerland:R
0.2293333105898313,4,India:F;Pakistan:F;North Korea:F;Belgium:F,Belgium:F;India:F;Pakistan:F;North Korea:F;Switzerland:R
0.22939232064115878,4,India:F;Pakistan:F;North Korea:F;Belgium:F,Belgium:F;India:F;Pakistan:F;North Korea:F;Switzerland:R
0.229961288132057,4,India:F;Pakistan:F;North Korea:F;Belgium:F,Belgium:F;India:F;Pakistan:F;North Korea:F;Switzerland:R
0.23011711130531767,4,India:F;Pakistan:F;North Korea:F;Belgium:F,Belgium:F;India:F;Pakistan:F;North Korea:F;Switzerland:R
0.23015755424605236,4,India:F;Pakistan:F;North Korea:F;Belgium:F,Belgium:F;India:F;Pakistan:F;North Korea:F;Switzerland:R
0.23027496416437385,4,India:F;Pakistan:F;North Korea:F;Belgium:F,Belgium:F;India:F;Pakistan:F;North Korea:F;Switzerland:R
0.23038856520632783,4,India:F;Pakistan:F;North Korea:F;Belgium:F,Belgium:F;India:F;Pakistan:F;North Korea:F;Switzerland:R
0.2304902411509774,4,India:F;Pakistan:F;North Korea:F;Belgium:F,Belgium:F;India:F;Pakistan:F;North Korea:F;Switzerland:R
0.2306327235690726,4,India:F;Pakistan:F;North Korea:F;Belgium:F,Belgium:F;India:F;Pakistan:F;North Korea:F;Switzerland:R
0.23109852171872688,4,India:F;Pakistan:F;North Korea:F;Belgium:F,Belgium:F;India:F;Pakistan:F;North Korea:F;Switzerland:R
0.23125049975407735,4,India:F;Pakistan:F;North Korea:F;Belgium:F,Belgium:F;India:F;Pakistan:F;North Korea:F;Switzerland:R
0.2312836445886553,4,India:F;Pakistan:F;North Korea:F;Belgium:F,Belgium:F;India:F;Pakistan:F;North Korea:F;Switzerland:R
0.23139124996736796,4,India:F;Pakistan:F;North Korea:F;Belgium:F,Belgium:F;India:F;Pakistan:F;North Korea:F;Switzerland:R
0.2317905274808483,4,India:F;Pakistan:F;North Korea:F;Belgium:F,Belgium:F;India:F;Pakistan:F;North Korea:F;Switzerland:R
0.23279713396165733,4,India:F;Pakistan:F;North Korea:F;Belgium:F,Belgium:F;India:F;Pakistan:F;North Korea:F;Switzerland:R
0.2328002319636454,4,India:F;Pakistan:F;North Korea:F;Belgium:F,Belgium:F;India:F;Pakistan:F;North Korea:F;Switzerland:R
0.23294856201568806,4,India:F;Pakistan:F;North Korea:F;Belgium:F,Belgium:F;India:F;Pakistan:F;North Korea:F;Switzerland:R
0.23307704171264776,4,India:F;Pakistan:F;North Korea:F;Belgium:F,Belgium:F;India:F;Pakistan:F;North Korea:F;Switzerland:R
0.23334618459074294,4,India:F;Pakistan:F;North Korea:F;Belgium:F,Belgium:F;India:F;Pakistan:F;North Korea:F;Switzerland:R
0.2334272733196804,4,India:F;Pakistan:F;North Korea:F;Belgium:F,Belgium:F;India:F;Pakistan:F;North Korea:F;Switzerland:R
0.23346540388149034,4,India:F;Pakistan:F;North Korea:F;Belgium:F,Belgium:F;India:F;Pakistan:F;North Korea:F;Switzerland:R
0.2336499877718246,4,India:F;Pakistan:F;North Korea:F;Belgium:F,Belgium:F;India:F;Pakistan:F;North Korea:F;Switzerland:R
0.23372901353525583,4,India:F;Pakistan:F;North Korea:F;Belgium:F,Belgium:F;India:F;Pakistan:F;North Korea:F;Switzerland:R
0.23381526283566423,4,India:F;Pakistan:F;North Korea:F;Belgium:F,Belgium:F;India:F;Pakistan:F;North Korea:F;Switzerland:R
0.23389403736273662,4,India:F;Pakistan:F;North Korea:F;Belgium:F,Belgium:F;India:F;Pakistan:F;North Korea:F;Switzerland:R
0.23454492660477586,4,India:F;Pakistan:F;North Korea:F;Belgium:F,Belgium:F;India:F;Pakistan:F;North Korea:F;Switzerland:R
0.23478623480971067,4,India:F;Pakistan:F;North Korea:F;Belgium:F,Belgium:F;India:F;Pakistan:F;North Korea:F;Switzerland:R
0.2349938592609598,4,India:F;Pakistan:F;North Korea:F;Belgium:F,Belgium:F;India:F;Pakistan:F;North Korea:F;Switzerland:R
0.23523563296216618,4,India:F;Pakistan:F;North Korea:F;Belgium:F,Belgium:F;India:F;Pakistan:F;North Korea:F;Switzerland:R
0.23551942884396082,4,India:F;Pakistan:F;North Korea:F;Belgium:F,Belgium:F;India:F;Pakistan:F;North Korea:F;Switzerland:R
0.23557427600733472,4,India:F;Pakistan:F;North Korea:F;Belgium:F,Belgium:F;India:F;Pakistan:F;North Korea:F;Switzerland:R
0.2357826538817531,4,India:F;Pakistan:F;North Korea:F;Belgium:F,Belgium:F;India:F;Pakistan:F;North Korea:F;Switzerland:R
0.23579900152974825,4,India:F;Pakistan:F;North Korea:F;Belgium:F,Belgium:F;India:F;Pakistan:F;North Korea:F;Switzerland:R
0.2361015544803802,4,India:F;Pakistan:F;North Korea:F;Belgium:F,Belgium:F;India:F;Pakistan:F;North Korea:F;Switzerland:R
0.2361640994955865,4,India:F;Pakistan:F;North Korea:F;Belgium:F,Belgium:F;India:F;Pakistan:F;North Korea:F;Switzerland:R
0.2369323858305686,4,India:F;Pakistan:F;North Korea:F;Belgium:F,Belgium:F;India:F;Pakistan:F;North Korea:F;Switzerland:R
0.23709973066207277,4,India:F;Pakistan:F;North Korea:F;Belgium:F,Belgium:F;India:F;Pakistan:F;North Korea:F;Switzerland:R
0.23732796359611996,4,India:F;Pakistan:F;North Korea:F;Belgium:F,Belgium:F;India:F;Pakistan:F;North Korea:F;Switzerland:R
0.23747902794475187,4,India:F;Pakistan:F;North Korea:F;Belgium:F,Belgium:F;India:F;Pakistan:F;North Korea:F;Switzerland:R
0.23797292048538451,4,India:F;Pakistan:F;North Korea:F;Belgium:F,Belgium:F;India:F;Pakistan:F;North Korea:F;Switzerland:R
0.23813407781703563,4,India:F;Pakistan:F;North Korea:F;Belgium:F,Belgium:F;India:F;Pakistan:F;North Korea:F;Switzerland:R
0.23816922539853405,4,India:F;Pakistan:F;North Korea:F;Belgium:F,Belgium:F;India:F;Pakistan:F;North Korea:F;Switzerland:R
0.23828333480318054,4,India:F;Pakistan:F;North Korea:F;Belgium:F,Belgium:F;India:F;Pakistan:F;North Korea:F;Switzerland:R
0.23870677360164538,4,India:F;Pakistan:F;North Korea:F;Belgium:F,Belgium:F;India:F;Pakistan:F;North Korea:F;Switzerland:R
0.23921207879925707,4,India:F;Pakistan:F;North Korea:F;Belgium:F,Belgium:F;India:F;Pakistan:F;North Korea:F;Switzerland:R
0.23977448559202663,4,India:F;Pakistan:F;North Korea:F;Belgium:F,Belgium:F;India:F;Pakistan:F;North Korea:F;Switzerland:R
0.23977777208374823,4,India:F;Pakistan:F;North Korea:F;Belgium:F,Belgium:F;India:F;Pakistan:F;North Korea:F;Switzerland:R
0.23994786384269537,4,India:F;Pakistan:F;North Korea:F;Belgium:F,Belgium:F;India:F;Pakistan:F;North Korea:F;Switzerland:R
0.24007143417221946,4,India:F;Pakistan:F;North Korea:F;Belgium:F,Belgium:F;India:F;Pakistan:F;North Korea:F;Switzerland:R
0.24033490819131573,4,India:F;Pakistan:F;North Korea:F;Belgium:F,Belgium:F;India:F;Pakistan:F;North Korea:F;Switzerland:R
0.24044301808213894,4,India:F;Pakistan:F;North Korea:F;Belgium:F,Belgium:F;India:F;Pakistan:F;North Korea:F;Switzerland:R
0.24048347534373402,4,India:F;Pakistan:F;North Korea:F;Belgium:F,Belgium:F;India:F;Pakistan:F;North Korea:F;Switzerland:R
0.24067932802816352,4,India:F;Pakistan:F;North Korea:F;Belgium:F,Belgium:F;India:F;Pakistan:F;North Korea:F;Switzerland:R
0.2407631811381341,4,India:F;Pakistan:F;North Korea:F;Belgium:F,Belgium:F;India:F;Pakistan:F;North Korea:F;Switzerland:R
0.24078328290237128,4,India:F;Pakistan:F;North Korea:F;Belgium:F,Belgium:F;India:F;Pakistan:F;North Korea:F;Switzerland:R
0.24085470098774614,4,India:F;Pakistan:F;North Korea:F;Belgium:F,Belgium:F;India:F;Pakistan:F;North Korea:F;Switzerland:R
0.24188514769517838,4,India:F;Pakistan:F;North Korea:F;Belgium:F,Belgium:F;India:F;Pakistan:F;North Korea:F;Switzerland:R
0.2421055231655944,4,India:F;Pakistan:F;North Korea:F;Belgium:F,Belgium:F;India:F;Pakistan:F;North Korea:F;Switzerland:R
0.24272164807181282,4,India:F;Pakistan:F;North Korea:F;Belgium:F,Belgium:F;India:F;Pakistan:F;North Korea:F;Switzerland:R
0.24294286815619207,4,India:F;Pakistan:F;North Korea:F;Belgium:F,Belgium:F;India:F;Pakistan:F;North Korea:F;Switzerland:R
0.2429602238027653,4,India:F;Pakistan:F;North Korea:F;Belgium:F,Belgium:F;India:F;Pakistan:F;North Korea:F;Switzerland:R
0.24328144541007424,4,India:F;Pakistan:F;North Korea:F;Belgium:F,Belgium:F;India:F;Pakistan:F;North Korea:F;Switzerland:R
0.24334785281099827,4,India:F;Pakistan:F;North Korea:F;Belgium:F,Belgium:F;India:F;Pakistan:F;North Korea:F;Switzerland:R
0.2439882512698316,4,India:F;Pakistan:F;North Korea:F;Belgium:F,Belgium:F;India:F;Pakistan:F;North Korea:F;Switzerland:R
0.24416367096750366,4,India:F;Pakistan:F;North Korea:F;Belgium:F,Belgium:F;India:F;Pakistan:F;North Korea:F;Switzerland:R
0.24446929790145655,4,India:F;Pakistan:F;North Korea:F;Belgium:F,Belgium:F;India:F;Pakistan:F;North Korea:F;Switzerland:R
0.24526883820175055,4,India:F;Pakistan:F;North Korea:F;Belgium:F,Belgium:F;India:F;Pakistan:F;North Korea:F;Switzerland:R
0.2454400322854967,4,India:F;Pakistan:F;North Korea:F;Belgium:F,Belgium:F;India:F;Pakistan:F;North Korea:F;Switzerland:R
0.24547693705101323,4,India:F;Pakistan:F;North Korea:F;Belgium:F,Belgium:F;India:F;Pakistan:F;North Korea:F;Switzerland:R
0.2455985912205552,4,India:F;Pakistan:F;North Korea:F;Belgium:F,Belgium:F;India:F;Pakistan:F;North Korea:F;Switzerland:R
0.24604845263646127,4,India:F;Pakistan:F;North Korea:F;Belgium:F,Belgium:F;India:F;Pakistan:F;North Korea:F;Switzerland:R
0.24646514905124986,4,India:F;Pakistan:F;North Korea:F;Belgium:F,Belgium:F;India:F;Pakistan:F;North Korea:F;Switzerland:R
0.2465853531657867,4,India:F;Pakistan:F;North Korea:F;Belgium:F,Belgium:F;India:F;Pakistan:F;North Korea:F;Switzerland:R
0.24681169939967046,4,India:F;Pakistan:F;North Korea:F;Belgium:F,Belgium:F;India:F;Pakistan:F;North Korea:F;Switzerland:R
0.24718300791321166,4,India:F;Pakistan:F;North Korea:F;Belgium:F,Belgium:F;India:F;Pakistan:F;North Korea:F;Switzerland:R
0.24718650063518352,4,India:F;Pakistan:F;North Korea:F;Belgium:F,Belgium:F;India:F;Pakistan:F;North Korea:F;Switzerland:R
0.24735373631142668,4,India:F;Pakistan:F;North Korea:F;Belgium:F,Belgium:F;India:F;Pakistan:F;North Korea:F;Switzerland:R
0.24736726984055035,4,India:F;Pakistan:F;North Korea:F;Belgium:F,Belgium:F;India:F;Pakistan:F;North Korea:F;Switzerland:R
0.24738104918844434,4,India:F;Pakistan:F;North Korea:F;Belgium:F,Belgium:F;India:F;Pakistan:F;North Korea:F;Switzerland:R
0.24748966029675187,4,India:F;Pakistan:F;North Korea:F;Belgium:F,Belgium:F;India:F;Pakistan:F;North Korea:F;Switzerland:R
0.2478021034331654,4,India:F;Pakistan:F;North Korea:F;Belgium:F,Belgium:F;India:F;Pakistan:F;North Korea:F;Switzerland:R
0.24789355231742702,4,India:F;Pakistan:F;North Korea:F;Belgium:F,Belgium:F;India:F;Pakistan:F;North Korea:F;Switzerland:R
0.24814474174013065,4,India:F;Pakistan:F;North Korea:F;Belgium:F,Belgium:F;India:F;Pakistan:F;North Korea:F;Switzerland:R
0.24823387841738748,4,India:F;Pakistan:F;North Korea:F;Belgium:F,Belgium:F;India:F;Pakistan:F;North Korea:F;Switzerland:R
0.24825524707595725,4,India:F;Pakistan:F;North Korea:F;Belgium:F,Belgium:F;India:F;Pakistan:F;North Korea:F;Switzerland:R
0.24840809097590288,4,India:F;Pakistan:F;North Korea:F;Belgium:F,Belgium:F;India:F;Pakistan:F;North Korea:F;Switzerland:R
0.24842002820223288,4,India:F;Pakistan:F;North Korea:F;Belgium:F,Belgium:F;India:F;Pakistan:F;North Korea:F;Switzerland:R
0.24844966594340856,4,India:F;Pakistan:F;North Korea:F;Belgium:F,Belgium:F;India:F;Pakistan:F;North Korea:F;Switzerland:R
0.24877546848166526,4,India:F;Pakistan:F;North Korea:F;Belgium:F,Belgium:F;India:F;Pakistan:F;North Korea:F;Switzerland:R
0.24913666724382466,4,India:F;Pakistan:F;North Korea:F;Belgium:F,Belgium:F;India:F;Pakistan:F;North Korea:F;Switzerland:R
0.24966106346358566,4,India:F;Pakistan:F;North Korea:F;Belgium:F,Belgium:F;India:F;Pakistan:F;North Korea:F;Switzerland:R
0.25006975863611264,4,India:F;Pakistan:F;North Korea:F;Belgium:F,Belgium:F;India:F;Pakistan:F;North Korea:F;Switzerland:R
0.25019072931560926,4,India:F;Pakistan:F;North Korea:F;Belgium:F,Belgium:F;India:F;Pakistan:F;North Korea:F;Switzerland:R
0.2505515831862344,4,India:F;Pakistan:F;North Korea:F;Belgium:F,Belgium:F;India:F;Pakistan:F;North Korea:F;Switzerland:R
0.2509117160282846,4,India:F;Pakistan:F;North Korea:F;Belgium:F,Belgium:F;India:F;Pakistan:F;North Korea:F;Switzerland:R
0.2513491493443913,4,India:F;Pakistan:F;North Korea:F;Belgium:F,Belgium:F;India:F;Pakistan:F;North Korea:F;Switzerland:R
0.2516636221545465,4,India:F;Pakistan:F;North Korea:F;Belgium:F,Belgium:F;India:F;Pakistan:F;North Korea:F;Switzerland:R
0.25171899786865154,4,India:F;Pakistan:F;North Korea:F;Belgium:F,Belgium:F;India:F;Pakistan:F;North Korea:F;Switzerland:R
0.25185025635832303,4,India:F;Pakistan:F;North Korea:F;Belgium:F,Belgium:F;India:F;Pakistan:F;North Korea:F;Switzerland:R
0.2520393459205762,4,India:F;Pakistan:F;North Korea:F;Belgium:F,Belgium:F;India:F;Pakistan:F;North Korea:F;Switzerland:R
0.25217544206000647,4,India:F;Pakistan:F;North Korea:F;Belgium:F,Belgium:F;India:F;Pakistan:F;North Korea:F;Switzerland:R
0.25246799123092273,4,India:F;Pakistan:F;North Korea:F;Belgium:F,Belgium:F;India:F;Pakistan:F;North Korea:F;Switzerland:R
0.2532477472136477,4,India:F;Pakistan:F;North Korea:F;Belgium:F,Belgium:F;India:F;Pakistan:F;North Korea:F;Switzerland:R
0.25324820776794893,4,India:F;Pakistan:F;North Korea:F;Belgium:F,Belgium:F;India:F;Pakistan:F;North Korea:F;Switzerland:R
0.2537673453263291,4,India:F;Pakistan:F;North Korea:F;Belgium:F,Belgium:F;India:F;Pakistan:F;North Korea:F;Switzerland:R
0.25429964916824127,4,India:F;Pakistan:F;North Korea:F;Belgium:F,Belgium:F;India:F;Pakistan:F;North Korea:F;Switzerland:R
0.2546685980842847,4,India:F;Pakistan:F;North Korea:F;Belgium:F,Belgium:F;India:F;Pakistan:F;North Korea:F;Switzerland:R
0.2548511969766616,4,India:F;Pakistan:F;North Korea:F;Belgium:F,Belgium:F;India:F;Pakistan:F;North Korea:F;Switzerland:R
0.2550676609521799,4,India:F;Pakistan:F;North Korea:F;Belgium:F,Belgium:F;India:F;Pakistan:F;North Korea:F;Switzerland:R
0.25524573457707594,4,India:F;Pakistan:F;North Korea:F;Belgium:F,Belgium:F;India:F;Pakistan:F;North Korea:F;Switzerland:R
0.25539047297159784,4,India:F;Pakistan:F;North Korea:F;Belgium:F,Belgium:F;India:F;Pakistan:F;North Korea:F;Switzerland:R
0.2554594145954319,4,India:F;Pakistan:F;North Korea:F;Belgium:F,Belgium:F;India:F;Pakistan:F;North Korea:F;Switzerland:R
0.25569820962504547,4,India:F;Pakistan:F;North Korea:F;Belgium:F,Belgium:F;India:F;Pakistan:F;North Korea:F;Switzerland:R
0.2557231966876469,4,India:F;Pakistan:F;North Korea:F;Belgium:F,Belgium:F;India:F;Pakistan:F;North Korea:F;Switzerland:R
0.2558205865622836,4,India:F;Pakistan:F;North Korea:F;Belgium:F,Belgium:F;India:F;Pakistan:F;North Korea:F;Switzerland:R
0.25618304218570276,4,India:F;Pakistan:F;North Korea:F;Belgium:F,Belgium:F;India:F;Pakistan:F;North Korea:F;Switzerland:R
0.25620580139180943,4,India:F;Pakistan:F;North Korea:F;Belgium:F,Belgium:F;India:F;Pakistan:F;North Korea:F;Switzerland:R
0.256368595138984,4,India:F;Pakistan:F;North Korea:F;Belgium:F,Belgium:F;India:F;Pakistan:F;North Korea:F;Switzerland:R
0.2563813097263253,5,India:F;Pakistan:F;North Korea:F;Switzerland:R;Belgium:F,Belgium:F;India:F;Pakistan:F;Switzerland:R;North Korea:F
0.25641287766844784,5,India:F;Pakistan:F;North Korea:F;Switzerland:R;Belgium:F,Belgium:F;India:F;Pakistan:F;Switzerland:R;North Korea:F
0.25675777848894366,5,India:F;Pakistan:F;North Korea:F;Switzerland:R;Belgium:F,Belgium:F;India:F;Pakistan:F;Switzerland:R;North Korea:F
0.25675991448327645,5,India:F;Pakistan:F;North Korea:F;Switzerland:R;Belgium:F,Belgium:F;India:F;Pakistan:F;Switzerland:R;North Korea:F
0.256860574505327,5,India:F;Pakistan:F;North Korea:F;Switzerland:R;Belgium:F,Belgium:F;India:F;Pakistan:F;Switzerland:R;North Korea:F
0.2570417570399223,5,India:F;Pakistan:F;North Korea:F;Switzerland:R;Belgium:F,Belgium:F;India:F;Pakistan:F;Switzerland:R;North Korea:F
0.25714468858295064,5,India:F;Pakistan:F;North Korea:F;Switzerland:R;Belgium:F,Belgium:F;India:F;Pakistan:F;Switzerland:R;North Korea:F
0.2572084389331051,5,India:F;Pakistan:F;North Korea:F;Switzerland:R;Belgium:F,Belgium:F;India:F;Pakistan:F;Switzerland:R;North Korea:F
0.2581388485810201,5,India:F;Pakistan:F;North Korea:F;Switzerland:R;Belgium:F,Belgium:F;India:F;Pakistan:F;Switzerland:R;North Korea:F
0.2582677540331413,5,India:F;Pakistan:F;North Korea:F;Switzerland:R;Belgium:F,Belgium:F;India:F;Pakistan:F;Switzerland:R;North Korea:F
0.2586523011290657,5,India:F;Pakistan:F;North Korea:F;Switzerland:R;Belgium:F,Belgium:F;India:F;Pakistan:F;Switzerland:R;North Korea:F
0.2590361155619019,5,India:F;Pakistan:F;North Korea:F;Switzerland:R;Belgium:F,Belgium:F;India:F;Pakistan:F;Switzerland:R;North Korea:F
0.25941095524805774,5,India:F;Pakistan:F;North Korea:F;Switzerland:R;Belgium:F,Belgium:F;India:F;Pakistan:F;Switzerland:R;North Korea:F
0.2595023615736924,5,India:F;Pakistan:F;North Korea:F;Switzerland:R;Belgium:F,Belgium:F;India:F;Pakistan:F;Switzerland:R;North Korea:F
0.25989661221570076,5,India:F;Pakistan:F;North Korea:F;Switzerland:R;Belgium:F,Belgium:F;India:F;Pakistan:F;Switzerland:R;North Korea:F
0.26003654001653503,5,India:F;Pakistan:F;North Korea:F;Switzerland:R;Belgium:F,Belgium:F;India:F;Pakistan:F;Switzerland:R;North Korea:F
0.2603832238834849,5,India:F;Pakistan:F;North Korea:F;Switzerland:R;Belgium:F,Belgium:F;India:F;Pakistan:F;Switzerland:R;North Korea:F
0.2611234018031048,5,India:F;Pakistan:F;North Korea:F;Switzerland:R;Belgium:F,Belgium:F;India:F;Pakistan:F;Switzerland:R;North Korea:F
0.2612904387905994,5,India:F;Pakistan:F;North Korea:F;Switzerland:R;Belgium:F,Belgium:F;India:F;Pakistan:F;Switzerland:R;North Korea:F
0.2615266258167061,5,India:F;Pakistan:F;North Korea:F;Switzerland:R;Belgium:F,Belgium:F;India:F;Pakistan:F;Switzerland:R;North Korea:F
0.2620807885734949,5,India:F;Pakistan:F;North Korea:F;Switzerland:R;Belgium:F,Belgium:F;India:F;Pakistan:F;Switzerland:R;North Korea:F
0.26209691988191813,5,India:F;Pakistan:F;North Korea:F;Switzerland:R;Belgium:F,Belgium:F;India:F;Pakistan:F;Switzerland:R;North Korea:F
0.26236877952232995,5,India:F;Pakistan:F;North Korea:F;Switzerland:R;Belgium:F,Belgium:F;India:F;Pakistan:F;Switzerland:R;North Korea:F
0.2626485793666766,5,India:F;Pakistan:F;North Korea:F;Switzerland:R;Belgium:F,Belgium:F;India:F;Pakistan:F;Switzerland:R;North Korea:F
0.2627850918349957,5,India:F;Pakistan:F;North Korea:F;Switzerland:R;Belgium:F,Belgium:F;India:F;Pakistan:F;Switzerland:R;North Korea:F
0.26304217069012226,5,India:F;Pakistan:F;North Korea:F;Switzerland:R;Belgium:F,Belgium:F;India:F;Pakistan:F;Switzerland:R;North Korea:F
0.2632369793873344,5,India:F;Pakistan:F;North Korea:F;Switzerland:R;Belgium:F,Belgium:F;India:F;Pakistan:F;Switzerland:R;North Korea:F
0.2634639615354793,5,India:F;Pakistan:F;North Korea:F;Switzerland:R;Belgium:F,Belgium:F;India:F;Pakistan:F;Switzerland:R;North Korea:F
0.2634679295169037,5,India:F;Pakistan:F;North Korea:F;Switzerland:R;Belgium:F,Belgium:F;India:F;Pakistan:F;Switzerland:R;North Korea:F
0.26365792982394926,5,India:F;Pakistan:F;North Korea:F;Switzerland:R;Belgium:F,Belgium:F;India:F;Pakistan:F;Switzerland:R;North Korea:F
0.26381236867299196,5,India:F;Pakistan:F;North Korea:F;Switzerland:R;Belgium:F,Belgium:F;India:F;Pakistan:F;Switzerland:R;North Korea:F
0.2638859328357042,5,India:F;Pakistan:F;North Korea:F;Switzerland:R;Belgium:F,Belgium:F;India:F;Pakistan:F;Switzerland:R;North Korea:F
0.2641407492077247,5,India:F;Pakistan:F;North Korea:F;Switzerland:R;Belgium:F,Belgium:F;India:F;Pakistan:F;Switzerland:R;North Korea:F
0.2646581587155808,5,India:F;Pakistan:F;North Korea:F;Switzerland:R;Belgium:F,Belgium:F;India:F;Pakistan:F;Switzerland:R;North Korea:F
0.2646824487539792,5,India:F;Pakistan:F;North Korea:F;Switzerland:R;Belgium:F,Belgium:F;India:F;Pakistan:F;Switzerland:R;North Korea:F
0.26485619651581066,5,India:F;Pakistan:F;North Korea:F;Switzerland:R;Belgium:F,Belgium:F;India:F;Pakistan:F;Switzerland:R;North Korea:F
0.2649034599781124,5,India:F;Pakistan:F;North Korea:F;Switzerland:R;Belgium:F,Belgium:F;India:F;Pakistan:F;Switzerland:R;North Korea:F
0.2652715967227884,5,India:F;Pakistan:F;North Korea:F;Switzerland:R;Belgium:F,Belgium:F;India:F;Pakistan:F;Switzerland:R;North Korea:F
0.2652738767209668,5,India:F;Pakistan:F;North Korea:F;Switzerland:R;Belgium:F,Belgium:F;India:F;Pakistan:F;Switzerland:R;North Korea:F
0.2653813244375797,5,India:F;Pakistan:F;North Korea:F;Switzerland:R;Belgium:F,Belgium:F;India:F;Pakistan:F;Switzerland:R;North Korea:F
0.2655747314909006,5,India:F;Pakistan:F;North Korea:F;Switzerland:R;Belgium:F,Belgium:F;India:F;Pakistan:F;Switzerland:R;North Korea:F
0.26568461193253484,5,India:F;Pakistan:F;North Korea:F;Switzerland:R;Belgium:F,Belgium:F;India:F;Pakistan:F;Switzerland:R;North Korea:F
0.26575266752774507,5,India:F;Pakistan:F;North Korea:F;Switzerland:R;Belgium:F,Belgium:F;India:F;Pakistan:F;Switzerland:R;North Korea:F
0.26674603796913277,5,India:F;Pakistan:F;North Korea:F;Switzerland:R;Belgium:F,Belgium:F;India:F;Pakistan:F;Switzerland:R;North Korea:F
0.26688368528135414,5,India:F;Pakistan:F;North Korea:F;Switzerland:R;Belgium:F,Belgium:F;India:F;Pakistan:F;Switzerland:R;North Korea:F
0.2671685675273368,5,India:F;Pakistan:F;North Korea:F;Switzerland:R;Belgium:F,Belgium:F;India:F;Pakistan:F;Switzerland:R;North Korea:F
0.26729433808202646,5,India:F;Pakistan:F;North Korea:F;Switzerland:R;Belgium:F,Belgium:F;India:F;Pakistan:F;Switzerland:R;North Korea:F
0.2681046145178693,5,India:F;Pakistan:F;North Korea:F;Switzerland:R;Belgium:F,Belgium:F;India:F;Pakistan:F;Switzerland:R;North Korea:F
0.26834898499164944,5,India:F;Pakistan:F;North Korea:F;Switzerland:R;Belgium:F,Belgium:F;India:F;Pakistan:F;Switzerland:R;North Korea:F
0.26836142794180395,5,India:F;Pakistan:F;North Korea:F;Switzerland:R;Belgium:F,Belgium:F;India:F;Pakistan:F;Switzerland:R;North Korea:F
0.2686234012076672,5,India:F;Pakistan:F;North Korea:F;Switzerland:R;Belgium:F,Belgium:F;India:F;Pakistan:F;Switzerland:R;North Korea:F
0.2687728864467694,5,India:F;Pakistan:F;North Korea:F;Switzerland:R;Belgium:F,Belgium:F;India:F;Pakistan:F;Switzerland:R;North Korea:F
0.26894903773851464,5,India:F;Pakistan:F;North Korea:F;Switzerland:R;Belgium:F,Belgium:F;India:F;Pakistan:F;Switzerland:R;North Korea:F
0.2691432730230207,5,India:F;Pakistan:F;North Korea:F;Switzerland:R;Belgium:F,Belgium:F;India:F;Pakistan:F;Switzerland:R;North Korea:F
0.27036508434771966,5,India:F;Pakistan:F;North Korea:F;Switzerland:R;Belgium:F,Belgium:F;India:F;Pakistan:F;Switzerland:R;North Korea:F
0.27095737901887934,5,India:F;Pakistan:F;North Korea:F;Switzerland:R;Belgium:F,Belgium:F;India:F;Pakistan:F;Switzerland:R;North Korea:F
0.2712652201133287,5,India:F;Pakistan:F;North Korea:F;Switzerland:R;Belgium:F,Belgium:F;India:F;Pakistan:F;Switzerland:R;North Korea:F
0.27156432746871734,5,India:F;Pakistan:F;North Korea:F;Switzerland:R;Belgium:F,Belgium:F;India:F;Pakistan:F;Switzerland:R;North Korea:F
0.271710267794352,5,India:F;Pakistan:F;North Korea:F;Switzerland:R;Belgium:F,Belgium:F;India:F;Pakistan:F;Switzerland:R;North Korea:F
0.27198511507315287,5,India:F;Pakistan:F;North Korea:F;Switzerland:R;Belgium:F,Belgium:F;India:F;Pakistan:F;Switzerland:R;North Korea:F
0.27219340045546747,5,India:F;Pakistan:F;North Korea:F;Switzerland:R;Belgium:F,Belgium:F;India:F;Pakistan:F;Switzerland:R;North Korea:F
0.2723318188729605,5,India:F;Pakistan:F;North Korea:F;Switzerland:R;Belgium:F,Belgium:F;India:F;Pakistan:F;Switzerland:R;North Korea:F
0.27243609824923065,5,India:F;Pakistan:F;North Korea:F;Switzerland:R;Belgium:F,Belgium:F;India:F;Pakistan:F;Switzerland:R;North Korea:F
0.2726435076756621,5,India:F;Pakistan:F;North Korea:F;Switzerland:R;Belgium:F,Belgium:F;India:F;Pakistan:F;Switzerland:R;North Korea:F
0.2728873235783946,5,India:F;Pakistan:F;North Korea:F;Switzerland:R;Belgium:F,Belgium:F;India:F;Pakistan:F;Switzerland:R;North Korea:F
0.2731598294585542,5,India:F;Pakistan:F;North Korea:F;Switzerland:R;Belgium:F,Belgium:F;India:F;Pakistan:F;Switzerland:R;North Korea:F
0.2739250395282992,5,India:F;Pakistan:F;North Korea:F;Switzerland:R;Belgium:F,Belgium:F;India:F;Pakistan:F;Switzerland:R;North Korea:F
0.27397559537361665,5,India:F;Pakistan:F;North Korea:F;Switzerland:R;Belgium:F,Belgium:F;India:F;Pakistan:F;Switzerland:R;North Korea:F
0.2743693977519806,5,India:F;Pakistan:F;North Korea:F;Switzerland:R;Belgium:F,Belgium:F;India:F;Pakistan:F;Switzerland:R;North Korea:F
0.2743718368231065,5,India:F;Pakistan:F;North Korea:F;Switzerland:R;Belgium:F,Belgium:F;India:F;Pakistan:F;Switzerland:R;North Korea:F
0.2746936945111561,5,India:F;Pakistan:F;North Korea:F;Switzerland:R;Belgium:F,Belgium:F;India:F;Pakistan:F;Switzerland:R;North Korea:F
0.2748112520391234,5,India:F;Pakistan:F;North Korea:F;Switzerland:R;Belgium:F,Belgium:F;India:F;Pakistan:F;Switzerland:R;North Korea:F
0.2751999727077976,5,India:F;Pakistan:F;North Korea:F;Switzerland:R;Belgium:F,Belgium:F;India:F;Pakistan:F;Switzerland:R;North Korea:F
0.2752530519484453,5,India:F;Pakistan:F;North Korea:F;Switzerland:R;Belgium:F,Belgium:F;India:F;Pakistan:F;Switzerland:R;North Korea:F
0.27574781051277203,5,India:F;Pakistan:F;North Korea:F;Switzerland:R;Belgium:F,Belgium:F;India:F;Pakistan:F;Switzerland:R;North Korea:F
0.2759470093999926,5,India:F;Pakistan:F;North Korea:F;Switzerland:R;Belgium:F,Belgium:F;India:F;Pakistan:F;Switzerland:R;North Korea:F
0.2760943189470845,5,India:F;Pakistan:F;North Korea:F;Switzerland:R;Belgium:F,Belgium:F;India:F;Pakistan:F;Switzerland:R;North Korea:F
0.27614230390821864,5,India:F;Pakistan:F;North Korea:F;Switzerland:R;Belgium:F,Belgium:F;India:F;Pakistan:F;Switzerland:R;North Korea:F
0.27740118162620625,5,India:F;Pakistan:F;North Korea:F;Switzerland:R;Belgium:F,Belgium:F;India:F;Pakistan:F;Switzerland:R;North Korea:F
0.2776761230527774,5,India:F;Pakistan:F;North Korea:F;Switzerland:R;Belgium:F,Belgium:F;India:F;Pakistan:F;Switzerland:R;North Korea:F
0.2779566073649829,5,India:F;Pakistan:F;North Korea:F;Switzerland:R;Belgium:F,Belgium:F;India:F;Pakistan:F;Switzerland:R;North Korea:F
0.2785132696445816,5,India:F;Pakistan:F;North Korea:F;Switzerland:R;Belgium:F,Belgium:F;India:F;Pakistan:F;Switzerland:R;North Korea:F
0.2791470337359289,5,India:F;Pakistan:F;North Korea:F;Switzerland:R;Belgium:F,Belgium:F;India:F;Pakistan:F;Switzerland:R;North Korea:F
0.27921669943557176,5,India:F;Pakistan:F;North Korea:F;Switzerland:R;Belgium:F,Belgium:F;India:F;Pakistan:F;Switzerland:R;North Korea:F
0.2793602783563745,5,India:F;Pakistan:F;North Korea:F;Switzerland:R;Belgium:F,Belgium:F;India:F;Pakistan:F;Switzerland:R;North Korea:F
0.27960587073822957,5,India:F;Pakistan:F;North Korea:F;Switzerland:R;Belgium:F,Belgium:F;India:F;Pakistan:F;Switzerland:R;North Korea:D
0.2798218413138643,6,India:F;Pakistan:F;North Korea:F;North Korea:D;Switzerland:R;Belgium:F,Belgium:F;India:F;Pakistan:F;Switzerland:R;North Korea:D
0.28045634348900417,6,India:F;Pakistan:F;North Korea:F;North Korea:D;Switzerland:R;Belgium:F,Belgium:F;India:F;Pakistan:F;Switzerland:R;North Korea:D
0.280474816242307,6,India:F;Pakistan:F;North Korea:F;North Korea:D;Switzerland:R;Belgium:F,Belgium:F;India:F;Pakistan:F;Switzerland:R;North Korea:D
0.2807861600522474,6,India:F;Pakistan:F;North Korea:F;North Korea:D;Switzerland:R;Belgium:F,Belgium:F;India:F;Pakistan:F;Switzerland:R;North Korea:D
0.28110664457897705,6,India:F;Pakistan:F;North Korea:F;North Korea:D;Switzerland:R;Belgium:F,Belgium:F;India:F;Pakistan:F;Switzerland:R;North Korea:D
0.2815575478288976,6,India:F;Pakistan:F;North Korea:F;North Korea:D;Switzerland:R;Belgium:F,Belgium:F;India:F;Pakistan:F;Switzerland:R;North Korea:D
0.28181097620657936,6,India:F;Pakistan:F;North Korea:F;North Korea:D;Switzerland:R;Belgium:F,Belgium:F;India:F;Pakistan:F;Switzerland:R;North Korea:D
0.28192910201611926,6,India:F;Pakistan:F;North Korea:F;North Korea:D;Switzerland:R;Belgium:F,Belgium:F;India:F;Pakistan:F;Switzerland:R;North Korea:D
0.28204086225674,6,India:F;Pakistan:F;North Korea:F;North Korea:D;Switzerland:R;Belgium:F,Belgium:F;India:F;Pakistan:F;Switzerland:R;North Korea:D
0.2822165309231104,6,India:F;Pakistan:F;North Korea:F;North Korea:D;Switzerland:R;Belgium:F,Belgium:F;India:F;Pakistan:F;Switzerland:R;North Korea:D
0.28226315992692386,6,India:F;Pakistan:F;North Korea:F;North Korea:D;Switzerland:R;Belgium:F,Belgium:F;India:F;Pakistan:F;Switzerland:R;North Korea:D
0.28244017132436344,6,India:F;Pakistan:F;North Korea:F;North Korea:D;Switzerland:R;Belgium:F,Belgium:F;India:F;Pakistan:F;Switzerland:R;North Korea:D
0.28252449265928675,6,India:F;Pakistan:F;North Korea:F;North Korea:D;Switzerland:R;Belgium:F,Belgium:F;India:F;Pakistan:F;Switzerland:R;North Korea:D
0.2830595875616761,6,India:F;Pakistan:F;North Korea:F;North Korea:D;Switzerland:R;Belgium:F,Belgium:F;India:F;Pakistan:F;Switzerland:R;North Korea:D
0.28326612109952914,6,India:F;Pakistan:F;North Korea:F;North Korea:D;Switzerland:R;Belgium:F,Belgium:F;India:F;Pakistan:F;Switzerland:R;North Korea:D
0.28349016417675715,6,India:F;Pakistan:F;North Korea:F;North Korea:D;Switzerland:R;Belgium:F,Belgium:F;India:F;Pakistan:F;Switzerland:R;North Korea:D
0.28355689321349,6,India:F;Pakistan:F;North Korea:F;North Korea:D;Switzerland:R;Belgium:F,Belgium:F;India:F;Pakistan:F;Switzerland:R;North Korea:D
0.2836369472776384,6,India:F;Pakistan:F;North Korea:F;North Korea:D;Switzerland:R;Belgium:F,Belgium:F;India:F;Pakistan:F;Switzerland:R;North Korea:D
0.2836911519042664,6,India:F;Pakistan:F;North Korea:F;North Korea:D;Switzerland:R;Belgium:F,Belgium:F;India:F;Pakistan:F;Switzerland:R;North Korea:D
0.284116015969664,6,India:F;Pakistan:F;North Korea:F;North Korea:D;Switzerland:R;Belgium:F,Belgium:F;India:F;Pakistan:F;Switzerland:R;North Korea:D
0.2842392731275187,6,India:F;Pakistan:F;North Korea:F;North Korea:D;Switzerland:R;Belgium:F,Belgium:F;India:F;Pakistan:F;Switzerland:R;North Korea:D
0.2845872234375238,6,India:F;Pakistan:F;North Korea:F;North Korea:D;Switzerland:R;Belgium:F,Belgium:F;India:F;Pakistan:F;Switzerland:R;North Korea:D
0.2846653088206707,6,India:F;Pakistan:F;North Korea:F;North Korea:D;Switzerland:R;Belgium:F,Belgium:F;India:F;Pakistan:F;Switzerland:R;North Korea:D
0.28500411323063257,6,India:F;Pakistan:F;North Korea:F;North Korea:D;Switzerland:R;Belgium:F,Belgium:F;India:F;Pakistan:F;Switzerland:R;North Korea:D
0.2851157321068619,6,India:F;Pakistan:F;North Korea:F;North Korea:D;Switzerland:R;Belgium:F,Belgium:F;India:F;Pakistan:F;Switzerland:R;North Korea:D
0.28565679294491075,6,India:F;Pakistan:F;North Korea:F;North Korea:D;Switzerland:R;Belgium:F,Belgium:F;India:F;Pakistan:F;Switzerland:R;North Korea:D
0.2859634287087231,6,India:F;Pakistan:F;North Korea:F;North Korea:D;Switzerland:R;Belgium:F,Belgium:F;India:F;Pakistan:F;Switzerland:R;North Korea:D
0.2860149057877591,6,India:F;Pakistan:F;North Korea:F;North Korea:D;Switzerland:R;Belgium:F,Belgium:F;India:F;Pakistan:F;Switzerland:R;North Korea:D
0.28629052488487194,6,India:F;Pakistan:F;North Korea:F;North Korea:D;Switzerland:R;Belgium:F,Belgium:F;India:F;Pakistan:F;Switzerland:R;North Korea:D
0.28688805850486476,6,India:F;Pakistan:F;North Korea:F;North Korea:D;Switzerland:R;Belgium:F,Belgium:F;India:F;Pakistan:F;Switzerland:R;North Korea:D
0.2873656271940028,6,India:F;Pakistan:F;North Korea:F;North Korea:D;Switzerland:R;Belgium:F,Belgium:F;India:F;Pakistan:F;Switzerland:R;North Korea:D
0.2876463891316471,6,India:F;Pakistan:F;North Korea:F;North Korea:D;Switzerland:R;Belgium:F,Belgium:F;India:F;Pakistan:F;Switzerland:R;North Korea:D
0.2878582455726526,6,India:F;Pakistan:F;North Korea:F;North Korea:D;Switzerland:R;Belgium:F,Belgium:F;India:F;Pakistan:F;Switzerland:R;North Korea:D
0.28796171503525825,6,India:F;Pakistan:F;North Korea:F;North Korea:D;Switzerland:R;Belgium:F,Belgium:F;India:F;Pakistan:F;Switzerland:R;North Korea:D
0.2883359573041026,6,India:F;Pakistan:F;North Korea:F;North Korea:D;Switzerland:R;Belgium:F,Belgium:F;India:F;Pakistan:F;Switzerland:R;North Korea:D
0.28855921598586926,6,India:F;Pakistan:F;North Korea:F;North Korea:D;Switzerland:R;Belgium:F,Belgium:F;India:F;Pakistan:F;Switzerland:R;North Korea:D
0.2892395800885209,6,India:F;Pakistan:F;North Korea:F;North Korea:D;Switzerland:R;Belgium:F,Belgium:F;India:F;Pakistan:F;Switzerland:R;North Korea:D
0.2893143750480961,6,India:F;Pakistan:F;North Korea:F;North Korea:D;Switzerland:R;Belgium:F,Belgium:F;India:F;Pakistan:F;Switzerland:R;North Korea:D
0.28941162792486064,6,India:F;Pakistan:F;North Korea:F;North Korea:D;Switzerland:R;Belgium:F,Belgium:F;India:F;Pakistan:F;Switzerland:R;North Korea:D
0.28946852947766066,6,India:F;Pakistan:F;North Korea:F;North Korea:D;Switzerland:R;Belgium:F,Belgium:F;India:F;Pakistan:F;Switzerland:R;North Korea:D
0.2894905428336972,6,India:F;Pakistan:F;North Korea:F;North Korea:D;Switzerland:R;Belgium:F,Belgium:F;India:F;Pakistan:F;Switzerland:R;North Korea:D
0.28973222460596393,6,India:F;Pakistan:F;North Korea:F;North Korea:D;Switzerland:R;Belgium:F,Belgium:F;India:F;Pakistan:F;Switzerland:R;North Korea:D
0.28996412835269175,6,India:F;Pakistan:F;North Korea:F;North Korea:D;Switzerland:R;Belgium:F,Belgium:F;India:F;Pakistan:F;Switzerland:R;North Korea:D
0.2904302717241837,6,India:F;Pakistan:F;North Korea:F;North Korea:D;Switzerland:R;Belgium:F,Belgium:F;India:F;Pakistan:F;Switzerland:R;North Korea:D
0.29066535525520815,6,India:F;Pakistan:F;North Korea:F;North Korea:D;Switzerland:R;Belgium:F,Belgium:F;India:F;Pakistan:F;Switzerland:R;North Korea:D
0.29088646852674505,6,India:F;Pakistan:F;North Korea:F;North Korea:D;Switzerland:R;Belgium:F,Belgium:F;India:F;Pakistan:F;Switzerland:R;North Korea:D
0.291276828128537,6,India:F;Pakistan:F;North Korea:F;North Korea:D;Switzerland:R;Belgium:F,Belgium:F;India:F;Pakistan:F;Switzerland:R;North Korea:D
0.29151196640890764,7,India:F;Pakistan:F;North Korea:F;North Korea:D;Switzerland:R;Belgium:F;Taiwan:M,Belgium:F;India:F;Pakistan:F;Switzerland:R;North Korea:D
0.29206815663529795,7,India:F;Pakistan:F;North Korea:F;North Korea:D;Switzerland:R;Belgium:F;Taiwan:M,Belgium:F;India:F;Pakistan:F;Switzerland:R;North Korea:D
0.29210062136371134,7,India:F;Pakistan:F;North Korea:F;North Korea:D;Switzerland:R;Belgium:F;Taiwan:M,Belgium:F;India:F;Pakistan:F;Switzerland:R;North Korea:D
0.29222753275279184,7,India:F;Pakistan:F;North Korea:F;North Korea:D;Switzerland:R;Belgium:F;Taiwan:M,Belgium:F;India:F;Pakistan:F;Switzerland:R;North Korea:D
0.29253635534490147,7,India:F;Pakistan:F;North Korea:F;North Korea:D;Switzerland:R;Belgium:F;Taiwan:M,Belgium:F;India:F;Pakistan:F;Switzerland:R;North Korea:D
0.2925864571710392,7,India:F;Pakistan:F;North Korea:F;North Korea:D;Switzerland:R;Belgium:F;Taiwan:M,Belgium:F;India:F;Pakistan:F;Switzerland:R;North Korea:D
0.2927766574869107,7,India:F;Pakistan:F;North Korea:F;North Korea:D;Switzerland:R;Belgium:F;Taiwan:M,Belgium:F;India:F;Pakistan:F;Switzerland:R;North Korea:D
0.2931811582559698,7,India:F;Pakistan:F;North Korea:F;North Korea:D;Switzerland:R;Belgium:F;Taiwan:M,Belgium:F;India:F;Pakistan:F;Switzerland:R;North Korea:D
0.2932302783307689,7,India:F;Pakistan:F;North Korea:F;North Korea:D;Switzerland:R;Belgium:F;Taiwan:M,Belgium:F;India:F;Pakistan:F;Switzerland:R;North Korea:D
0.2936642631920236,7,India:F;Pakistan:F;North Korea:F;North Korea:D;Switzerland:R;Belgium:F;Taiwan:M,Belgium:F;India:F;Pakistan:F;Switzerland:R;North Korea:D
0.29390506351529866,7,India:F;Pakistan:F;North Korea:F;North Korea:D;Switzerland:R;Belgium:F;Taiwan:M,Belgium:F;India:F;Pakistan:F;Switzerland:R;North Korea:D
0.2940628328031508,7,India:F;Pakistan:F;North Korea:F;North Korea:D;Switzerland:R;Belgium:F;Taiwan:M,Belgium:F;India:F;Pakistan:F;Switzerland:R;North Korea:D
0.29412109596860114,7,India:F;Pakistan:F;North Korea:F;North Korea:D;Switzerland:R;Belgium:F;Taiwan:M,Belgium:F;India:F;Pakistan:F;Switzerland:R;North Korea:D
0.2942023209046113,7,India:F;Pakistan:F;North Korea:F;North Korea:D;Switzerland:R;Belgium:F;Taiwan:M,Belgium:F;India:F;Pakistan:F;Switzerland:R;North Korea:D
0.2944327354839642,7,India:F;Pakistan:F;North Korea:F;North Korea:D;Switzerland:R;Belgium:F;Taiwan:M,Belgium:F;India:F;Pakistan:F;Switzerland:R;North Korea:D
0.29471030343133275,7,India:F;Pakistan:F;North Korea:F;North Korea:D;Switzerland:R;Belgium:F;Taiwan:M,Belgium:F;India:F;Pakistan:F;Switzerland:R;North Korea:D
0.2949488412337252,7,India:F;Pakistan:F;North Korea:F;North Korea:D;Switzerland:R;Belgium:F;Taiwan:M,Belgium:F;India:F;Pakistan:F;Switzerland:R;North Korea:D
0.29516833186367775,7,India:F;Pakistan:F;North Korea:F;North Korea:D;Switzerland:R;Belgium:F;Taiwan:M,Belgium:F;India:F;Pakistan:F;Switzerland:R;North Korea:D
0.2955326145740588,7,India:F;Pakistan:F;North Korea:F;North Korea:D;Switzerland:R;Belgium:F;Taiwan:M,Belgium:F;India:F;Pakistan:F;Switzerland:R;North Korea:D
0.2956526342653478,7,India:F;Pakistan:F;North Korea:F;North Korea:D;Switzerland:R;Belgium:F;Taiwan:M,Belgium:F;India:F;Pakistan:F;Switzerland:R;North Korea:D
0.2961957640064832,7,India:F;Pakistan:F;North Korea:F;North Korea:D;Switzerland:R;Belgium:F;Taiwan:M,Belgium:F;India:F;Pakistan:F;Switzerland:R;North Korea:D
0.2962344663988148,7,India:F;Pakistan:F;North Korea:F;North Korea:D;Switzerland:R;Belgium:F;Taiwan:M,Belgium:F;India:F;Pakistan:F;Switzerland:R;North Korea:D
0.2965642447410433,7,India:F;Pakistan:F;North Korea:F;North Korea:D;Switzerland:R;Belgium:F;Taiwan:M,Belgium:F;India:F;Pakistan:F;Switzerland:R;North Korea:D
0.296619609495854,7,India:F;Pakistan:F;North Korea:F;North Korea:D;Switzerland:R;Belgium:F;Taiwan:M,Belgium:F;India:F;Pakistan:F;Switzerland:R;North Korea:D
0.2967043248391593,7,India:F;Pakistan:F;North Korea:F;North Korea:D;Switzerland:R;Belgium:F;Taiwan:M,Belgium:F;India:F;Pakistan:F;Switzerland:R;North Korea:D
0.2969160565960766,7,India:F;Pakistan:F;North Korea:F;North Korea:D;Switzerland:R;Belgium:F;Taiwan:M,Belgium:F;India:F;Pakistan:F;Switzerland:R;North Korea:D
0.29755881743290596,7,India:F;Pakistan:F;North Korea:F;North Korea:D;Switzerland:R;Belgium:F;Taiwan:M,Belgium:F;India:F;Pakistan:F;Switzerland:R;North Korea:D
0.29837468938280204,7,India:F;Pakistan:F;North Korea:F;North Korea:D;Switzerland:R;Belgium:F;Taiwan:M,Belgium:F;India:F;Pakistan:F;Switzerland:R;North Korea:D
0.2984092824500286,7,India:F;Pakistan:F;North Korea:F;North Korea:D;Switzerland:R;Belgium:F;Taiwan:M,Belgium:F;India:F;Pakistan:F;Switzerland:R;North Korea:D
0.2986026499395195,7,India:F;Pakistan:F;North Korea:F;North Korea:D;Switzerland:R;Belgium:F;Taiwan:M,Belgium:F;India:F;Pakistan:F;Switzerland:R;North Korea:D
0.2987139891114529,7,India:F;Pakistan:F;North Korea:F;North Korea:D;Switzerland:R;Belgium:F;Taiwan:M,Belgium:F;India:F;Pakistan:F;Switzerland:R;North Korea:D
0.2989423230355997,7,India:F;Pakistan:F;North Korea:F;North Korea:D;Switzerland:R;Belgium:F;Taiwan:M,Belgium:F;India:F;Pakistan:F;Switzerland:R;North Korea:D
0.29911672054977556,7,India:F;Pakistan:F;North Korea:F;North Korea:D;Switzerland:R;Belgium:F;Taiwan:M,Belgium:F;India:F;Pakistan:F;Switzerland:R;North Korea:D
0.29935699340030403,7,India:F;Pakistan:F;North Korea:F;North Korea:D;Switzerland:R;Belgium:F;Taiwan:M,Belgium:F;India:F;Pakistan:F;Switzerland:R;North Korea:D
0.29983139382548585,7,India:F;Pakistan:F;North Korea:F;North Korea:D;Switzerland:R;Belgium:F;Taiwan:M,Belgium:F;India:F;Pakistan:F;Switzerland:R;North Korea:D
0.3000458845828304,7,India:F;Pakistan:F;North Korea:F;North Korea:D;Switzerland:R;Belgium:F;Taiwan:M,Belgium:F;India:F;Pakistan:F;Switzerland:R;North Korea:D
0.30008929271527435,7,India:F;Pakistan:F;North Korea:F;North Korea:D;Switzerland:R;Belgium:F;Taiwan:M,Belgium:F;India:F;Pakistan:F;Switzerland:R;North Korea:D
0.30016980499048757,7,India:F;Pakistan:F;North Korea:F;North Korea:D;Switzerland:R;Belgium:F;Taiwan:M,Belgium:F;India:F;Pakistan:F;Switzerland:R;North Korea:D
0.30027449419865393,7,India:F;Pakistan:F;North Korea:F;North Korea:D;Switzerland:R;Belgium:F;Taiwan:M,Belgium:F;India:F;Pakistan:F;Switzerland:R;North Korea:D
0.30033412078008,7,India:F;Pakistan:F;North Korea:F;North Korea:D;Switzerland:R;Belgium:F;Taiwan:M,Belgium:F;India:F;Pakistan:F;Switzerland:R;North Korea:D
0.30033574788903733,7,India:F;Pakistan:F;North Korea:F;North Korea:D;Switzerland:R;Belgium:F;Taiwan:M,Belgium:F;India:F;Pakistan:F;Switzerland:R;North Korea:D
0.30035944518777696,7,India:F;Pakistan:F;North Korea:F;North Korea:D;Switzerland:R;Belgium:F;Taiwan:M,Belgium:F;India:F;Pakistan:F;Switzerland:R;North Korea:D
0.30061962364585404,7,India:F;Pakistan:F;North Korea:F;North Korea:D;Switzerland:R;Belgium:F;Taiwan:M,Belgium:F;India:F;Pakistan:F;Switzerland:R;North Korea:D
0.30137118615996855,7,India:F;Pakistan:F;North Korea:F;North Korea:D;Switzerland:R;Belgium:F;Taiwan:M,Belgium:F;India:F;Pakistan:F;Switzerland:R;North Korea:D
0.3016029592749319,7,India:F;Pakistan:F;North Korea:F;North Korea:D;Switzerland:R;Belgium:F;Taiwan:M,Belgium:F;India:F;Pakistan:F;Switzerland:R;North Korea:D
0.30162432287548496,7,India:F;Pakistan:F;North Korea:F;North Korea:D;Switzerland:R;Belgium:F;Taiwan:M,Belgium:F;India:F;Pakistan:F;Switzerland:R;North Korea:D
0.30186243057821976,7,India:F;Pakistan:F;North Korea:F;North Korea:D;Switzerland:R;Belgium:F;Taiwan:M,Belgium:F;India:F;Pakistan:F;Switzerland:R;North Korea:D
0.3021154848018226,7,India:F;Pakistan:F;North Korea:F;North Korea:D;Switzerland:R;Belgium:F;Taiwan:M,Belgium:F;India:F;Pakistan:F;Switzerland:R;North Korea:D
0.3022828259718898,7,India:F;Pakistan:F;North Korea:F;North Korea:D;Switzerland:R;Belgium:F;Taiwan:M,Belgium:F;India:F;Pakistan:F;Switzerland:R;North Korea:D
0.30253607725778947,7,India:F;Pakistan:F;North Korea:F;North Korea:D;Switzerland:R;Belgium:F;Taiwan:M,Belgium:F;India:F;Pakistan:F;Switzerland:R;North Korea:D
0.30313517303526444,7,India:F;Pakistan:F;North Korea:F;North Korea:D;Switzerland:R;Belgium:F;Taiwan:M,Belgium:F;India:F;Pakistan:F;Switzerland:R;North Korea:D
0.3031701448239621,7,India:F;Pakistan:F;North Korea:F;North Korea:D;Switzerland:R;Belgium:F;Taiwan:M,Belgium:F;India:F;Pakistan:F;Switzerland:R;North Korea:D
0.30330685966100857,7,India:F;Pakistan:F;North Korea:F;North Korea:D;Switzerland:R;Belgium:F;Taiwan:M,Belgium:F;India:F;Pakistan:F;Switzerland:R;North Korea:D
0.3036395564943255,7,India:F;Pakistan:F;North Korea:F;North Korea:D;Switzerland:R;Belgium:F;Taiwan:M,Belgium:F;India:F;Pakistan:F;Switzerland:R;North Korea:D
0.3041092767121031,7,India:F;Pakistan:F;North Korea:F;North Korea:D;Switzerland:R;Belgium:F;Taiwan:M,Belgium:F;India:F;Pakistan:F;Switzerland:R;North Korea:D
0.30433429333301804,7,India:F;Pakistan:F;North Korea:F;North Korea:D;Switzerland:R;Belgium:F;Taiwan:M,Belgium:F;India:F;Pakistan:F;Switzerland:R;North Korea:D
0.30438722206144475,7,India:F;Pakistan:F;North Korea:F;North Korea:D;Switzerland:R;Belgium:F;Taiwan:M,Belgium:F;India:F;Pakistan:F;Switzerland:R;North Korea:D
0.30485488639108954,7,India:F;Pakistan:F;North Korea:F;North Korea:D;Switzerland:R;Belgium:F;Taiwan:M,Belgium:F;India:F;Pakistan:F;Switzerland:R;North Korea:D
0.3051143967861571,7,India:F;Pakistan:F;North Korea:F;North Korea:D;Switzerland:R;Belgium:F;Taiwan:M,Belgium:F;India:F;Pakistan:F;Switzerland:R;North Korea:D
0.3052844334676772,7,India:F;Pakistan:F;North Korea:F;North Korea:D;Switzerland:R;Belgium:F;Taiwan:M,Belgium:F;India:F;Pakistan:F;Switzerland:R;North Korea:D
0.3054347733034681,7,India:F;Pakistan:F;North Korea:F;North Korea:D;Switzerland:R;Belgium:F;Taiwan:M,Belgium:F;India:F;Pakistan:F;Switzerland:R;North Korea:D
0.30568312533180564,7,India:F;Pakistan:F;North Korea:F;North Korea:D;Switzerland:R;Belgium:F;Taiwan:M,Belgium:F;India:F;Pakistan:F;Switzerland:R;North Korea:D
0.306239463080686,7,India:F;Pakistan:F;North Korea:F;North Korea:D;Switzerland:R;Belgium:F;Taiwan:M,Belgium:F;India:F;Pakistan:F;Switzerland:R;North Korea:D
0.3068184612694819,7,India:F;Pakistan:F;North Korea:F;North Korea:D;Switzerland:R;Belgium:F;Taiwan:M,Belgium:F;India:F;Pakistan:F;Switzerland:R;North Korea:D
0.3068688331479987,7,India:F;Pakistan:F;North Korea:F;North Korea:D;Switzerland:R;Belgium:F;Taiwan:M,Belgium:F;India:F;Pakistan:F;Switzerland:R;North Korea:D
0.30699823902569395,7,India:F;Pakistan:F;North Korea:F;North Korea:D;Switzerland:R;Belgium:F;Taiwan:M,Belgium:F;India:F;Pakistan:F;Switzerland:R;North Korea:D
0.30735405710676733,7,India:F;Pakistan:F;North Korea:F;North Korea:D;Switzerland:R;Belgium:F;Taiwan:M,Belgium:F;India:F;Pakistan:F;Switzerland:R;North Korea:D
0.3076256307196698,7,India:F;Pakistan:F;North Korea:F;North Korea:D;Switzerland:R;Belgium:F;Taiwan:M,Belgium:F;India:F;Pakistan:F;Switzerland:R;North Korea:D
0.3080409840453866,7,India:F;Pakistan:F;North Korea:F;North Korea:D;Switzerland:R;Belgium:F;Taiwan:M,Belgium:F;India:F;Pakistan:F;Switzerland:R;North Korea:D
0.3081323499456243,7,India:F;Pakistan:F;North Korea:F;North Korea:D;Switzerland:R;Belgium:F;Taiwan:M,Belgium:F;India:F;Pakistan:F;Switzerland:R;North Korea:D
0.3083607124394099,7,India:F;Pakistan:F;North Korea:F;North Korea:D;Switzerland:R;Belgium:F;Taiwan:M,Belgium:F;India:F;Pakistan:F;Switzerland:R;North Korea:D
0.30905403664113107,7,India:F;Pakistan:F;North Korea:F;North Korea:D;Switzerland:R;Belgium:F;Taiwan:M,Belgium:F;India:F;Pakistan:F;Switzerland:R;North Korea:D
0.3099342565746198,7,India:F;Pakistan:F;North Korea:F;North Korea:D;Switzerland:R;Belgium:F;Taiwan:M,Belgium:F;India:F;Pakistan:F;Switzerland:R;North Korea:D
0.3099715821252662,7,India:F;Pakistan:F;North Korea:F;North Korea:D;Switzerland:R;Belgium:F;Taiwan:M,Belgium:F;India:F;Pakistan:F;Switzerland:R;North Korea:D
0.3101802297601741,7,India:F;Pakistan:F;North Korea:F;North Korea:D;Switzerland:R;Belgium:F;Taiwan:M,Belgium:F;India:F;Pakistan:F;Switzerland:R;North Korea:D
0.3105467696259994,7,India:F;Pakistan:F;North Korea:F;North Korea:D;Switzerland:R;Belgium:F;Taiwan:M,Belgium:F;India:F;Pakistan:F;Switzerland:R;North Korea:D
0.3109942825748401,7,India:F;Pakistan:F;North Korea:F;North Korea:D;Switzerland:R;Belgium:F;Taiwan:M,Belgium:F;India:F;Pakistan:F;Switzerland:R;North Korea:D
0.3117378416394104,7,India:F;Pakistan:F;North Korea:F;North Korea:D;Switzerland:R;Belgium:F;Taiwan:M,Belgium:F;India:F;Pakistan:F;Switzerland:R;North Korea:D
0.31178469893825245,7,India:F;Pakistan:F;North Korea:F;North Korea:D;Switzerland:R;Belgium:F;Taiwan:M,Belgium:F;India:F;Pakistan:F;Switzerland:R;North Korea:D
0.3118716100363216,7,India:F;Pakistan:F;North Korea:F;North Korea:D;Switzerland:R;Belgium:F;Taiwan:M,Belgium:F;India:F;Pakistan:F;Switzerland:R;North Korea:D
0.31198462228027485,7,India:F;Pakistan:F;North Korea:F;North Korea:D;Switzerland:R;Belgium:F;Taiwan:M,Belgium:F;India:F;Pakistan:F;Switzerland:R;North Korea:D
0.31205074720674625,7,India:F;Pakistan:F;North Korea:F;North Korea:D;Switzerland:R;Belgium:F;Taiwan:M,Belgium:F;India:F;Pakistan:F;Switzerland:R;North Korea:D
0.3120763293294821,7,India:F;Pakistan:F;North Korea:F;North Korea:D;Switzerland:R;Belgium:F;Taiwan:M,Belgium:F;India:F;Pakistan:F;Switzerland:R;North Korea:D
0.31235721208849293,7,India:F;Pakistan:F;North Korea:F;North Korea:D;Switzerland:R;Belgium:F;Taiwan:M,Belgium:F;India:F;Pakistan:F;Switzerland:R;North Korea:D
0.31316868855210733,7,India:F;Pakistan:F;North Korea:F;North Korea:D;Switzerland:R;Belgium:F;Taiwan:M,Belgium:F;India:F;Pakistan:F;Switzerland:R;North Korea:D
0.31341897039545313,7,India:F;Pakistan:F;North Korea:F;North Korea:D;Switzerland:R;Belgium:F;Taiwan:M,Belgium:F;India:F;Pakistan:F;Switzerland:R;North Korea:D
0.3134420407897238,7,India:F;Pakistan:F;North Korea:F;North Korea:D;Switzerland:R;Belgium:F;Taiwan:M,Belgium:F;India:F;Pakistan:F;Switzerland:R;North Korea:D
0.3136991802040692,7,India:F;Pakistan:F;North Korea:F;North Korea:D;Switzerland:R;Belgium:F;Taiwan:M,Belgium:F;India:F;Pakistan:F;Switzerland:R;North Korea:D
0.31415468285003467,7,India:F;Pakistan:F;North Korea:F;North Korea:D;Switzerland:R;Belgium:F;Taiwan:M,Belgium:F;India:F;Pakistan:F;Switzerland:R;North Korea:D
0.31442675696232325,7,India:F;Pakistan:F;North Korea:F;North Korea:D;Switzerland:R;Belgium:F;Taiwan:M,Belgium:F;India:F;Pakistan:F;Switzerland:R;North Korea:D
0.31511170237973574,7,India:F;Pakistan:F;North Korea:F;North Korea:D;Switzerland:R;Belgium:F;Taiwan:M,Belgium:F;India:F;Pakistan:F;Switzerland:R;North Korea:D
0.31525940206331243,7,India:F;Pakistan:F;North Korea:F;North Korea:D;Switzerland:R;Belgium:F;Taiwan:M,Belgium:F;India:F;Pakistan:F;Switzerland:R;North Korea:D
0.3156188525453399,7,India:F;Pakistan:F;North Korea:F;North Korea:D;Switzerland:R;Belgium:F;Taiwan:M,Belgium:F;India:F;Pakistan:F;Switzerland:R;North Korea:D
0.3158760435346,7,India:F;Pakistan:F;North Korea:F;North Korea:D;Switzerland:R;Belgium:F;Taiwan:M,Belgium:F;India:F;Pakistan:F;Switzerland:R;North Korea:D
0.31587821137211913,7,India:F;Pakistan:F;North Korea:F;North Korea:D;Switzerland:R;Belgium:F;Taiwan:M,Belgium:F;India:F;Pakistan:F;Switzerland:R;North Korea:D
0.31589859087199235,7,India:F;Pakistan:F;North Korea:F;North Korea:D;Switzerland:R;Belgium:F;Taiwan:M,Belgium:F;India:F;Pakistan:F;Switzerland:R;North Korea:D
0.3163695565095707,7,India:F;Pakistan:F;North Korea:F;North Korea:D;Switzerland:R;Belgium:F;Taiwan:M,Belgium:F;India:F;Pakistan:F;Switzerland:R;North Korea:D
0.3164267546662938,7,India:F;Pakistan:F;North Korea:F;North Korea:D;Switzerland:R;Belgium:F;Taiwan:M,Belgium:F;India:F;Pakistan:F;Switzerland:R;North Korea:D
0.31675871877193645,7,India:F;Pakistan:F;North Korea:F;North Korea:D;Switzerland:R;Belgium:F;Taiwan:M,Belgium:F;India:F;Pakistan:F;Switzerland:R;North Korea:D
0.31693217673252383,7,India:F;Pakistan:F;North Korea:F;North Korea:D;Switzerland:R;Belgium:F;Taiwan:M,Belgium:F;India:F;Pakistan:F;Switzerland:R;North Korea:D
0.3172126656788485,7,India:F;Pakistan:F;North Korea:F;North Korea:D;Switzerland:R;Belgium:F;Taiwan:M,Belgium:F;India:F;Pakistan:F;Switzerland:R;North Korea:D
0.3175589671980454,7,India:F;Pakistan:F;North Korea:F;North Korea:D;Switzerland:R;Belgium:F;Taiwan:M,Belgium:F;India:F;Pakistan:F;Switzerland:R;North Korea:D
0.31782743581897277,7,India:F;Pakistan:F;North Korea:F;North Korea:D;Switzerland:R;Belgium:F;Taiwan:M,Belgium:F;India:F;Pakistan:F;Switzerland:R;North Korea:D
0.3190549550662092,7,India:F;Pakistan:F;North Korea:F;North Korea:D;Switzerland:R;Belgium:F;Taiwan:M,Belgium:F;India:F;Pakistan:F;Switzerland:R;North Korea:D
0.3191094252704059,7,India:F;Pakistan:F;North Korea:F;North Korea:D;Switzerland:R;Belgium:F;Taiwan:M,Belgium:F;India:F;Pakistan:F;Switzerland:R;North Korea:D
0.3192493630593561,7,India:F;Pakistan:F;North Korea:F;North Korea:D;Switzerland:R;Belgium:F;Taiwan:M,Belgium:F;India:F;Pakistan:F;Switzerland:R;North Korea:D
0.3196341642534198,7,India:F;Pakistan:F;North Korea:F;North Korea:D;Switzerland:R;Belgium:F;Taiwan:M,Belgium:F;India:F;Pakistan:F;Switzerland:R;North Korea:D
0.31992788281150714,7,India:F;Pakistan:F;North Korea:F;North Korea:D;Switzerland:R;Belgium:F;Taiwan:M,Belgium:F;India:F;Pakistan:F;Switzerland:R;North Korea:D
0.32031255767827566,7,India:F;Pakistan:F;North Korea:F;North Korea:D;Switzerland:R;Belgium:F;Taiwan:M,Belgium:F;India:F;Pakistan:F;Switzerland:R;North Korea:D
0.3204759769296821,7,India:F;Pakistan:F;North Korea:F;North Korea:D;Switzerland:R;Belgium:F;Taiwan:M,Belgium:F;India:F;Pakistan:F;Switzerland:R;North Korea:D
0.3207230093986446,7,India:F;Pakistan:F;North Korea:F;North Korea:D;Switzerland:R;Belgium:F;Taiwan:M,Belgium:F;India:F;Pakistan:F;Switzerland:R;North Korea:D
0.3209620245507345,7,India:F;Pakistan:F;North Korea:F;North Korea:D;Switzerland:R;Belgium:F;Taiwan:M,Belgium:F;India:F;Pakistan:F;Switzerland:R;North Korea:D
0.32110873111390614,7,India:F;Pakistan:F;North Korea:F;North Korea:D;Switzerland:R;Belgium:F;Taiwan:M,Belgium:F;India:F;Pakistan:F;Switzerland:R;North Korea:D
0.3211628069609881,7,India:F;Pakistan:F;North Korea:F;North Korea:D;Switzerland:R;Belgium:F;Taiwan:M,Belgium:F;India:F;Pakistan:F;Switzerland:R;North Korea:D
0.32147310680743135,7,India:F;Pakistan:F;North Korea:F;North Korea:D;Switzerland:R;Belgium:F;Taiwan:M,Belgium:F;India:F;Pakistan:F;Switzerland:R;North Korea:D
0.32200658204833105,7,India:F;Pakistan:F;North Korea:F;North Korea:D;Switzerland:R;Belgium:F;Taiwan:M,Belgium:F;India:F;Pakistan:F;Switzerland:R;North Korea:D
0.3223408656007706,7,India:F;Pakistan:F;North Korea:F;North Korea:D;Switzerland:R;Belgium:F;Taiwan:M,Belgium:F;India:F;Pakistan:F;Switzerland:R;North Korea:D
0.3224255988600337,7,India:F;Pakistan:F;North Korea:F;North Korea:D;Switzerland:R;Belgium:F;Taiwan:M,Belgium:F;India:F;Pakistan:F;Switzerland:R;North Korea:D
0.3224502251952076,7,India:F;Pakistan:F;North Korea:F;North Korea:D;Switzerland:R;Belgium:F;Taiwan:M,Belgium:F;India:F;Pakistan:F;Switzerland:R;North Korea:D
0.3226698189905843,7,India:F;Pakistan:F;North Korea:F;North Korea:D;Switzerland:R;Belgium:F;Taiwan:M,Belgium:F;India:F;Pakistan:F;Switzerland:R;North Korea:D
0.32269180711942785,7,India:F;Pakistan:F;North Korea:F;North Korea:D;Switzerland:R;Belgium:F;Taiwan:M,Belgium:F;India:F;Pakistan:F;Switzerland:R;North Korea:D
0.32282183893132027,7,India:F;Pakistan:F;North Korea:F;North Korea:D;Switzerland:R;Belgium:F;Taiwan:M,Belgium:F;India:F;Pakistan:F;Switzerland:R;North Korea:D
0.3231790348580187,7,India:F;Pakistan:F;North Korea:F;North Korea:D;Switzerland:R;Belgium:F;Taiwan:M,Belgium:F;India:F;Pakistan:F;Switzerland:R;North Korea:D
0.3235729497456881,7,India:F;Pakistan:F;North Korea:F;North Korea:D;Switzerland:R;Belgium:F;Taiwan:M,Belgium:F;India:F;Pakistan:F;Switzerland:R;North Korea:D
0.324428686480926,7,India:F;Pakistan:F;North Korea:F;North Korea:D;Switzerland:R;Belgium:F;Taiwan:M,Belgium:F;India:F;Pakistan:F;Switzerland:R;North Korea:D
0.32452279068955037,7,India:F;Pakistan:F;North Korea:F;North Korea:D;Switzerland:R;Belgium:F;Taiwan:M,Belgium:F;India:F;Pakistan:F;Switzerland:R;North Korea:D
0.3246451594614889,7,India:F;Pakistan:F;North Korea:F;North Korea:D;Switzerland:R;Belgium:F;Taiwan:M,Belgium:F;India:F;Pakistan:F;Switzerland:R;North Korea:D
0.32471676068191446,7,India:F;Pakistan:F;North Korea:F;North Korea:D;Switzerland:R;Belgium:F;Taiwan:M,Belgium:F;India:F;Pakistan:F;Switzerland:R;North Korea:D
0.3247444617797707,7,India:F;Pakistan:F;North Korea:F;North Korea:D;Switzerland:R;Belgium:F;Taiwan:M,Belgium:F;India:F;Pakistan:F;Switzerland:R;North Korea:D
0.3248749814797098,7,India:F;Pakistan:F;North Korea:F;North Korea:D;Switzerland:R;Belgium:F;Taiwan:M,Belgium:F;India:F;Pakistan:F;Switzerland:R;North Korea:D
0.3249637080824087,7,India:F;Pakistan:F;North Korea:F;North Korea:D;Switzerland:R;Belgium:F;Taiwan:M,Belgium:F;India:F;Pakistan:F;Switzerland:R;North Korea:D
0.3250486222691423,7,India:F;Pakistan:F;North Korea:F;North Korea:D;Switzerland:R;Belgium:F;Taiwan:M,Belgium:F;India:F;Pakistan:F;Switzerland:R;North Korea:D
0.32541600607661486,7,India:F;Pakistan:F;North Korea:F;North Korea:D;Switzerland:R;Belgium:F;Taiwan:M,Belgium:F;India:F;Pakistan:F;Switzerland:R;North Korea:D
0.32581952145489235,7,India:F;Pakistan:F;North Korea:F;North Korea:D;Switzerland:R;Belgium:F;Taiwan:M,Belgium:F;India:F;Pakistan:F;Switzerland:R;North Korea:D
0.3259274734812609,7,India:F;Pakistan:F;North Korea:F;North Korea:D;Switzerland:R;Belgium:F;Taiwan:M,Belgium:F;India:F;Pakistan:F;Switzerland:R;North Korea:D
0.32619857300751337,7,India:F;Pakistan:F;North Korea:F;North Korea:D;Switzerland:R;Belgium:F;Taiwan:M,Belgium:F;India:F;Pakistan:F;Switzerland:R;North Korea:D
0.326223563215728,7,India:F;Pakistan:F;North Korea:F;North Korea:D;Switzerland:R;Belgium:F;Taiwan:M,Belgium:F;India:F;Pakistan:F;Switzerland:R;North Korea:D
0.3263972068578989,7,India:F;Pakistan:F;North Korea:F;North Korea:D;Switzerland:R;Belgium:F;Taiwan:M,Belgium:F;India:F;Pakistan:F;Switzerland:R;North Korea:D
0.3267981826475526,7,India:F;Pakistan:F;North Korea:F;North Korea:D;Switzerland:R;Belgium:F;Taiwan:M,Belgium:F;India:F;Pakistan:F;Switzerland:R;North Korea:D
0.3269939930452797,7,India:F;Pakistan:F;North Korea:F;North Korea:D;Switzerland:R;Belgium:F;Taiwan:M,Belgium:F;India:F;Pakistan:F;Switzerland:R;North Korea:D
0.32729036288572044,7,India:F;Pakistan:F;North Korea:F;North Korea:D;Switzerland:R;Belgium:F;Taiwan:M,Belgium:F;India:F;Pakistan:F;Switzerland:R;North Korea:D
0.327460735167781,7,India:F;Pakistan:F;North Korea:F;North Korea:D;Switzerland:R;Belgium:F;Taiwan:M,Belgium:F;India:F;Pakistan:F;Switzerland:R;North Korea:D
0.32758007684300705,7,India:F;Pakistan:F;North Korea:F;North Korea:D;Switzerland:R;Belgium:F;Taiwan:M,Belgium:F;India:F;Pakistan:F;Switzerland:R;North Korea:D
0.3280325648739119,7,India:F;Pakistan:F;North Korea:F;North Korea:D;Switzerland:R;Belgium:F;Taiwan:M,Belgium:F;India:F;Pakistan:F;Switzerland:R;North Korea:D
0.32809162059547026,7,India:F;Pakistan:F;North Korea:F;North Korea:D;Switzerland:R;Belgium:F;Taiwan:M,Belgium:F;India:F;Pakistan:F;Switzerland:R;North Korea:D
0.32858219444243364,7,India:F;Pakistan:F;North Korea:F;North Korea:D;Switzerland:R;Belgium:F;Taiwan:M,Belgium:F;India:F;Pakistan:F;Switzerland:R;North Korea:D
0.32886095573075474,7,India:F;Pakistan:F;North Korea:F;North Korea:D;Switzerland:R;Belgium:F;Taiwan:M,Belgium:F;India:F;Pakistan:F;Switzerland:R;North Korea:D
0.32886330546150705,7,India:F;Pakistan:F;North Korea:F;North Korea:D;Switzerland:R;Belgium:F;Taiwan:M,Belgium:F;India:F;Pakistan:F;Switzerland:R;North Korea:D
0.3288853949759007,7,India:F;Pakistan:F;North Korea:F;North Korea:D;Switzerland:R;Belgium:F;Taiwan:M,Belgium:F;India:F;Pakistan:F;Switzerland:R;North Korea:D
0.32947836037082473,7,India:F;Pakistan:F;North Korea:F;North Korea:D;Switzerland:R;Belgium:F;Taiwan:M,Belgium:F;India:F;Pakistan:F;Switzerland:R;North Korea:D
0.330309979308443,7,India:F;Pakistan:F;North Korea:F;North Korea:D;Switzerland:R;Belgium:F;Taiwan:M,Belgium:F;India:F;Pakistan:F;Switzerland:R;North Korea:D
0.3309766170063693,7,India:F;Pakistan:F;North Korea:F;North Korea:D;Switzerland:R;Belgium:F;Taiwan:M,Belgium:F;India:F;Pakistan:F;Switzerland:R;North Korea:D
0.3323671099497628,7,India:F;Pakistan:F;North Korea:F;North Korea:D;Switzerland:R;Belgium:F;Taiwan:M,Belgium:F;India:F;Pakistan:F;Switzerland:R;North Korea:D
0.33251891972529163,7,India:F;Pakistan:F;North Korea:F;North Korea:D;Switzerland:R;Belgium:F;Taiwan:M,Belgium:F;India:F;Pakistan:F;Switzerland:R;North Korea:D
0.3332550819104816,7,India:F;Pakistan:F;North Korea:F;North Korea:D;Switzerland:R;Belgium:F;Taiwan:M,Belgium:F;India:F;Pakistan:F;Switzerland:R;North Korea:D
0.33367249392268383,7,India:F;Pakistan:F;North Korea:F;North Korea:D;Switzerland:R;Belgium:F;Taiwan:M,Belgium:F;India:F;Pakistan:F;Switzerland:R;North Korea:D
0.3337425824221809,7,India:F;Pakistan:F;North Korea:F;North Korea:D;Switzerland:R;Belgium:F;Taiwan:M,Belgium:F;India:F;Pakistan:F;Switzerland:R;North Korea:D
0.33384983336668206,7,India:F;Pakistan:F;North Korea:F;North Korea:D;Switzerland:R;Belgium:F;Taiwan:M,Belgium:F;India:F;Pakistan:F;Switzerland:R;North Korea:D
0.3341179226025331,7,India:F;Pakistan:F;North Korea:F;North Korea:D;Switzerland:R;Belgium:F;Taiwan:M,Belgium:F;India:F;Pakistan:F;Switzerland:R;North Korea:D
0.33459525069980883,7,India:F;Pakistan:F;North Korea:F;North Korea:D;Switzerland:R;Belgium:F;Taiwan:M,Belgium:F;India:F;Pakistan:F;Switzerland:R;North Korea:D
0.3349320631721011,7,India:F;Pakistan:F;North Korea:F;North Korea:D;Switzerland:R;Belgium:F;Taiwan:M,Belgium:F;India:F;Pakistan:F;Switzerland:R;North Korea:D
0.3353035768909445,7,India:F;Pakistan:F;North Korea:F;North Korea:D;Switzerland:R;Belgium:F;Taiwan:M,Belgium:F;India:F;Pakistan:F;Switzerland:R;North Korea:D
0.33543359082543345,7,India:F;Pakistan:F;North Korea:F;North Korea:D;Switzerland:R;Belgium:F;Taiwan:M,Belgium:F;India:F;Pakistan:F;Switzerland:R;North Korea:D
0.33551118321665435,7,India:F;Pakistan:F;North Korea:F;North Korea:D;Switzerland:R;Belgium:F;Taiwan:M,Belgium:F;India:F;Pakistan:F;Switzerland:R;North Korea:D
0.3357481471766413,7,India:F;Pakistan:F;North Korea:F;North Korea:D;Switzerland:R;Belgium:F;Taiwan:M,Belgium:F;India:F;Pakistan:F;Switzerland:R;North Korea:D
0.33587410949938556,7,India:F;Pakistan:F;North Korea:F;North Korea:D;Switzerland:R;Belgium:F;Taiwan:M,Belgium:F;India:F;Pakistan:F;Switzerland:R;North Korea:D
0.3359661080584617,7,India:F;Pakistan:F;North Korea:F;North Korea:D;Switzerland:R;Belgium:F;Taiwan:M,Belgium:F;India:F;Pakistan:F;Switzerland:R;North Korea:D
0.3359928463149885,7,India:F;Pakistan:F;North Korea:F;North Korea:D;Switzerland:R;Belgium:F;Taiwan:M,Belgium:F;India:F;Pakistan:F;Switzerland:R;North Korea:D
0.336114206116605,7,India:F;Pakistan:F;North Korea:F;North Korea:D;Switzerland:R;Belgium:F;Taiwan:M,Belgium:F;India:F;Pakistan:F;Switzerland:R;North Korea:D
0.33623127976310085,7,India:F;Pakistan:F;North Korea:F;North Korea:D;Switzerland:R;Belgium:F;Taiwan:M,Belgium:F;India:F;Pakistan:F;Switzerland:R;North Korea:D
0.33625515507497367,7,India:F;Pakistan:F;North Korea:F;North Korea:D;Switzerland:R;Belgium:F;Taiwan:M,Belgium:F;India:F;Pakistan:F;Switzerland:R;North Korea:D
0.3363963499696955,7,India:F;Pakistan:F;North Korea:F;North Korea:D;Switzerland:R;Belgium:F;Taiwan:M,Belgium:F;India:F;Pakistan:F;Switzerland:R;North Korea:D
0.33678423537604696,7,India:F;Pakistan:F;North Korea:F;North Korea:D;Switzerland:R;Belgium:F;Taiwan:M,Belgium:F;India:F;Pakistan:F;Switzerland:R;North Korea:D
0.338086424722017,7,India:F;Pakistan:F;North Korea:F;North Korea:D;Switzerland:R;Belgium:F;Taiwan:M,Belgium:F;India:F;Pakistan:F;Switzerland:R;North Korea:D
0.33845449144442413,7,India:F;Pakistan:F;North Korea:F;North Korea:D;Switzerland:R;Belgium:F;Taiwan:M,Belgium:F;India:F;Pakistan:F;Switzerland:R;North Korea:D
0.33848458612240434,7,India:F;Pakistan:F;North Korea:F;North Korea:D;Switzerland:R;Belgium:F;Taiwan:M,Belgium:F;India:F;Pakistan:F;Switzerland:R;North Korea:D
0.3386263866147091,7,India:F;Pakistan:F;North Korea:F;North Korea:D;Switzerland:R;Belgium:F;Taiwan:M,Belgium:F;India:F;Pakistan:F;Switzerland:R;North Korea:D
0.3387227845941218,7,India:F;Pakistan:F;North Korea:F;North Korea:D;Switzerland:R;Belgium:F;Taiwan:M,Belgium:F;India:F;Pakistan:F;Switzerland:R;North Korea:D
0.3388150426201081,7,India:F;Pakistan:F;North Korea:F;North Korea:D;Switzerland:R;Belgium:F;Taiwan:M,Belgium:F;India:F;Pakistan:F;Switzerland:R;North Korea:D
0.3388506932513259,7,India:F;Pakistan:F;North Korea:F;North Korea:D;Switzerland:R;Belgium:F;Taiwan:M,Belgium:F;India:F;Pakistan:F;Switzerland:R;North Korea:D
0.3392142232952552,7,India:F;Pakistan:F;North Korea:F;North Korea:D;Switzerland:R;Belgium:F;Taiwan:M,Belgium:F;India:F;Pakistan:F;Switzerland:R;North Korea:D
0.33922500526318616,7,India:F;Pakistan:F;North Korea:F;North Korea:D;Switzerland:R;Belgium:F;Taiwan:M,Belgium:F;India:F;Pakistan:F;Switzerland:R;North Korea:D
0.3392739483818724,7,India:F;Pakistan:F;North Korea:F;North Korea:D;Switzerland:R;Belgium:F;Taiwan:M,Belgium:F;India:F;Pakistan:F;Switzerland:R;North Korea:D
0.339321564965565,7,India:F;Pakistan:F;North Korea:F;North Korea:D;Switzerland:R;Belgium:F;Taiwan:M,Belgium:F;India:F;Pakistan:F;Switzerland:R;North Korea:D
0.3396527067517308,7,India:F;Pakistan:F;North Korea:F;North Korea:D;Switzerland:R;Belgium:F;Taiwan:M,Belgium:F;India:F;Pakistan:F;Switzerland:R;North Korea:D
0.3400646483867717,7,India:F;Pakistan:F;North Korea:F;North Korea:D;Switzerland:R;Belgium:F;Taiwan:M,Belgium:F;India:F;Pakistan:F;Switzerland:R;North Korea:D
0.3400918084107577,7,India:F;Pakistan:F;North Korea:F;North Korea:D;Switzerland:R;Belgium:F;Taiwan:M,Belgium:F;India:F;Pakistan:F;Switzerland:R;North Korea:D
0.3402805338317486,7,India:F;Pakistan:F;North Korea:F;North Korea:D;Switzerland:R;Belgium:F;Taiwan:M,Belgium:F;India:F;Pakistan:F;Switzerland:R;North Korea:D
0.34039455328166646,7,India:F;Pakistan:F;North Korea:F;North Korea:D;Switzerland:R;Belgium:F;Taiwan:M,Belgium:F;India:F;Pakistan:F;Switzerland:R;North Korea:D
0.3407163689176215,7,India:F;Pakistan:F;North Korea:F;North Korea:D;Switzerland:R;Belgium:F;Taiwan:M,Belgium:F;India:F;Pakistan:F;Switzerland:R;North Korea:D
0.34092921887343375,7,India:F;Pakistan:F;North Korea:F;North Korea:D;Switzerland:R;Belgium:F;Taiwan:M,Belgium:F;India:F;Pakistan:F;Switzerland:R;North Korea:D
0.3409309461667273,7,India:F;Pakistan:F;North Korea:F;North Korea:D;Switzerland:R;Belgium:F;Taiwan:M,Belgium:F;India:F;Pakistan:F;Switzerland:R;North Korea:D
0.3412513996907252,7,India:F;Pakistan:F;North Korea:F;North Korea:D;Switzerland:R;Belgium:F;Taiwan:M,Belgium:F;India:F;Pakistan:F;Switzerland:R;North Korea:D
0.3414366210349442,7,India:F;Pakistan:F;North Korea:F;North Korea:D;Switzerland:R;Belgium:F;Taiwan:M,Belgium:F;India:F;Pakistan:F;Switzerland:R;North Korea:D
0.3420583495931075,7,India:F;Pakistan:F;North Korea:F;North Korea:D;Switzerland:R;Belgium:F;Taiwan:M,Belgium:F;India:F;Pakistan:F;Switzerland:R;North Korea:D
0.3426560281510331,7,India:F;Pakistan:F;North Korea:F;North Korea:D;Switzerland:R;Belgium:F;Taiwan:M,Belgium:F;India:F;Pakistan:F;Switzerland:R;North Korea:D
0.34295919167459926,7,India:F;Pakistan:F;North Korea:F;North Korea:D;Switzerland:R;Belgium:F;Taiwan:M,Belgium:F;India:F;Pakistan:F;Switzerland:R;North Korea:D
0.34296174718997574,7,India:F;Pakistan:F;North Korea:F;North Korea:D;Switzerland:R;Belgium:F;Taiwan:M,Belgium:F;India:F;Pakistan:F;Switzerland:R;North Korea:D
0.3429857713354991,7,India:F;Pakistan:F;North Korea:F;North Korea:D;Switzerland:R;Belgium:F;Taiwan:M,Belgium:F;India:F;Pakistan:F;Switzerland:R;North Korea:D
0.343999965884747,7,India:F;Pakistan:F;North Korea:F;North Korea:D;Switzerland:R;Belgium:F;Taiwan:M,Belgium:F;India:F;Pakistan:F;Switzerland:R;North Korea:D
0.344535415034841,7,India:F;Pakistan:F;North Korea:F;North Korea:D;Switzerland:R;Belgium:F;Taiwan:M,Belgium:F;India:F;Pakistan:F;Switzerland:R;North Korea:D
0.3449439807663843,7,India:F;Pakistan:F;North Korea:F;North Korea:D;Switzerland:R;Belgium:F;Taiwan:M,Belgium:F;India:F;Pakistan:F;Switzerland:R;North Korea:D
0.3451534590502432,7,India:F;Pakistan:F;North Korea:F;North Korea:D;Switzerland:R;Belgium:F;Taiwan:M,Belgium:F;India:F;Pakistan:F;Switzerland:R;North Korea:D
0.3452607723067565,7,India:F;Pakistan:F;North Korea:F;North Korea:D;Switzerland:R;Belgium:F;Taiwan:M,Belgium:F;India:F;Pakistan:F;Switzerland:R;North Korea:D
0.3469767768553808,7,India:F;Pakistan:F;North Korea:F;North Korea:D;Switzerland:R;Belgium:F;Taiwan:M,Belgium:F;India:F;Pakistan:F;Switzerland:R;North Korea:D
0.3477408840084646,7,India:F;Pakistan:F;North Korea:F;North Korea:D;Switzerland:R;Belgium:F;Taiwan:M,Belgium:F;India:F;Pakistan:F;Switzerland:R;North Korea:D
0.34776248913302216,7,India:F;Pakistan:F;North Korea:F;North Korea:D;Switzerland:R;Belgium:F;Taiwan:M,Belgium:F;India:F;Pakistan:F;Switzerland:R;North Korea:D
0.3479247713243422,7,India:F;Pakistan:F;North Korea:F;North Korea:D;Switzerland:R;Belgium:F;Taiwan:M,Belgium:F;India:F;Pakistan:F;Switzerland:R;North Korea:D
0.3481953972440357,7,India:F;Pakistan:F;North Korea:F;North Korea:D;Switzerland:R;Belgium:F;Taiwan:M,Belgium:F;India:F;Pakistan:F;Switzerland:R;North Korea:D
0.34827172033847825,7,India:F;Pakistan:F;North Korea:F;North Korea:D;Switzerland:R;Belgium:F;Taiwan:M,Belgium:F;India:F;Pakistan:F;Switzerland:R;North Korea:D
0.3484664824573312,7,India:F;Pakistan:F;North Korea:F;North Korea:D;Switzerland:R;Belgium:F;Taiwan:M,Belgium:F;India:F;Pakistan:F;Switzerland:R;North Korea:D
0.34868047197090696,7,India:F;Pakistan:F;North Korea:F;North Korea:D;Switzerland:R;Belgium:F;Taiwan:M,Belgium:F;India:F;Pakistan:F;Switzerland:R;North Korea:D
0.34922750848430173,7,India:F;Pakistan:F;North Korea:F;North Korea:D;Switzerland:R;Belgium:F;Taiwan:M,Belgium:F;India:F;Pakistan:F;Switzerland:R;North Korea:D
0.3495663147622161,7,India:F;Pakistan:F;North Korea:F;North Korea:D;Switzerland:R;Belgium:F;Taiwan:M,Belgium:F;India:F;Pakistan:F;Switzerland:R;North Korea:D
0.3495672220337386,7,India:F;Pakistan:F;North Korea:F;North Korea:D;Switzerland:R;Belgium:F;Taiwan:M,Belgium:F;India:F;Pakistan:F;Switzerland:R;North Korea:D
0.34997193196589427,7,India:F;Pakistan:F;North Korea:F;North Korea:D;Switzerland:R;Belgium:F;Taiwan:M,Belgium:F;India:F;Pakistan:F;Switzerland:R;North Korea:D
0.3499724180587706,7,India:F;Pakistan:F;North Korea:F;North Korea:D;Switzerland:R;Belgium:F;Taiwan:M,Belgium:F;India:F;Pakistan:F;Switzerland:R;North Korea:D
0.3501135724248312,7,India:F;Pakistan:F;North Korea:F;North Korea:D;Switzerland:R;Belgium:F;Taiwan:M,Belgium:F;India:F;Pakistan:F;Switzerland:R;North Korea:D
0.3501981058222355,7,India:F;Pakistan:F;North Korea:F;North Korea:D;Switzerland:R;Belgium:F;Taiwan:M,Belgium:F;India:F;Pakistan:F;Switzerland:R;North Korea:D
0.3501983885631209,7,India:F;Pakistan:F;North Korea:F;North Korea:D;Switzerland:R;Belgium:F;Taiwan:M,Belgium:F;India:F;Pakistan:F;Switzerland:R;North Korea:D
0.35024782076463057,7,India:F;Pakistan:F;North Korea:F;North Korea:D;Switzerland:R;Belgium:F;Taiwan:M,Belgium:F;India:F;Pakistan:F;Switzerland:R;North Korea:D
0.35045627792406986,7,India:F;Pakistan:F;North Korea:F;North Korea:D;Switzerland:R;Belgium:F;Taiwan:M,Belgium:F;India:F;Pakistan:F;Switzerland:R;North Korea:D
0.3506937602786107,7,India:F;Pakistan:F;North Korea:F;North Korea:D;Switzerland:R;Belgium:F;Taiwan:M,Belgium:F;India:F;Pakistan:F;Switzerland:R;North Korea:D
0.3507228942534964,7,India:F;Pakistan:F;North Korea:F;North Korea:D;Switzerland:R;Belgium:F;Taiwan:M,Belgium:F;India:F;Pakistan:F;Switzerland:R;North Korea:D
0.3508403966561824,7,India:F;Pakistan:F;North Korea:F;North Korea:D;Switzerland:R;Belgium:F;Taiwan:M,Belgium:F;India:F;Pakistan:F;Switzerland:R;North Korea:D
0.35085513031507887,7,India:F;Pakistan:F;North Korea:F;North Korea:D;Switzerland:R;Belgium:F;Taiwan:M,Belgium:F;India:F;Pakistan:F;Switzerland:R;North Korea:D
0.35098270006530924,7,India:F;Pakistan:F;North Korea:F;North Korea:D;Switzerland:R;Belgium:F;Taiwan:M,Belgium:F;India:F;Pakistan:F;Switzerland:R;North Korea:D
0.3510087163694064,7,India:F;Pakistan:F;North Korea:F;North Korea:D;Switzerland:R;Belgium:F;Taiwan:M,Belgium:F;India:F;Pakistan:F;Switzerland:R;North Korea:D
0.3511625760743669,7,India:F;Pakistan:F;North Korea:F;North Korea:D;Switzerland:R;Belgium:F;Taiwan:M,Belgium:F;India:F;Pakistan:F;Switzerland:R;North Korea:D
0.3515852829625486,7,India:F;Pakistan:F;North Korea:F;North Korea:D;Switzerland:R;Belgium:F;Taiwan:M,Belgium:F;India:F;Pakistan:F;Switzerland:R;North Korea:D
0.3530046862578983,7,India:F;Pakistan:F;North Korea:F;North Korea:D;Switzerland:R;Belgium:F;Taiwan:M,Belgium:F;India:F;Pakistan:F;Switzerland:R;North Korea:D
0.35369850229462235,7,India:F;Pakistan:F;North Korea:F;North Korea:D;Switzerland:R;Belgium:F;Taiwan:M,Belgium:F;India:F;Pakistan:F;Switzerland:R;North Korea:D
0.35424614924337977,7,India:F;Pakistan:F;North Korea:F;North Korea:D;Switzerland:R;Belgium:F;Taiwan:M,Belgium:F;India:F;Pakistan:F;Switzerland:R;North Korea:D
0.35429952314789753,7,India:F;Pakistan:F;North Korea:F;North Korea:D;Switzerland:R;Belgium:F;Taiwan:M,Belgium:F;India:F;Pakistan:F;Switzerland:R;North Korea:D
0.35435145108167143,7,India:F;Pakistan:F;North Korea:F;North Korea:D;Switzerland:R;Belgium:F;Taiwan:M,Belgium:F;India:F;Pakistan:F;Switzerland:R;North Korea:D
0.3544339571904955,7,India:F;Pakistan:F;North Korea:F;North Korea:D;Switzerland:R;Belgium:F;Taiwan:M,Belgium:F;India:F;Pakistan:F;Switzerland:R;North Korea:D
0.35448340984745436,7,India:F;Pakistan:F;North Korea:F;North Korea:D;Switzerland:R;Belgium:F;Taiwan:M,Belgium:F;India:F;Pakistan:F;Switzerland:R;North Korea:D
0.3547125933061508,7,India:F;Pakistan:F;North Korea:F;North Korea:D;Switzerland:R;Belgium:F;Taiwan:M,Belgium:F;India:F;Pakistan:F;Switzerland:R;North Korea:D
0.35471919877436686,7,India:F;Pakistan:F;North Korea:F;North Korea:D;Switzerland:R;Belgium:F;Taiwan:M,Belgium:F;India:F;Pakistan:F;Switzerland:R;North Korea:D
0.35484054397813863,7,India:F;Pakistan:F;North Korea:F;North Korea:D;Switzerland:R;Belgium:F;Taiwan:M,Belgium:F;India:F;Pakistan:F;Switzerland:R;North Korea:D
0.35506897846294844,7,India:F;Pakistan:F;North Korea:F;North Korea:D;Switzerland:R;Belgium:F;Taiwan:M,Belgium:F;India:F;Pakistan:F;Switzerland:R;North Korea:D
0.3552690227085174,7,India:F;Pakistan:F;North Korea:F;North Korea:D;Switzerland:R;Belgium:F;Taiwan:M,Belgium:F;India:F;Pakistan:F;Switzerland:R;North Korea:D
0.3553973853321527,7,India:F;Pakistan:F;North Korea:F;North Korea:D;Switzerland:R;Belgium:F;Taiwan:M,Belgium:F;India:F;Pakistan:F;Switzerland:R;North Korea:D
0.35587283127623043,7,India:F;Pakistan:F;North Korea:F;North Korea:D;Switzerland:R;Belgium:F;Taiwan:M,Belgium:F;India:F;Pakistan:F;Switzerland:R;North Korea:D
0.3561050457593883,7,India:F;Pakistan:F;North Korea:F;North Korea:D;Switzerland:R;Belgium:F;Taiwan:M,Belgium:F;India:F;Pakistan:F;Switzerland:R;North Korea:D
0.3561069302500626,7,India:F;Pakistan:F;North Korea:F;North Korea:D;Switzerland:R;Belgium:F;Taiwan:M,Belgium:F;India:F;Pakistan:F;Switzerland:R;North Korea:D
0.3566586620908367,7,India:F;Pakistan:F;North Korea:F;North Korea:D;Switzerland:R;Belgium:F;Taiwan:M,Belgium:F;India:F;Pakistan:F;Switzerland:R;North Korea:D
0.35832034882374314,7,India:F;Pakistan:F;North Korea:F;North Korea:D;Switzerland:R;Belgium:F;Taiwan:M,Belgium:F;India:F;Pakistan:F;Switzerland:R;North Korea:D
0.35832313839008306,7,India:F;Pakistan:F;North Korea:F;North Korea:D;Switzerland:R;Belgium:F;Taiwan:M,Belgium:F;India:F;Pakistan:F;Switzerland:R;North Korea:D
0.35834936291643404,7,India:F;Pakistan:F;North Korea:F;North Korea:D;Switzerland:R;Belgium:F;Taiwan:M,Belgium:F;India:F;Pakistan:F;Switzerland:R;North Korea:D
0.35877458595251305,7,India:F;Pakistan:F;North Korea:F;North Korea:D;Switzerland:R;Belgium:F;Taiwan:M,Belgium:F;India:F;Pakistan:F;Switzerland:R;North Korea:D
0.3594049858556079,7,India:F;Pakistan:F;North Korea:F;North Korea:D;Switzerland:R;Belgium:F;Taiwan:M,Belgium:F;India:F;Pakistan:F;Switzerland:R;North Korea:D
0.35945659806883795,7,India:F;Pakistan:F;North Korea:F;North Korea:D;Switzerland:R;Belgium:F;Taiwan:M,Belgium:F;India:F;Pakistan:F;Switzerland:R;North Korea:D
0.35994124347552053,7,India:F;Pakistan:F;North Korea:F;North Korea:D;Switzerland:R;Belgium:F;Taiwan:M,Belgium:F;India:F;Pakistan:F;Switzerland:R;North Korea:D
0.3604874790200877,7,India:F;Pakistan:F;North Korea:F;North Korea:D;Switzerland:R;Belgium:F;Taiwan:M,Belgium:F;India:F;Pakistan:F;Switzerland:R;North Korea:D
0.36083347796635606,7,India:F;Pakistan:F;North Korea:F;North Korea:D;Switzerland:R;Belgium:F;Taiwan:M,Belgium:F;India:F;Pakistan:F;Switzerland:R;North Korea:D
0.36354323996349025,7,India:F;Pakistan:F;North Korea:F;North Korea:D;Switzerland:R;Belgium:F;Taiwan:M,Belgium:F;India:F;Pakistan:F;Switzerland:R;North Korea:D
0.3637347551506577,7,India:F;Pakistan:F;North Korea:F;North Korea:D;Switzerland:R;Belgium:F;Taiwan:M,Belgium:F;India:F;Pakistan:F;Switzerland:R;North Korea:D
0.3637442245946737,7,India:F;Pakistan:F;North Korea:F;North Korea:D;Switzerland:R;Belgium:F;Taiwan:M,Belgium:F;India:F;Pakistan:F;Switzerland:R;North Korea:D
0.36390537507444565,7,India:F;Pakistan:F;North Korea:F;North Korea:D;Switzerland:R;Belgium:F;Taiwan:M,Belgium:F;India:F;Pakistan:F;Switzerland:R;North Korea:D
0.36412345824060993,7,India:F;Pakistan:F;North Korea:F;North Korea:D;Switzerland:R;Belgium:F;Taiwan:M,Belgium:F;India:F;Pakistan:F;Switzerland:R;North Korea:D
0.36425112795994535,7,India:F;Pakistan:F;North Korea:F;North Korea:D;Switzerland:R;Belgium:F;Taiwan:M,Belgium:F;India:F;Pakistan:F;Switzerland:R;North Korea:D
0.3643363586223882,7,India:F;Pakistan:F;North Korea:F;North Korea:D;Switzerland:R;Belgium:F;Taiwan:M,Belgium:F;India:F;Pakistan:F;Switzerland:R;North Korea:D
0.3644282989232948,7,India:F;Pakistan:F;North Korea:F;North Korea:D;Switzerland:R;Belgium:F;Taiwan:M,Belgium:F;India:F;Pakistan:F;Switzerland:R;North Korea:D
0.3645642968578975,7,India:F;Pakistan:F;North Korea:F;North Korea:D;Switzerland:R;Belgium:F;Taiwan:M,Belgium:F;India:F;Pakistan:F;Switzerland:R;North Korea:D
0.3645702895492314,7,India:F;Pakistan:F;North Korea:F;North Korea:D;Switzerland:R;Belgium:F;Taiwan:M,Belgium:F;India:F;Pakistan:F;Switzerland:R;North Korea:D
0.3651386666246783,7,India:F;Pakistan:F;North Korea:F;North Korea:D;Switzerland:R;Belgium:F;Taiwan:M,Belgium:F;India:F;Pakistan:F;Switzerland:R;North Korea:D
0.36553882213159916,7,India:F;Pakistan:F;North Korea:F;North Korea:D;Switzerland:R;Belgium:F;Taiwan:M,Belgium:F;India:F;Pakistan:F;Switzerland:R;North Korea:D
0.3655398142081736,7,India:F;Pakistan:F;North Korea:F;North Korea:D;Switzerland:R;Belgium:F;Taiwan:M,Belgium:F;India:F;Pakistan:F;Switzerland:R;North Korea:D
0.3659823769047474,7,India:F;Pakistan:F;North Korea:F;North Korea:D;Switzerland:R;Belgium:F;Taiwan:M,Belgium:F;India:F;Pakistan:F;Switzerland:R;North Korea:D
0.36598290849033877,7,India:F;Pakistan:F;North Korea:F;North Korea:D;Switzerland:R;Belgium:F;Taiwan:M,Belgium:F;India:F;Pakistan:F;Switzerland:R;North Korea:D
0.36606045058054215,7,India:F;Pakistan:F;North Korea:F;North Korea:D;Switzerland:R;Belgium:F;Taiwan:M,Belgium:F;India:F;Pakistan:F;Switzerland:R;North Korea:D
0.36613727614338853,7,India:F;Pakistan:F;North Korea:F;North Korea:D;Switzerland:R;Belgium:F;Taiwan:M,Belgium:F;India:F;Pakistan:F;Switzerland:R;North Korea:D
0.3662297253357842,7,India:F;Pakistan:F;North Korea:F;North Korea:D;Switzerland:R;Belgium:F;Taiwan:M,Belgium:F;India:F;Pakistan:F;Switzerland:R;North Korea:D
0.3662300345562477,7,India:F;Pakistan:F;North Korea:F;North Korea:D;Switzerland:R;Belgium:F;Taiwan:M,Belgium:F;India:F;Pakistan:F;Switzerland:R;North Korea:D
0.3666621939711754,7,India:F;Pakistan:F;North Korea:F;North Korea:D;Switzerland:R;Belgium:F;Taiwan:M,Belgium:F;India:F;Pakistan:F;Switzerland:R;North Korea:D
0.36677183450444156,7,India:F;Pakistan:F;North Korea:F;North Korea:D;Switzerland:R;Belgium:F;Taiwan:M,Belgium:F;India:F;Pakistan:F;Switzerland:R;North Korea:D
0.36680370121774414,7,India:F;Pakistan:F;North Korea:F;North Korea:D;Switzerland:R;Belgium:F;Taiwan:M,Belgium:F;India:F;Pakistan:F;Switzerland:R;North Korea:D
0.36683028589505723,7,India:F;Pakistan:F;North Korea:F;North Korea:D;Switzerland:R;Belgium:F;Taiwan:M,Belgium:F;India:F;Pakistan:F;Switzerland:R;North Korea:D
0.3669322276949882,7,India:F;Pakistan:F;North Korea:F;North Korea:D;Switzerland:R;Belgium:F;Taiwan:M,Belgium:F;India:F;Pakistan:F;Switzerland:R;North Korea:D
0.3669483439442622,7,India:F;Pakistan:F;North Korea:F;North Korea:D;Switzerland:R;Belgium:F;Taiwan:M,Belgium:F;India:F;Pakistan:F;Switzerland:R;North Korea:D
0.3670878872958554,7,India:F;Pakistan:F;North Korea:F;North Korea:D;Switzerland:R;Belgium:F;Taiwan:M,Belgium:F;India:F;Pakistan:F;Switzerland:R;North Korea:D
0.3671163460422197,7,India:F;Pakistan:F;North Korea:F;North Korea:D;Switzerland:R;Belgium:F;Taiwan:M,Belgium:F;India:F;Pakistan:F;Switzerland:R;North Korea:D
0.36774709109783443,7,India:F;Pakistan:F;North Korea:F;North Korea:D;Switzerland:R;Belgium:F;Taiwan:M,Belgium:F;India:F;Pakistan:F;Switzerland:R;North Korea:D
0.36871541399774854,7,India:F;Pakistan:F;North Korea:F;North Korea:D;Switzerland:R;Belgium:F;Taiwan:M,Belgium:F;India:F;Pakistan:F;Switzerland:R;North Korea:D
0.3689896570919308,7,India:F;Pakistan:F;North Korea:F;North Korea:D;Switzerland:R;Belgium:F;Taiwan:M,Belgium:F;India:F;Pakistan:F;Switzerland:R;North Korea:D
0.3693482539998187,7,India:F;Pakistan:F;North Korea:F;North Korea:D;Switzerland:R;Belgium:F;Taiwan:M,Belgium:F;India:F;Pakistan:F;Switzerland:R;North Korea:D
0.37005969738521644,7,India:F;Pakistan:F;North Korea:F;North Korea:D;Switzerland:R;Belgium:F;Taiwan:M,Belgium:F;India:F;Pakistan:F;Switzerland:R;North Korea:D
0.3706457423681971,7,India:F;Pakistan:F;North Korea:F;North Korea:D;Switzerland:R;Belgium:F;Taiwan:M,Belgium:F;India:F;Pakistan:F;Switzerland:R;North Korea:D
0.37065922461871953,7,India:F;Pakistan:F;North Korea:F;North Korea:D;Switzerland:R;Belgium:F;Taiwan:M,Belgium:F;India:F;Pakistan:F;Switzerland:R;North Korea:D
0.3707176593909891,7,India:F;Pakistan:F;North Korea:F;North Korea:D;Switzerland:R;Belgium:F;Taiwan:M,Belgium:F;India:F;Pakistan:F;Switzerland:R;North Korea:D
0.37077451186981747,7,India:F;Pakistan:F;North Korea:F;North Korea:D;Switzerland:R;Belgium:F;Taiwan:M,Belgium:F;India:F;Pakistan:F;Switzerland:R;North Korea:D
0.37086484396935726,7,India:F;Pakistan:F;North Korea:F;North Korea:D;Switzerland:R;Belgium:F;Taiwan:M,Belgium:F;India:F;Pakistan:F;Switzerland:R;North Korea:D
0.37091898831692327,7,India:F;Pakistan:F;North Korea:F;North Korea:D;Switzerland:R;Belgium:F;Taiwan:M,Belgium:F;India:F;Pakistan:F;Switzerland:R;North Korea:D
0.3711771567291561,7,India:F;Pakistan:F;North Korea:F;North Korea:D;Switzerland:R;Belgium:F;Taiwan:M,Belgium:F;India:F;Pakistan:F;Switzerland:R;North Korea:D
0.37131002540295377,7,India:F;Pakistan:F;North Korea:F;North Korea:D;Switzerland:R;Belgium:F;Taiwan:M,Belgium:F;India:F;Pakistan:F;Switzerland:R;North Korea:D
0.3713316026634978,7,India:F;Pakistan:F;North Korea:F;North Korea:D;Switzerland:R;Belgium:F;Taiwan:M,Belgium:F;India:F;Pakistan:F;Switzerland:R;North Korea:D
0.37156016446731527,7,India:F;Pakistan:F;North Korea:F;North Korea:D;Switzerland:R;Belgium:F;Taiwan:M,Belgium:F;India:F;Pakistan:F;Switzerland:R;North Korea:D
0.3716619182761005,7,India:F;Pakistan:F;North Korea:F;North Korea:D;Switzerland:R;Belgium:F;Taiwan:M,Belgium:F;India:F;Pakistan:F;Switzerland:R;North Korea:D
0.3717792280867298,7,India:F;Pakistan:F;North Korea:F;North Korea:D;Switzerland:R;Belgium:F;Taiwan:M,Belgium:F;India:F;Pakistan:F;Switzerland:R;North Korea:D
0.3724405137918661,7,India:F;Pakistan:F;North Korea:F;North Korea:D;Switzerland:R;Belgium:F;Taiwan:M,Belgium:F;India:F;Pakistan:F;Switzerland:R;North Korea:D
0.37269692498376344,7,India:F;Pakistan:F;North Korea:F;North Korea:D;Switzerland:R;Belgium:F;Taiwan:M,Belgium:F;India:F;Pakistan:F;Switzerland:R;North Korea:D
0.37330130509482196,7,India:F;Pakistan:F;North Korea:F;North Korea:D;Switzerland:R;Belgium:F;Taiwan:M,Belgium:F;India:F;Pakistan:F;Switzerland:R;North Korea:D
0.3736003766389154,7,India:F;Pakistan:F;North Korea:F;North Korea:D;Switzerland:R;Belgium:F;Taiwan:M,Belgium:F;India:F;Pakistan:F;Switzerland:R;North Korea:D
0.37364949893273924,7,India:F;Pakistan:F;North Korea:F;North Korea:D;Switzerland:R;Belgium:F;Taiwan:M,Belgium:F;India:F;Pakistan:F;Switzerland:R;North Korea:D
0.37512208329077307,7,India:F;Pakistan:F;North Korea:F;North Korea:D;Switzerland:R;Belgium:F;Taiwan:M,Belgium:F;India:F;Pakistan:F;Switzerland:R;North Korea:D
0.375125140598623,7,India:F;Pakistan:F;North Korea:F;North Korea:D;Switzerland:R;Belgium:F;Taiwan:M,Belgium:F;India:F;Pakistan:F;Switzerland:R;North Korea:D
0.3751538822541075,7,India:F;Pakistan:F;North Korea:F;North Korea:D;Switzerland:R;Belgium:F;Taiwan:M,Belgium:F;India:F;Pakistan:F;Switzerland:R;North Korea:D
0.37555852731206774,7,India:F;Pakistan:F;North Korea:F;North Korea:D;Switzerland:R;Belgium:F;Taiwan:M,Belgium:F;India:F;Pakistan:F;Switzerland:R;North Korea:D
0.37561994733771203,7,India:F;Pakistan:F;North Korea:F;North Korea:D;Switzerland:R;Belgium:F;Taiwan:M,Belgium:F;India:F;Pakistan:F;Switzerland:R;North Korea:D
0.3763109916861413,7,India:F;Pakistan:F;North Korea:F;North Korea:D;Switzerland:R;Belgium:F;Taiwan:M,Belgium:F;India:F;Pakistan:F;Switzerland:R;North Korea:D
0.37636757404242693,7,India:F;Pakistan:F;North Korea:F;North Korea:D;Switzerland:R;Belgium:F;Taiwan:M,Belgium:F;India:F;Pakistan:F;Switzerland:R;North Korea:D
0.37689509334787685,7,India:F;Pakistan:F;North Korea:F;North Korea:D;Switzerland:R;Belgium:F;Taiwan:M,Belgium:F;India:F;Pakistan:F;Switzerland:R;North Korea:D
0.37689892703313244,7,India:F;Pakistan:F;North Korea:F;North Korea:D;Switzerland:R;Belgium:F;Taiwan:M,Belgium:F;India:F;Pakistan:F;Switzerland:R;North Korea:D
0.37749788670950263,7,India:F;Pakistan:F;North Korea:F;North Korea:D;Switzerland:R;Belgium:F;Taiwan:M,Belgium:F;India:F;Pakistan:F;Switzerland:R;North Korea:D
0.37787732672207547,7,India:F;Pakistan:F;North Korea:F;North Korea:D;Switzerland:R;Belgium:F;Taiwan:M,Belgium:F;India:F;Pakistan:F;Switzerland:R;North Korea:D
0.37797547666505854,7,India:F;Pakistan:F;North Korea:F;North Korea:D;Switzerland:R;Belgium:F;Taiwan:M,Belgium:F;India:F;Pakistan:F;Switzerland:R;North Korea:D
0.37848835964358324,7,India:F;Pakistan:F;North Korea:F;North Korea:D;Switzerland:R;Belgium:F;Taiwan:M,Belgium:F;India:F;Switzerland:R;Pakistan:F;North Korea:D
0.379241588079988,7,India:F;Pakistan:F;North Korea:F;North Korea:D;Switzerland:R;Belgium:F;Taiwan:M,Belgium:F;India:F;Switzerland:R;Pakistan:F;North Korea:D
0.3802851818770051,7,India:F;Pakistan:F;North Korea:F;North Korea:D;Switzerland:R;Belgium:F;Taiwan:M,Belgium:F;India:F;Switzerland:R;Pakistan:F;North Korea:D
0.38080080496842,7,India:F;Pakistan:F;North Korea:F;North Korea:D;Switzerland:R;Belgium:F;Taiwan:M,Belgium:F;India:F;Switzerland:R;North Korea:D;Pakistan:F
0.38085017843982627,7,India:F;Pakistan:F;North Korea:F;North Korea:D;Switzerland:R;Belgium:F;Taiwan:M,Belgium:F;India:F;Switzerland:R;North Korea:D;Pakistan:F
0.3810603675884586,7,India:F;Pakistan:F;North Korea:F;North Korea:D;Switzerland:R;Belgium:F;Taiwan:M,Belgium:F;India:F;Switzerland:R;North Korea:D;Pakistan:F
0.3810707606376545,7,India:F;Pakistan:F;North Korea:F;North Korea:D;Switzerland:R;Belgium:F;Taiwan:M,Belgium:F;India:F;Switzerland:R;North Korea:D;Pakistan:F
0.38124763293172886,7,India:F;Pakistan:F;North Korea:F;North Korea:D;Switzerland:R;Belgium:F;Taiwan:M,Belgium:F;India:F;Switzerland:R;North Korea:D;Pakistan:F
0.38197091669084293,7,India:F;Pakistan:F;North Korea:F;North Korea:D;Switzerland:R;Belgium:F;Taiwan:M,Belgium:F;India:F;Switzerland:R;North Korea:D;Pakistan:F
0.3826014914282698,7,India:F;Pakistan:F;North Korea:F;North Korea:D;Switzerland:R;Belgium:F;Taiwan:M,Belgium:F;India:F;Switzerland:R;North Korea:D;Pakistan:F
0.3835279350653193,7,India:F;Pakistan:F;North Korea:F;North Korea:D;Switzerland:R;Belgium:F;Taiwan:M,Belgium:F;India:F;Switzerland:R;North Korea:D;Pakistan:F
0.3836136749166479,7,India:F;Pakistan:F;North Korea:F;North Korea:D;Switzerland:R;Belgium:F;Taiwan:M,Belgium:F;India:F;Switzerland:R;North Korea:D;Pakistan:F
0.38369804581281935,7,India:F;Pakistan:F;North Korea:F;North Korea:D;Switzerland:R;Belgium:F;Taiwan:M,Belgium:F;India:F;Switzerland:R;North Korea:D;Pakistan:F
0.38372166887936004,7,India:F;Pakistan:F;North Korea:F;North Korea:D;Switzerland:R;Belgium:F;Taiwan:M,Belgium:F;India:F;Switzerland:R;North Korea:D;Pakistan:F
0.3837995770465004,7,India:F;Pakistan:F;North Korea:F;North Korea:D;Switzerland:R;Belgium:F;Taiwan:M,Belgium:F;India:F;Switzerland:R;North Korea:D;Pakistan:F
0.38385929078396575,7,India:F;Pakistan:F;North Korea:F;North Korea:D;Switzerland:R;Belgium:F;Taiwan:M,Belgium:F;India:F;Switzerland:R;North Korea:D;Pakistan:F
0.38410969108732707,7,India:F;Pakistan:F;North Korea:F;North Korea:D;Switzerland:R;Belgium:F;Taiwan:M,Belgium:F;India:F;Switzerland:R;North Korea:D;Pakistan:F
0.3842587268067222,7,India:F;Pakistan:F;North Korea:F;North Korea:D;Switzerland:R;Belgium:F;Taiwan:M,Belgium:F;India:F;Switzerland:R;North Korea:D;Pakistan:F
0.38427456327855414,7,India:F;Pakistan:F;North Korea:F;North Korea:D;Switzerland:R;Belgium:F;Taiwan:M,Belgium:F;India:F;Switzerland:R;North Korea:D;Pakistan:F
0.38442999431445124,7,India:F;Pakistan:F;North Korea:F;North Korea:D;Switzerland:R;Belgium:F;Taiwan:M,Belgium:F;India:F;Switzerland:R;North Korea:D;Pakistan:F
0.38445919546865087,7,India:F;Pakistan:F;North Korea:F;North Korea:D;Switzerland:R;Belgium:F;Taiwan:M,Belgium:F;India:F;Switzerland:R;North Korea:D;Pakistan:F
0.38457117231561855,7,India:F;Pakistan:F;North Korea:F;North Korea:D;Switzerland:R;Belgium:F;Taiwan:M,Belgium:F;India:F;Switzerland:R;North Korea:D;Pakistan:F
0.38458887530587155,7,India:F;Pakistan:F;North Korea:F;North Korea:D;Switzerland:R;Belgium:F;Taiwan:M,Belgium:F;India:F;Switzerland:R;North Korea:D;Pakistan:F
0.38474216065962863,7,India:F;Pakistan:F;North Korea:F;North Korea:D;Switzerland:R;Belgium:F;Taiwan:M,Belgium:F;India:F;Switzerland:R;North Korea:D;Pakistan:F
0.38477342266509057,7,India:F;Pakistan:F;North Korea:F;North Korea:D;Switzerland:R;Belgium:F;Taiwan:M,Belgium:F;India:F;Switzerland:R;North Korea:D;Pakistan:F
0.385414506653851,7,India:F;Pakistan:F;North Korea:F;North Korea:D;Switzerland:R;Belgium:F;Taiwan:M,Belgium:F;India:F;Switzerland:R;North Korea:D;Pakistan:F
0.3867613269514751,7,India:F;Pakistan:F;North Korea:F;North Korea:D;Switzerland:R;Belgium:F;Taiwan:M,Belgium:F;India:F;Switzerland:R;North Korea:D;Pakistan:F
0.3873555393814497,7,India:F;Pakistan:F;North Korea:F;North Korea:D;Switzerland:R;Belgium:F;Taiwan:M,Belgium:F;India:F;Switzerland:R;North Korea:D;Pakistan:F
0.38800796096231244,7,India:F;Pakistan:F;North Korea:F;North Korea:D;Switzerland:R;Belgium:F;Taiwan:M,Belgium:F;India:F;Switzerland:R;North Korea:D;Pakistan:F
0.3881149693428241,7,India:F;Pakistan:F;North Korea:F;North Korea:D;Switzerland:R;Belgium:F;Taiwan:M,Belgium:F;India:F;Switzerland:R;North Korea:D;Pakistan:F
0.38831631323389554,7,India:F;Pakistan:F;North Korea:F;North Korea:D;Switzerland:R;Belgium:F;Taiwan:M,Belgium:F;India:F;North Korea:D;Switzerland:R;Pakistan:F
0.38866710561917006,7,India:F;Pakistan:F;North Korea:F;North Korea:D;Switzerland:R;Belgium:F;Taiwan:M,Belgium:F;India:F;North Korea:D;Switzerland:R;Pakistan:F
0.3887938689941006,7,India:F;Pakistan:F;North Korea:F;North Korea:D;Switzerland:R;Belgium:F;Taiwan:M,Belgium:F;India:F;North Korea:D;Switzerland:R;Pakistan:F
0.3888931957653919,7,India:F;Pakistan:F;North Korea:F;North Korea:D;Switzerland:R;Belgium:F;Taiwan:M,Belgium:F;India:F;North Korea:D;Switzerland:R;Pakistan:F
0.3889527325756826,7,India:F;Pakistan:F;North Korea:F;North Korea:D;Switzerland:R;Belgium:F;Taiwan:M,Belgium:F;India:F;North Korea:D;Switzerland:R;Pakistan:F
0.3893827397777469,7,India:F;Pakistan:F;North Korea:F;North Korea:D;Switzerland:R;Belgium:F;Taiwan:M,Belgium:F;India:F;North Korea:D;Switzerland:R;Pakistan:F
0.38965783041152574,7,India:F;Pakistan:F;North Korea:F;North Korea:D;Switzerland:R;Belgium:F;Taiwan:M,Belgium:F;India:F;North Korea:D;Switzerland:R;Pakistan:F
0.390029923793591,7,India:F;Pakistan:F;North Korea:F;North Korea:D;Switzerland:R;Belgium:F;Taiwan:M,Belgium:F;India:F;North Korea:D;Switzerland:R;Pakistan:F
0.39030213369713046,7,India:F;Pakistan:F;North Korea:F;North Korea:D;Switzerland:R;Belgium:F;Taiwan:M,Belgium:F;India:F;North Korea:D;Switzerland:R;Pakistan:F
0.3906261387698636,7,India:F;Pakistan:F;North Korea:F;North Korea:D;Switzerland:R;Belgium:F;Taiwan:M,Belgium:F;India:F;North Korea:D;Switzerland:R;Pakistan:F
0.3906679188789814,7,India:F;Pakistan:F;North Korea:F;North Korea:D;Switzerland:R;Belgium:F;Taiwan:M,Belgium:F;India:F;North Korea:D;Switzerland:R;Pakistan:F
0.3909082110079597,7,India:F;Pakistan:F;North Korea:F;North Korea:D;Switzerland:R;Belgium:F;Taiwan:M,Belgium:F;India:F;North Korea:D;Switzerland:R;Pakistan:F
0.391573151139899,7,India:F;Pakistan:F;North Korea:F;North Korea:D;Switzerland:R;Belgium:F;Taiwan:M,Belgium:F;India:F;North Korea:D;Switzerland:R;Pakistan:F
0.39190222919292905,7,India:F;Pakistan:F;North Korea:F;North Korea:D;Switzerland:R;Belgium:F;Taiwan:M,Belgium:F;India:F;North Korea:D;Switzerland:R;Pakistan:F
0.39195628250282943,7,India:F;Pakistan:F;North Korea:F;North Korea:D;Switzerland:R;Belgium:F;Taiwan:M,Belgium:F;India:F;North Korea:D;Switzerland:R;Pakistan:F
0.3932811655478697,7,India:F;Pakistan:F;North Korea:F;North Korea:D;Switzerland:R;Belgium:F;Taiwan:M,Belgium:F;India:F;North Korea:D;Switzerland:R;Pakistan:F
0.39405748332636126,7,India:F;Pakistan:F;North Korea:F;North Korea:D;Switzerland:R;Belgium:F;Taiwan:M,Belgium:F;India:F;North Korea:D;Switzerland:R;Pakistan:F
0.39412510367350095,7,India:F;Pakistan:F;North Korea:F;North Korea:D;Switzerland:R;Belgium:F;Taiwan:M,Belgium:F;India:F;North Korea:D;Switzerland:R;Pakistan:F
0.39429243245184986,7,India:F;Pakistan:F;North Korea:F;North Korea:D;Switzerland:R;Belgium:F;Taiwan:M,Belgium:F;India:F;North Korea:D;Switzerland:R;Pakistan:F
0.39488598370239186,7,India:F;Pakistan:F;North Korea:F;North Korea:D;Switzerland:R;Belgium:F;Taiwan:M,Belgium:F;India:F;North Korea:D;Switzerland:R;Pakistan:F
0.39494829027794104,7,India:F;Pakistan:F;North Korea:F;North Korea:D;Switzerland:R;Belgium:F;Taiwan:M,Belgium:F;India:F;North Korea:D;Switzerland:R;Pakistan:F
0.3949587900476427,7,India:F;Pakistan:F;North Korea:F;North Korea:D;Switzerland:R;Belgium:F;Taiwan:M,Belgium:F;India:F;North Korea:D;Switzerland:R;Pakistan:F
0.3954571857227419,7,India:F;Pakistan:F;North Korea:F;North Korea:D;Switzerland:R;Belgium:F;Taiwan:M,Belgium:F;India:F;North Korea:D;Switzerland:R;Pakistan:F
0.3955292211906864,7,India:F;Pakistan:F;North Korea:F;North Korea:D;Switzerland:R;Belgium:F;Taiwan:M,Belgium:F;India:F;North Korea:D;Switzerland:R;Pakistan:F
0.39553344333286716,7,India:F;Pakistan:F;North Korea:F;North Korea:D;Switzerland:R;Belgium:F;Taiwan:M,Belgium:F;India:F;North Korea:D;Switzerland:R;Pakistan:F
0.3957298112100775,7,India:F;Pakistan:F;North Korea:F;North Korea:D;Switzerland:R;Belgium:F;Taiwan:M,Belgium:F;India:F;North Korea:D;Switzerland:R;Pakistan:F
0.3962458363430379,7,India:F;Pakistan:F;North Korea:F;North Korea:D;Switzerland:R;Belgium:F;Taiwan:M,Belgium:F;India:F;North Korea:D;Switzerland:R;Taiwan:M
0.39728429477371596,7,India:F;Pakistan:F;North Korea:F;North Korea:D;Switzerland:R;Belgium:F;Taiwan:M,Belgium:F;India:F;North Korea:D;Switzerland:R;Taiwan:M
0.39914629832421006,7,India:F;Pakistan:F;North Korea:F;North Korea:D;Switzerland:R;Belgium:F;Taiwan:M,Belgium:F;India:F;North Korea:D;Switzerland:R;Taiwan:M
0.39918654171070755,7,India:F;Pakistan:F;North Korea:F;North Korea:D;Switzerland:R;Belgium:F;Taiwan:M,Belgium:F;India:F;North Korea:D;Switzerland:R;Taiwan:M
0.39926447742902044,7,India:F;Pakistan:F;North Korea:F;North Korea:D;Switzerland:R;Belgium:F;Taiwan:M,Belgium:F;India:F;North Korea:D;Switzerland:R;Taiwan:M
0.39983289080221157,7,India:F;Pakistan:F;North Korea:F;North Korea:D;Switzerland:R;Belgium:F;Taiwan:M,Belgium:F;India:F;North Korea:D;Switzerland:R;Taiwan:M
0.3998398455242726,7,India:F;Pakistan:F;North Korea:F;North Korea:D;Switzerland:R;Belgium:F;Taiwan:M,Belgium:F;India:F;North Korea:D;Switzerland:R;Taiwan:M
0.39984642006985455,7,India:F;Pakistan:F;North Korea:F;North Korea:D;Switzerland:R;Belgium:F;Taiwan:M,Belgium:F;India:F;North Korea:D;Switzerland:R;Taiwan:M
0.4001190569536991,7,India:F;Pakistan:F;North Korea:F;North Korea:D;Switzerland:R;Belgium:F;Taiwan:M,Belgium:F;India:F;North Korea:D;Switzerland:R;Taiwan:M
0.4003255279220312,7,India:F;Pakistan:F;North Korea:F;North Korea:D;Switzerland:R;Belgium:F;Taiwan:M,Belgium:F;India:F;North Korea:D;Switzerland:R;Taiwan:M
0.400847157009646,7,India:F;Pakistan:F;North Korea:F;North Korea:D;Switzerland:R;Belgium:F;Taiwan:M,Belgium:F;India:F;North Korea:D;Switzerland:R;Taiwan:M
0.40112308578892486,7,India:F;Pakistan:F;North Korea:F;North Korea:D;Switzerland:R;Belgium:F;Taiwan:M,Belgium:F;India:F;North Korea:D;Switzerland:R;Taiwan:M
0.40181853791447025,7,India:F;Pakistan:F;North Korea:F;North Korea:D;Switzerland:R;Belgium:F;Taiwan:M,Belgium:F;India:F;North Korea:D;Switzerland:R;Taiwan:M
0.4028411526686578,7,India:F;Pakistan:F;North Korea:F;North Korea:D;Switzerland:R;Belgium:F;Taiwan:M,Belgium:F;India:F;North Korea:D;Switzerland:R;Taiwan:M
0.4029351018115008,7,India:F;Pakistan:F;North Korea:F;North Korea:D;Switzerland:R;Belgium:F;Taiwan:M,Belgium:F;India:F;North Korea:D;Switzerland:R;Taiwan:M
0.4030281867717973,7,India:F;Pakistan:F;North Korea:F;North Korea:D;Switzerland:R;Belgium:F;Taiwan:M,Belgium:F;India:F;North Korea:D;Switzerland:R;Taiwan:M
0.40305425006483475,7,India:F;Pakistan:F;North Korea:F;North Korea:D;Switzerland:R;Belgium:F;Taiwan:M,Belgium:F;India:F;North Korea:D;Switzerland:R;Taiwan:M
0.40327941965315106,7,India:F;Pakistan:F;North Korea:F;North Korea:D;Switzerland:R;Belgium:F;Taiwan:M,Belgium:F;India:F;North Korea:D;Switzerland:R;Taiwan:M
0.4034823775104153,7,India:F;Pakistan:F;North Korea:F;North Korea:D;Switzerland:R;Belgium:F;Taiwan:M,Belgium:F;India:F;North Korea:D;Switzerland:R;Taiwan:M
0.40366430378454776,7,India:F;Pakistan:F;North Korea:F;North Korea:D;Switzerland:R;Belgium:F;Taiwan:M,Belgium:F;India:F;North Korea:D;Switzerland:R;Taiwan:M
0.40383581954070175,7,India:F;Pakistan:F;North Korea:F;North Korea:D;Switzerland:R;Belgium:F;Taiwan:M,Belgium:F;India:F;North Korea:D;Switzerland:R;Taiwan:M
0.40399161336006323,7,India:F;Pakistan:F;North Korea:F;North Korea:D;Switzerland:R;Belgium:F;Taiwan:M,Belgium:F;India:F;North Korea:D;Switzerland:R;Taiwan:M
0.4040111495058054,7,India:F;Pakistan:F;North Korea:F;North Korea:D;Switzerland:R;Belgium:F;Taiwan:M,Belgium:F;India:F;North Korea:D;Switzerland:R;Taiwan:M
0.406154246812888,7,India:F;Pakistan:F;North Korea:F;North Korea:D;Switzerland:R;Belgium:F;Taiwan:M,Belgium:F;India:F;North Korea:D;Switzerland:R;Taiwan:M
0.40640924953070623,7,India:F;Pakistan:F;North Korea:F;North Korea:D;Switzerland:R;Belgium:F;Taiwan:M,Belgium:F;India:F;North Korea:D;Switzerland:R;Taiwan:M
0.406922260618053,7,India:F;Pakistan:F;North Korea:F;North Korea:D;Switzerland:R;Belgium:F;Taiwan:M,Belgium:F;India:F;North Korea:D;Switzerland:R;Taiwan:M
0.4070654200498163,7,India:F;Pakistan:F;North Korea:F;North Korea:D;Switzerland:R;Belgium:F;Taiwan:M,Belgium:F;India:F;North Korea:D;Switzerland:R;Taiwan:M
0.40715755886918426,7,India:F;Pakistan:F;North Korea:F;North Korea:D;Switzerland:R;Belgium:F;Taiwan:M,Belgium:F;India:F;North Korea:D;Switzerland:R;Taiwan:M
0.40778598713444225,7,India:F;Pakistan:F;North Korea:F;North Korea:D;Switzerland:R;Belgium:F;Taiwan:M,Belgium:F;India:F;North Korea:D;Switzerland:R;Taiwan:M
0.4079041843429587,7,India:F;Pakistan:F;North Korea:F;North Korea:D;Switzerland:R;Belgium:F;Taiwan:M,Belgium:F;India:F;North Korea:D;Switzerland:R;Taiwan:M
0.4081265898203664,7,India:F;Pakistan:F;North Korea:F;North Korea:D;Switzerland:R;Belgium:F;Taiwan:M,Belgium:F;India:F;North Korea:D;Switzerland:R;Taiwan:M
0.4085141049669329,7,India:F;Pakistan:F;North Korea:F;North Korea:D;Switzerland:R;Belgium:F;Taiwan:M,Belgium:F;India:F;North Korea:D;Switzerland:R;Taiwan:M
0.40858508608484934,7,India:F;Pakistan:F;North Korea:F;North Korea:D;Switzerland:R;Belgium:F;Taiwan:M,Belgium:F;India:F;North Korea:D;Switzerland:R;Taiwan:M
0.40865414737384603,7,India:F;Pakistan:F;North Korea:F;North Korea:D;Switzerland:R;Belgium:F;Taiwan:M,Belgium:F;India:F;North Korea:D;Switzerland:R;Taiwan:M
0.4087638823294636,7,India:F;Pakistan:F;North Korea:F;North Korea:D;Switzerland:R;Belgium:F;Taiwan:M,Belgium:F;India:F;North Korea:D;Switzerland:R;Taiwan:M
0.4093047661854184,7,India:F;Pakistan:F;North Korea:F;North Korea:D;Switzerland:R;Belgium:F;Taiwan:M,Belgium:F;India:F;North Korea:D;Switzerland:R;Taiwan:M
0.40933098536759194,7,India:F;Pakistan:F;North Korea:F;North Korea:D;Switzerland:R;Belgium:F;Taiwan:M,Belgium:F;India:F;North Korea:D;Switzerland:R;Taiwan:M
0.4100199290013735,7,India:F;Pakistan:F;North Korea:F;North Korea:D;Switzerland:R;Belgium:F;Taiwan:M,Belgium:F;India:F;North Korea:D;Switzerland:R;Taiwan:M
0.41007975553391146,7,India:F;Pakistan:F;North Korea:F;North Korea:D;Switzerland:R;Belgium:F;Taiwan:M,Belgium:F;India:F;North Korea:D;Switzerland:R;Taiwan:M
0.4103207675831226,7,India:F;Pakistan:F;North Korea:F;North Korea:D;Switzerland:R;Belgium:F;Taiwan:M,Belgium:F;India:F;North Korea:D;Switzerland:R;Taiwan:M
0.41036873661897244,7,India:F;Pakistan:F;North Korea:F;North Korea:D;Switzerland:R;Belgium:F;Taiwan:M,Belgium:F;India:F;North Korea:D;Switzerland:R;Taiwan:M
0.4106788767576362,7,India:F;Pakistan:F;North Korea:F;North Korea:D;Switzerland:R;Belgium:F;Taiwan:M,Belgium:F;India:F;North Korea:D;Switzerland:R;Taiwan:M
0.41068220070243505,7,India:F;Pakistan:F;North Korea:F;North Korea:D;Switzerland:R;Belgium:F;Taiwan:M,Belgium:F;India:F;North Korea:D;Switzerland:R;Taiwan:M
0.4107250567741579,7,India:F;Pakistan:F;North Korea:F;North Korea:D;Switzerland:R;Belgium:F;Taiwan:M,Belgium:F;India:F;North Korea:D;Switzerland:R;Taiwan:M
0.41077555963303786,7,India:F;Pakistan:F;North Korea:F;North Korea:D;Switzerland:R;Belgium:F;Taiwan:M,Belgium:F;India:F;North Korea:D;Switzerland:R;Taiwan:M
0.41148321697872076,7,India:F;Pakistan:F;North Korea:F;North Korea:D;Switzerland:R;Belgium:F;Taiwan:M,Belgium:F;India:F;North Korea:D;Switzerland:R;Taiwan:M
0.41172574453922994,7,India:F;Pakistan:F;North Korea:F;North Korea:D;Switzerland:R;Belgium:F;Taiwan:M,Belgium:F;India:F;North Korea:D;Switzerland:R;Taiwan:M
0.41188100138586187,7,India:F;Pakistan:F;North Korea:F;North Korea:D;Switzerland:R;Belgium:F;Taiwan:M,Belgium:F;India:F;North Korea:D;Switzerland:R;Taiwan:M
0.4121493483024011,7,India:F;Pakistan:F;North Korea:F;North Korea:D;Switzerland:R;Belgium:F;Taiwan:M,Belgium:F;India:F;North Korea:D;Switzerland:R;Taiwan:M
0.4145480792631562,7,India:F;Pakistan:F;North Korea:F;North Korea:D;Switzerland:R;Belgium:F;Taiwan:M,Belgium:F;India:F;North Korea:D;Switzerland:R;Taiwan:M
0.4147332028743333,7,India:F;Pakistan:F;North Korea:F;North Korea:D;Switzerland:R;Belgium:F;Taiwan:M,Belgium:F;India:F;North Korea:D;Switzerland:R;Taiwan:M
0.4153899419323987,7,India:F;Pakistan:F;North Korea:F;North Korea:D;Switzerland:R;Belgium:F;Taiwan:M,Belgium:F;India:F;North Korea:D;Switzerland:R;Taiwan:M
0.41543419891199873,7,India:F;Pakistan:F;North Korea:F;North Korea:D;Switzerland:R;Belgium:F;Taiwan:M,Belgium:F;India:F;North Korea:D;Switzerland:R;Taiwan:M
0.4154588874372035,7,India:F;Pakistan:F;North Korea:F;North Korea:D;Switzerland:R;Belgium:F;Taiwan:M,Belgium:F;India:F;North Korea:D;Switzerland:R;Taiwan:M
0.4161017724393094,7,India:F;Pakistan:F;North Korea:F;North Korea:D;Switzerland:R;Belgium:F;Taiwan:M,Belgium:F;India:F;North Korea:D;Switzerland:R;Taiwan:M
0.41610644521655504,7,India:F;Pakistan:F;North Korea:F;North Korea:D;Switzerland:R;Belgium:F;Taiwan:M,Belgium:F;India:F;North Korea:D;Switzerland:R;Taiwan:M
0.41632377744121213,7,India:F;Pakistan:F;North Korea:F;North Korea:D;Switzerland:R;Belgium:F;Taiwan:M,Belgium:F;India:F;North Korea:D;Switzerland:R;Taiwan:M
0.4168949472216674,7,India:F;Pakistan:F;North Korea:F;North Korea:D;Switzerland:R;Belgium:F;Taiwan:M,Belgium:F;India:F;North Korea:D;Switzerland:R;Taiwan:M
0.4169867996415298,7,India:F;Pakistan:F;North Korea:F;North Korea:D;Switzerland:R;Belgium:F;Taiwan:M,Belgium:F;India:F;North Korea:D;Switzerland:R;Taiwan:M
0.41705519129028085,7,India:F;Pakistan:F;North Korea:F;North Korea:D;Switzerland:R;Belgium:F;Taiwan:M,Belgium:F;India:F;North Korea:D;Switzerland:R;Taiwan:M
0.41804461476902366,8,India:F;Pakistan:F;North Korea:F;North Korea:D;Switzerland:R;Belgium:F;Belgium:R;Taiwan:M,Belgium:F;India:F;North Korea:D;Switzerland:R;Taiwan:M
0.418544975006328,8,India:F;Pakistan:F;North Korea:F;North Korea:D;Switzerland:R;Belgium:F;Belgium:R;Taiwan:M,Belgium:F;India:F;North Korea:D;Switzerland:R;Taiwan:M
0.41896092159290316,8,India:F;Pakistan:F;North Korea:F;North Korea:D;Switzerland:R;Belgium:F;Belgium:R;Taiwan:M,Belgium:F;India:F;North Korea:D;Switzerland:R;Taiwan:M
0.4189637031086912,8,India:F;Pakistan:F;North Korea:F;North Korea:D;Switzerland:R;Belgium:F;Belgium:R;Taiwan:M,Belgium:F;India:F;North Korea:D;Switzerland:R;Taiwan:M
0.42010680798785405,8,India:F;Pakistan:F;North Korea:F;North Korea:D;Switzerland:R;Belgium:F;Belgium:R;Taiwan:M,Belgium:F;India:F;North Korea:D;Switzerland:R;Taiwan:M
0.4201513892178083,8,India:F;Pakistan:F;North Korea:F;North Korea:D;Switzerland:R;Belgium:F;Belgium:R;Taiwan:M,Belgium:F;India:F;North Korea:D;Switzerland:R;Taiwan:M
0.4202377269866826,8,India:F;Pakistan:F;North Korea:F;North Korea:D;Switzerland:R;Belgium:F;Belgium:R;Taiwan:M,Belgium:F;India:F;North Korea:D;Switzerland:R;Taiwan:M
0.42086747310419564,8,India:F;Pakistan:F;North Korea:F;North Korea:D;Switzerland:R;Belgium:F;Belgium:R;Taiwan:M,Belgium:F;India:F;North Korea:D;Switzerland:R;Taiwan:M
0.42087517883560105,9,India:F;Pakistan:F;North Korea:F;North Korea:D;Israel:D;Switzerland:R;Belgium:F;Belgium:R;Taiwan:M,Belgium:F;India:F;North Korea:D;Switzerland:R;Taiwan:M
0.4208824633499362,9,India:F;Pakistan:F;North Korea:F;North Korea:D;Israel:D;Switzerland:R;Belgium:F;Belgium:R;Taiwan:M,Belgium:F;India:F;North Korea:D;Switzerland:R;Taiwan:M
0.42092778383586893,9,India:F;Pakistan:F;North Korea:F;North Korea:D;Israel:D;Switzerland:R;Belgium:F;Belgium:R;Taiwan:M,Belgium:F;India:F;North Korea:D;Switzerland:R;Taiwan:M
0.42118455270781363,9,India:F;Pakistan:F;North Korea:F;North Korea:D;Israel:D;Switzerland:R;Belgium:F;Belgium:R;Taiwan:M,Belgium:F;India:F;North Korea:D;Switzerland:R;Taiwan:M
0.4211972497199742,9,India:F;Pakistan:F;North Korea:F;North Korea:D;Israel:D;Switzerland:R;Belgium:F;Belgium:R;Taiwan:M,Belgium:F;India:F;North Korea:D;Switzerland:R;Taiwan:M
0.42141334278763726,9,India:F;Pakistan:F;North Korea:F;North Korea:D;Israel:D;Switzerland:R;Belgium:F;Belgium:R;Taiwan:M,Belgium:F;India:F;North Korea:D;Switzerland:R;Taiwan:M
0.4219914143502428,9,India:F;Pakistan:F;North Korea:F;North Korea:D;Israel:D;Switzerland:R;Belgium:F;Belgium:R;Taiwan:M,Belgium:F;India:F;North Korea:D;Switzerland:R;Taiwan:M
0.4222972318856884,9,India:F;Pakistan:F;North Korea:F;North Korea:D;Israel:D;Switzerland:R;Belgium:F;Belgium:R;Taiwan:M,Belgium:F;India:F;North Korea:D;Switzerland:R;Taiwan:M
0.4230681143055302,9,India:F;Pakistan:F;North Korea:F;North Korea:D;Israel:D;Switzerland:R;Belgium:F;Belgium:R;Taiwan:M,Belgium:F;India:F;North Korea:D;Switzerland:R;Taiwan:M
0.4242019004882742,9,India:F;Pakistan:F;North Korea:F;North Korea:D;Israel:D;Switzerland:R;Belgium:F;Belgium:R;Taiwan:M,Belgium:F;India:F;North Korea:D;Switzerland:R;Taiwan:M
0.4243060784251872,9,India:F;Pakistan:F;North Korea:F;North Korea:D;Israel:D;Switzerland:R;Belgium:F;Belgium:R;Taiwan:M,Belgium:F;India:F;North Korea:D;Switzerland:R;Taiwan:M
0.4244093006321552,9,India:F;Pakistan:F;North Korea:F;North Korea:D;Israel:D;Switzerland:R;Belgium:F;Belgium:R;Taiwan:M,Belgium:F;India:F;North Korea:D;Switzerland:R;Taiwan:M
0.4244382027535469,9,India:F;Pakistan:F;North Korea:F;North Korea:D;Israel:D;Switzerland:R;Belgium:F;Belgium:R;Taiwan:M,Belgium:F;India:F;North Korea:D;Switzerland:R;Taiwan:M
0.4245335237619772,9,India:F;Pakistan:F;North Korea:F;North Korea:D;Israel:D;Switzerland:R;Belgium:F;Belgium:R;Taiwan:M,Belgium:F;India:F;North Korea:D;Switzerland:R;Taiwan:M
0.4249129904638417,9,India:F;Pakistan:F;North Korea:F;North Korea:D;Israel:D;Switzerland:R;Belgium:F;Belgium:R;Taiwan:M,Belgium:F;India:F;North Korea:D;Switzerland:R;Taiwan:M
0.4250953790920557,9,India:F;Pakistan:F;North Korea:F;North Korea:D;Israel:D;Switzerland:R;Belgium:F;Belgium:R;Taiwan:M,Belgium:F;India:F;North Korea:D;Switzerland:R;Taiwan:M
0.42511476051344715,9,India:F;Pakistan:F;North Korea:F;North Korea:D;Israel:D;Switzerland:R;Belgium:F;Belgium:R;Taiwan:M,Belgium:F;India:F;North Korea:D;Switzerland:R;Taiwan:M
0.4251670803853632,9,India:F;Pakistan:F;North Korea:F;North Korea:D;Israel:D;Switzerland:R;Belgium:F;Belgium:R;Taiwan:M,Belgium:F;India:F;North Korea:D;Switzerland:R;Taiwan:M
0.42523317607232725,9,India:F;Pakistan:F;North Korea:F;North Korea:D;Israel:D;Switzerland:R;Belgium:F;Belgium:R;Taiwan:M,Belgium:F;India:F;North Korea:D;Switzerland:R;Taiwan:M
0.4253049933591972,9,India:F;Pakistan:F;North Korea:F;North Korea:D;Israel:D;Switzerland:R;Belgium:F;Belgium:R;Taiwan:M,Belgium:F;India:F;North Korea:D;Switzerland:R;Taiwan:M
0.42547779601782915,9,India:F;Pakistan:F;North Korea:F;North Korea:D;Israel:D;Switzerland:R;Belgium:F;Belgium:R;Taiwan:M,Belgium:F;India:F;North Korea:D;Switzerland:R;Taiwan:M
0.42581334492661443,9,India:F;Pakistan:F;North Korea:F;North Korea:D;Israel:D;Switzerland:R;Belgium:F;Belgium:R;Taiwan:M,Belgium:F;India:F;North Korea:D;Switzerland:R;Taiwan:M
0.42651032309329523,9,India:F;Pakistan:F;North Korea:F;North Korea:D;Israel:D;Switzerland:R;Belgium:F;Belgium:R;Taiwan:M,Belgium:F;India:F;North Korea:D;Switzerland:R;Taiwan:M
0.42786197519200586,9,India:F;Pakistan:F;North Korea:F;North Korea:D;Israel:D;Switzerland:R;Belgium:F;Belgium:R;Taiwan:M,Belgium:F;India:F;North Korea:D;Switzerland:R;Taiwan:M
0.42787726800210696,9,India:F;Pakistan:F;North Korea:F;North Korea:D;Israel:D;Switzerland:R;Belgium:F;Belgium:R;Taiwan:M,Belgium:F;India:F;North Korea:D;Switzerland:R;Taiwan:M
0.4281602871533097,9,India:F;Pakistan:F;North Korea:F;North Korea:D;Israel:D;Switzerland:R;Belgium:F;Belgium:R;Taiwan:M,Belgium:F;India:F;North Korea:D;Switzerland:R;Taiwan:M
0.42843120740936996,9,India:F;Pakistan:F;North Korea:F;North Korea:D;Israel:D;Switzerland:R;Belgium:F;Belgium:R;Taiwan:M,Belgium:F;India:F;North Korea:D;Switzerland:R;Taiwan:M
0.42868531870892557,9,India:F;Pakistan:F;North Korea:F;North Korea:D;Israel:D;Switzerland:R;Belgium:F;Belgium:R;Taiwan:M,Belgium:F;India:F;North Korea:D;Switzerland:R;Taiwan:M
0.4287297189201966,9,India:F;Pakistan:F;North Korea:F;North Korea:D;Israel:D;Switzerland:R;Belgium:F;Belgium:R;Taiwan:M,Belgium:F;India:F;North Korea:D;Switzerland:R;Taiwan:M
0.42888863668043037,9,India:F;Pakistan:F;North Korea:F;North Korea:D;Israel:D;Switzerland:R;Belgium:F;Belgium:R;Taiwan:M,Belgium:F;India:F;North Korea:D;Switzerland:R;Taiwan:M
0.42899092088474367,9,India:F;Pakistan:F;North Korea:F;North Korea:D;Israel:D;Switzerland:R;Belgium:F;Belgium:R;Taiwan:M,Belgium:F;India:F;North Korea:D;Switzerland:R;Taiwan:M
0.4291405067202915,9,India:F;Pakistan:F;North Korea:F;North Korea:D;Israel:D;Switzerland:R;Belgium:F;Belgium:R;Taiwan:M,Belgium:F;India:F;North Korea:D;Switzerland:R;Taiwan:M
0.4294880782202714,9,India:F;Pakistan:F;North Korea:F;North Korea:D;Israel:D;Switzerland:R;Belgium:F;Belgium:R;Taiwan:M,Belgium:F;India:F;North Korea:D;Switzerland:R;Taiwan:M
0.429819848692368,9,India:F;Pakistan:F;North Korea:F;North Korea:D;Israel:D;Switzerland:R;Belgium:F;Belgium:R;Taiwan:M,Belgium:F;India:F;North Korea:D;Switzerland:R;Taiwan:M
0.43006680198131453,9,India:F;Pakistan:F;North Korea:F;North Korea:D;Israel:D;Switzerland:R;Belgium:F;Belgium:R;Taiwan:M,Belgium:F;India:F;North Korea:D;Switzerland:R;Taiwan:M
0.43047893677937027,9,India:F;Pakistan:F;North Korea:F;North Korea:D;Israel:D;Switzerland:R;Belgium:F;Belgium:R;Taiwan:M,Belgium:F;India:F;North Korea:D;Switzerland:R;Taiwan:M
0.43049712334626267,9,India:F;Pakistan:F;North Korea:F;North Korea:D;Israel:D;Switzerland:R;Belgium:F;Belgium:R;Taiwan:M,Belgium:F;India:F;North Korea:D;Switzerland:R;Taiwan:M
0.4305759500363056,9,India:F;Pakistan:F;North Korea:F;North Korea:D;Israel:D;Switzerland:R;Belgium:F;Belgium:R;Taiwan:M,Belgium:F;India:F;North Korea:D;Switzerland:R;Taiwan:M
0.4307745152365492,9,India:F;Pakistan:F;North Korea:F;North Korea:D;Israel:D;Switzerland:R;Belgium:F;Belgium:R;Taiwan:M,Belgium:F;India:F;North Korea:D;Switzerland:R;Taiwan:M
0.4313385792216268,9,India:F;Pakistan:F;North Korea:F;North Korea:D;Israel:D;Switzerland:R;Belgium:F;Belgium:R;Taiwan:M,Belgium:F;India:F;North Korea:D;Switzerland:R;Taiwan:M
0.4314043830166025,9,India:F;Pakistan:F;North Korea:F;North Korea:D;Israel:D;Switzerland:R;Belgium:F;Belgium:R;Taiwan:M,Belgium:F;India:F;North Korea:D;Switzerland:R;Taiwan:M
0.4321697028618696,9,India:F;Pakistan:F;North Korea:F;North Korea:D;Israel:D;Switzerland:R;Belgium:F;Belgium:R;Taiwan:M,Belgium:F;India:F;North Korea:D;Switzerland:R;Taiwan:M
0.43223616831326367,9,India:F;Pakistan:F;North Korea:F;North Korea:D;Israel:D;Switzerland:R;Belgium:F;Belgium:R;Taiwan:M,Belgium:F;India:F;North Korea:D;Switzerland:R;Taiwan:M
0.43250393595615394,9,India:F;Pakistan:F;North Korea:F;North Korea:D;Israel:D;Switzerland:R;Belgium:F;Belgium:R;Taiwan:M,Belgium:F;India:F;North Korea:D;Switzerland:R;Taiwan:M
0.4329055249107592,9,India:F;Pakistan:F;North Korea:F;North Korea:D;Israel:D;Switzerland:R;Belgium:F;Belgium:R;Taiwan:M,Belgium:F;India:F;North Korea:D;Switzerland:R;Taiwan:M
0.43295314490169523,9,India:F;Pakistan:F;North Korea:F;North Korea:D;Israel:D;Switzerland:R;Belgium:F;Belgium:R;Taiwan:M,Belgium:F;India:F;North Korea:D;Switzerland:R;Taiwan:M
0.43300926239380066,9,India:F;Pakistan:F;North Korea:F;North Korea:D;Israel:D;Switzerland:R;Belgium:F;Belgium:R;Taiwan:M,Belgium:F;India:F;North Korea:D;Switzerland:R;Taiwan:M
0.4332482894452888,9,India:F;Pakistan:F;North Korea:F;North Korea:D;Israel:D;Switzerland:R;Belgium:F;Belgium:R;Taiwan:M,Belgium:F;India:F;North Korea:D;Switzerland:R;Taiwan:M
0.43349997791310335,9,India:F;Pakistan:F;North Korea:F;North Korea:D;Israel:D;Switzerland:R;Belgium:F;Belgium:R;Taiwan:M,Belgium:F;India:F;North Korea:D;Switzerland:R;Taiwan:M
0.43420052698098477,9,India:F;Pakistan:F;North Korea:F;North Korea:D;Israel:D;Switzerland:R;Belgium:F;Belgium:R;Taiwan:M,Belgium:F;India:F;North Korea:D;Switzerland:R;Taiwan:M
0.43453606795509875,9,India:F;Pakistan:F;North Korea:F;North Korea:D;Israel:D;Switzerland:R;Belgium:F;Belgium:R;Taiwan:M,Belgium:F;India:F;North Korea:D;Switzerland:R;Taiwan:M
0.4347663737520239,9,India:F;Pakistan:F;North Korea:F;North Korea:D;Israel:D;Switzerland:R;Belgium:F;Belgium:R;Taiwan:M,Belgium:F;India:F;North Korea:D;Switzerland:R;Taiwan:M
0.4359455516878681,9,India:F;Pakistan:F;North Korea:F;North Korea:D;Israel:D;Switzerland:R;Belgium:F;Belgium:R;Taiwan:M,Belgium:F;India:F;North Korea:D;Switzerland:R;Taiwan:M
0.4374754992824687,9,India:F;Pakistan:F;North Korea:F;North Korea:D;Israel:D;Switzerland:R;Belgium:F;Belgium:R;Taiwan:M,Belgium:F;India:F;North Korea:D;Switzerland:R;Taiwan:M
0.43821650514787275,9,India:F;Pakistan:F;North Korea:F;North Korea:D;Israel:D;Switzerland:R;Belgium:F;Belgium:R;Taiwan:M,Belgium:F;India:F;North Korea:D;Switzerland:R;Taiwan:M
0.43884310005293636,9,India:F;Pakistan:F;North Korea:F;North Korea:D;Israel:D;Switzerland:R;Belgium:F;Belgium:R;Taiwan:M,Belgium:F;India:F;North Korea:D;Switzerland:R;Taiwan:M
0.43893181047936697,9,India:F;Pakistan:F;North Korea:F;North Korea:D;Israel:D;Switzerland:R;Belgium:F;Belgium:R;Taiwan:M,Belgium:F;India:F;North Korea:D;Switzerland:R;Taiwan:M
0.4389370100840629,9,India:F;Pakistan:F;North Korea:F;North Korea:D;Israel:D;Switzerland:R;Belgium:F;Belgium:R;Taiwan:M,Belgium:F;India:F;North Korea:D;Switzerland:R;Taiwan:M
0.43917885228569686,9,India:F;Pakistan:F;North Korea:F;North Korea:D;Israel:D;Switzerland:R;Belgium:F;Belgium:R;Taiwan:M,Belgium:F;India:F;North Korea:D;Switzerland:R;Taiwan:M
0.4393935243082679,9,India:F;Pakistan:F;North Korea:F;North Korea:D;Israel:D;Switzerland:R;Belgium:F;Belgium:R;Taiwan:M,Belgium:F;India:F;North Korea:D;Switzerland:R;Taiwan:M
0.439458489639497,9,India:F;Pakistan:F;North Korea:F;North Korea:D;Israel:D;Switzerland:R;Belgium:F;Belgium:R;Taiwan:M,Belgium:F;India:F;North Korea:D;Switzerland:R;Taiwan:M
0.43998732109095423,9,India:F;Pakistan:F;North Korea:F;North Korea:D;Israel:D;Switzerland:R;Belgium:F;Belgium:R;Taiwan:M,Belgium:F;India:F;North Korea:D;Switzerland:R;Taiwan:M
0.4399928542919148,9,India:F;Pakistan:F;North Korea:F;North Korea:D;Israel:D;Switzerland:R;Belgium:F;Belgium:R;Taiwan:M,Belgium:F;India:F;North Korea:D;Switzerland:R;Taiwan:M
0.44109424920472634,9,India:F;Pakistan:F;North Korea:F;North Korea:D;Israel:D;Switzerland:R;Belgium:F;Belgium:R;Taiwan:M,Belgium:F;India:F;North Korea:D;Switzerland:R;Taiwan:M
0.4416513438399536,9,India:F;Pakistan:F;North Korea:F;North Korea:D;Israel:D;Switzerland:R;Belgium:F;Belgium:R;Taiwan:M,Belgium:F;India:F;North Korea:D;Switzerland:R;Taiwan:M
0.44211450938035146,9,India:F;Pakistan:F;North Korea:F;North Korea:D;Israel:D;Switzerland:R;Belgium:F;Belgium:R;Taiwan:M,Belgium:F;India:F;North Korea:D;Switzerland:R;Taiwan:M
0.44339074163268855,9,India:F;Pakistan:F;North Korea:F;North Korea:D;Israel:D;Switzerland:R;Belgium:F;Belgium:R;Taiwan:M,Belgium:F;India:F;North Korea:D;Switzerland:R;Taiwan:M
0.44353657737565755,9,India:F;Pakistan:F;North Korea:F;North Korea:D;Israel:D;Switzerland:R;Belgium:F;Belgium:R;Taiwan:M,Belgium:F;India:F;North Korea:D;Switzerland:R;Taiwan:M
0.4439087603342463,9,India:F;Pakistan:F;North Korea:F;North Korea:D;Israel:D;Switzerland:R;Belgium:F;Belgium:R;Taiwan:M,Belgium:F;India:F;North Korea:D;Switzerland:R;Taiwan:M
0.44423814636904996,9,India:F;Pakistan:F;North Korea:F;North Korea:D;Israel:D;Switzerland:R;Belgium:F;Belgium:R;Taiwan:M,Belgium:F;India:F;North Korea:D;Switzerland:R;Taiwan:M
0.44424673166519085,9,India:F;Pakistan:F;North Korea:F;North Korea:D;Israel:D;Switzerland:R;Belgium:F;Belgium:R;Taiwan:M,Belgium:F;India:F;North Korea:D;Switzerland:R;Taiwan:M
0.44425484768081785,9,India:F;Pakistan:F;North Korea:F;North Korea:D;Israel:D;Switzerland:R;Belgium:F;Belgium:R;Taiwan:M,Belgium:F;India:F;North Korea:D;Switzerland:R;Taiwan:M
0.4445914331990205,9,India:F;Pakistan:F;North Korea:F;North Korea:D;Israel:D;Switzerland:R;Belgium:F;Belgium:R;Taiwan:M,Belgium:F;India:F;North Korea:D;Switzerland:R;Taiwan:M
0.4446055806948257,9,India:F;Pakistan:F;North Korea:F;North Korea:D;Israel:D;Switzerland:R;Belgium:F;Belgium:R;Taiwan:M,Belgium:F;India:F;North Korea:D;Switzerland:R;Taiwan:M
0.44484636711156494,9,India:F;Pakistan:F;North Korea:F;North Korea:D;Israel:D;Switzerland:R;Belgium:F;Belgium:R;Taiwan:M,Belgium:F;India:F;North Korea:D;Switzerland:R;Taiwan:M
0.4454905634700441,9,India:F;Pakistan:F;North Korea:F;North Korea:D;Israel:D;Switzerland:R;Belgium:F;Belgium:R;Taiwan:M,Belgium:F;India:F;North Korea:D;Switzerland:R;Taiwan:M
0.445831402796788,9,India:F;Pakistan:F;North Korea:F;North Korea:D;Israel:D;Switzerland:R;Belgium:F;Belgium:R;Taiwan:M,Belgium:F;India:F;North Korea:D;Switzerland:R;Taiwan:M
0.44669068766929126,9,India:F;Pakistan:F;North Korea:F;North Korea:D;Israel:D;Switzerland:R;Belgium:F;Belgium:R;Taiwan:M,Belgium:F;India:F;North Korea:D;Switzerland:R;Taiwan:M
0.447337926022732,9,India:F;Pakistan:F;North Korea:F;North Korea:D;Israel:D;Switzerland:R;Belgium:F;Belgium:R;Taiwan:M,Belgium:F;India:F;North Korea:D;Switzerland:R;Taiwan:M
0.4479540143655023,9,India:F;Pakistan:F;North Korea:F;North Korea:D;Israel:D;Switzerland:R;Belgium:F;Belgium:R;Taiwan:M,Belgium:F;India:F;North Korea:D;Switzerland:R;Taiwan:M
0.44795481074461563,9,India:F;Pakistan:F;North Korea:F;North Korea:D;Israel:D;Switzerland:R;Belgium:F;Belgium:R;Taiwan:M,Belgium:F;India:F;North Korea:D;Switzerland:R;Taiwan:M
0.44807098366717935,9,India:F;Pakistan:F;North Korea:F;North Korea:D;Israel:D;Switzerland:R;Belgium:F;Belgium:R;Taiwan:M,Belgium:F;India:F;North Korea:D;Switzerland:R;Taiwan:M
0.4482183253079085,9,India:F;Pakistan:F;North Korea:F;North Korea:D;Israel:D;Switzerland:R;Belgium:F;Belgium:R;Taiwan:M,Belgium:F;India:F;North Korea:D;Switzerland:R;Taiwan:M
0.4487478387286381,9,India:F;Pakistan:F;North Korea:F;North Korea:D;Israel:D;Switzerland:R;Belgium:F;Belgium:R;Taiwan:M,Belgium:F;India:F;North Korea:D;Switzerland:R;Taiwan:M
0.4489512677624742,9,India:F;Pakistan:F;North Korea:F;North Korea:D;Israel:D;Switzerland:R;Belgium:F;Belgium:R;Taiwan:M,Belgium:F;India:F;North Korea:D;Switzerland:R;Taiwan:M
0.4489728856061324,9,India:F;Pakistan:F;North Korea:F;North Korea:D;Israel:D;Switzerland:R;Belgium:F;Belgium:R;Taiwan:M,Belgium:F;India:F;North Korea:D;Switzerland:R;Taiwan:M
0.44903124322060234,9,India:F;Pakistan:F;North Korea:F;North Korea:D;Israel:D;Switzerland:R;Belgium:F;Belgium:R;Taiwan:M,Belgium:F;India:F;North Korea:D;Switzerland:R;Taiwan:M
0.4491049675394074,9,India:F;Pakistan:F;North Korea:F;North Korea:D;Israel:D;Switzerland:R;Belgium:F;Belgium:R;Taiwan:M,Belgium:F;India:F;North Korea:D;Switzerland:R;Taiwan:M
0.44957001522493556,9,India:F;Pakistan:F;North Korea:F;North Korea:D;Israel:D;Switzerland:R;Belgium:F;Belgium:R;Taiwan:M,Belgium:F;India:F;North Korea:D;Switzerland:R;Taiwan:M
0.44963463769468776,9,India:F;Pakistan:F;North Korea:F;North Korea:D;Israel:D;Switzerland:R;Belgium:F;Belgium:R;Taiwan:M,Belgium:F;India:F;North Korea:D;Switzerland:R;Taiwan:M
0.449654015645761,9,India:F;Pakistan:F;North Korea:F;North Korea:D;Israel:D;Switzerland:R;Belgium:F;Belgium:R;Taiwan:M,Belgium:F;India:F;North Korea:D;Switzerland:R;Taiwan:M
0.4497521535373239,9,India:F;Pakistan:F;North Korea:F;North Korea:D;Israel:D;Switzerland:R;Belgium:F;Belgium:R;Taiwan:M,Belgium:F;India:F;North Korea:D;Switzerland:R;Taiwan:M
0.44975582759431115,9,India:F;Pakistan:F;North Korea:F;North Korea:D;Israel:D;Switzerland:R;Belgium:F;Belgium:R;Taiwan:M,Belgium:F;India:F;North Korea:D;Switzerland:R;Taiwan:M
0.4505263102317514,9,India:F;Pakistan:F;North Korea:F;North Korea:D;Israel:D;Switzerland:R;Belgium:F;Belgium:R;Taiwan:M,Belgium:F;India:F;North Korea:D;Switzerland:R;Taiwan:M
0.4505297729725016,9,India:F;Pakistan:F;North Korea:F;North Korea:D;Israel:D;Switzerland:R;Belgium:F;Belgium:R;Taiwan:M,Belgium:F;India:F;North Korea:D;Switzerland:R;Taiwan:M
0.45142743387731266,9,India:F;Pakistan:F;North Korea:F;North Korea:D;Israel:D;Switzerland:R;Belgium:F;Belgium:R;Taiwan:M,Belgium:F;India:F;North Korea:D;Taiwan:M;Switzerland:R
0.45203822095184826,9,India:F;Pakistan:F;North Korea:F;North Korea:D;Israel:D;Switzerland:R;Belgium:F;Belgium:R;Taiwan:M,Belgium:F;India:F;North Korea:D;Taiwan:M;Switzerland:R
0.4524687987090646,9,India:F;Pakistan:F;North Korea:F;North Korea:D;Israel:D;Switzerland:R;Belgium:F;Belgium:R;Taiwan:M,Belgium:F;India:F;North Korea:D;Taiwan:M;Switzerland:R
0.4529573388550009,9,India:F;Pakistan:F;North Korea:F;North Korea:D;Israel:D;Switzerland:R;Belgium:F;Belgium:R;Taiwan:M,Belgium:F;India:F;North Korea:D;Taiwan:M;Switzerland:R
0.4532985406852798,9,India:F;Pakistan:F;North Korea:F;North Korea:D;Israel:D;Switzerland:R;Belgium:F;Belgium:R;Taiwan:M,Belgium:F;India:F;North Korea:D;Taiwan:M;Switzerland:R
0.4534262757916522,9,India:F;Pakistan:F;North Korea:F;North Korea:D;Israel:D;Switzerland:R;Belgium:F;Belgium:R;Taiwan:M,Belgium:F;India:F;North Korea:D;Taiwan:M;Switzerland:R
0.4534655618440354,9,India:F;Pakistan:F;North Korea:F;North Korea:D;Israel:D;Switzerland:R;Belgium:F;Belgium:R;Taiwan:M,Belgium:F;India:F;North Korea:D;Taiwan:M;Switzerland:R
0.45385367083002154,9,India:F;Pakistan:F;North Korea:F;North Korea:D;Israel:D;Switzerland:R;Belgium:F;Belgium:R;Taiwan:M,Belgium:F;India:F;North Korea:D;Taiwan:M;Switzerland:R
0.4542241691493941,9,India:F;Pakistan:F;North Korea:F;North Korea:D;Israel:D;Switzerland:R;Belgium:F;Belgium:R;Taiwan:M,Belgium:F;India:F;North Korea:D;Taiwan:M;Switzerland:R
0.45449997058772235,9,India:F;Pakistan:F;North Korea:F;North Korea:D;Israel:D;Switzerland:R;Belgium:F;Belgium:R;Taiwan:M,Belgium:F;India:F;North Korea:D;Taiwan:M;Switzerland:R
0.4549602894915128,9,India:F;Pakistan:F;North Korea:F;North Korea:D;Israel:D;Switzerland:R;Belgium:F;Belgium:R;Taiwan:M,Belgium:F;India:F;North Korea:D;Taiwan:M;Switzerland:R
0.4551543228007625,9,India:F;Pakistan:F;North Korea:F;North Korea:D;Israel:D;Switzerland:R;Belgium:F;Belgium:R;Taiwan:M,Belgium:F;India:F;North Korea:D;Taiwan:M;Switzerland:R
0.45529045591645384,9,India:F;Pakistan:F;North Korea:F;North Korea:D;Israel:D;Switzerland:R;Belgium:F;Belgium:R;Taiwan:M,Belgium:F;India:F;North Korea:D;Taiwan:M;Switzerland:R
0.4559205970423947,9,India:F;Pakistan:F;North Korea:F;North Korea:D;Israel:D;Switzerland:R;Belgium:F;Belgium:R;Taiwan:M,Belgium:F;India:F;North Korea:D;Taiwan:M;Switzerland:R
0.45596157794833736,9,India:F;Pakistan:F;North Korea:F;North Korea:D;Israel:D;Switzerland:R;Belgium:F;Belgium:R;Taiwan:M,Belgium:F;India:F;North Korea:D;Taiwan:M;Switzerland:R
0.455994115525011,9,India:F;Pakistan:F;North Korea:F;North Korea:D;Israel:D;Switzerland:R;Belgium:F;Belgium:R;Taiwan:M,Belgium:F;India:F;North Korea:D;Taiwan:M;Switzerland:R
0.4568492536364616,9,India:F;Pakistan:F;North Korea:F;North Korea:D;Israel:D;Switzerland:R;Belgium:F;Belgium:R;Taiwan:M,Belgium:F;India:F;North Korea:D;Taiwan:M;Switzerland:R
0.45722276673379514,9,India:F;Pakistan:F;North Korea:F;North Korea:D;Israel:D;Switzerland:R;Belgium:F;Belgium:R;Taiwan:M,Belgium:F;India:F;North Korea:D;Taiwan:M;Switzerland:R
0.45728232958663434,9,India:F;Pakistan:F;North Korea:F;North Korea:D;Israel:D;Switzerland:R;Belgium:F;Belgium:R;Taiwan:M,Belgium:F;India:F;North Korea:D;Taiwan:M;Switzerland:R
0.45767159517923567,9,India:F;Pakistan:F;North Korea:F;North Korea:D;Israel:D;Switzerland:R;Belgium:F;Belgium:R;Taiwan:M,Belgium:F;India:F;North Korea:D;Taiwan:M;Switzerland:R
0.4577248199381693,9,India:F;Pakistan:F;North Korea:F;North Korea:D;Israel:D;Switzerland:R;Belgium:F;Belgium:R;Taiwan:M,Belgium:F;India:F;North Korea:D;Taiwan:M;Switzerland:R
0.45805471728742936,9,India:F;Pakistan:F;North Korea:F;North Korea:D;Israel:D;Switzerland:R;Belgium:F;Belgium:R;Taiwan:M,Belgium:F;India:F;North Korea:D;Taiwan:M;Switzerland:R
0.4583360620077454,9,India:F;Pakistan:F;North Korea:F;North Korea:D;Israel:D;Switzerland:R;Belgium:F;Belgium:R;Taiwan:M,Belgium:F;India:F;North Korea:D;Taiwan:M;Switzerland:R
0.4591192547774188,9,India:F;Pakistan:F;North Korea:F;North Korea:D;Israel:D;Switzerland:R;Belgium:F;Belgium:R;Taiwan:M,Belgium:F;India:F;North Korea:D;Taiwan:M;Switzerland:R
0.4591609158391294,9,India:F;Pakistan:F;North Korea:F;North Korea:D;Israel:D;Switzerland:R;Belgium:F;Belgium:R;Taiwan:M,Belgium:F;India:F;North Korea:D;Taiwan:M;Switzerland:R
0.45939737171676126,9,India:F;Pakistan:F;North Korea:F;North Korea:D;Israel:D;Switzerland:R;Belgium:F;Belgium:R;Taiwan:M,Belgium:F;India:F;North Korea:D;Taiwan:M;Switzerland:R
0.45975196032923993,9,India:F;Pakistan:F;North Korea:F;North Korea:D;Israel:D;Switzerland:R;Belgium:F;Belgium:R;Taiwan:M,Belgium:F;India:F;North Korea:D;Taiwan:M;Switzerland:R
0.4610707706210618,9,India:F;Pakistan:F;North Korea:F;North Korea:D;Israel:D;Switzerland:R;Belgium:F;Belgium:R;Taiwan:M,Belgium:F;India:F;North Korea:D;Taiwan:M;Switzerland:R
0.4618977591757399,9,India:F;Pakistan:F;North Korea:F;North Korea:D;Israel:D;Switzerland:R;Belgium:F;Belgium:R;Taiwan:M,Belgium:F;India:F;North Korea:D;Taiwan:M;Switzerland:R
0.46267015416973695,9,India:F;Pakistan:F;North Korea:F;North Korea:D;Israel:D;Switzerland:R;Belgium:F;Belgium:R;Taiwan:M,Belgium:F;India:F;North Korea:D;Taiwan:M;Switzerland:R
0.4627824999347359,9,India:F;Pakistan:F;North Korea:F;North Korea:D;Israel:D;Switzerland:R;Belgium:F;Belgium:R;Taiwan:M,Belgium:F;India:F;North Korea:D;Taiwan:M;Switzerland:R
0.462836161406658,9,India:F;Pakistan:F;North Korea:F;North Korea:D;Israel:D;Switzerland:R;Belgium:F;Belgium:R;Taiwan:M,Belgium:F;India:F;North Korea:D;Taiwan:M;Switzerland:R
0.46307588302010455,9,India:F;Pakistan:F;North Korea:F;North Korea:D;Israel:D;Switzerland:R;Belgium:F;Belgium:R;Taiwan:M,Belgium:F;India:F;North Korea:D;Taiwan:M;Switzerland:R
0.4635810549616966,9,India:F;Pakistan:F;North Korea:F;North Korea:D;Israel:D;Switzerland:R;Belgium:F;Belgium:R;Taiwan:M,Belgium:F;India:F;North Korea:D;Taiwan:M;Switzerland:R
0.46361179787408585,9,India:F;Pakistan:F;North Korea:F;North Korea:D;Israel:D;Switzerland:R;Belgium:F;Belgium:R;Taiwan:M,Belgium:F;India:F;North Korea:D;Taiwan:M;Switzerland:R
0.4643131794352886,9,India:F;Pakistan:F;North Korea:F;North Korea:D;Israel:D;Switzerland:R;Belgium:F;Belgium:R;Taiwan:M,Belgium:F;India:F;North Korea:D;Taiwan:M;Switzerland:R
0.46432058740680426,9,India:F;Pakistan:F;North Korea:F;North Korea:D;Israel:D;Switzerland:R;Belgium:F;Belgium:R;Taiwan:M,Belgium:F;India:F;North Korea:D;Taiwan:M;Switzerland:R
0.4644124872067262,9,India:F;Pakistan:F;North Korea:F;North Korea:D;Israel:D;Switzerland:R;Belgium:F;Belgium:R;Taiwan:M,Belgium:F;India:F;North Korea:D;Taiwan:M;Switzerland:R
0.4646890529010481,9,India:F;Pakistan:F;North Korea:F;North Korea:D;Israel:D;Switzerland:R;Belgium:F;Belgium:R;Taiwan:M,Belgium:F;India:F;North Korea:D;Taiwan:M;Switzerland:R
0.46492939498541175,9,India:F;Pakistan:F;North Korea:F;North Korea:D;Israel:D;Switzerland:R;Belgium:F;Belgium:R;Taiwan:M,Belgium:F;India:F;North Korea:D;Taiwan:M;Switzerland:R
0.4654007527894365,9,India:F;Pakistan:F;North Korea:F;North Korea:D;Israel:D;Switzerland:R;Belgium:F;Belgium:R;Taiwan:M,Belgium:F;India:F;North Korea:D;Taiwan:M;Switzerland:R
0.4655152256763235,9,India:F;Pakistan:F;North Korea:F;North Korea:D;Israel:D;Switzerland:R;Belgium:F;Belgium:R;Taiwan:M,Belgium:F;India:F;North Korea:D;Taiwan:M;Switzerland:R
0.46559426792331465,9,India:F;Pakistan:F;North Korea:F;North Korea:D;Israel:D;Switzerland:R;Belgium:F;Belgium:R;Taiwan:M,Belgium:F;India:F;North Korea:D;Taiwan:M;Switzerland:R
0.4656004639272908,9,India:F;Pakistan:F;North Korea:F;North Korea:D;Israel:D;Switzerland:R;Belgium:F;Belgium:R;Taiwan:M,Belgium:F;India:F;North Korea:D;Taiwan:M;Switzerland:R
0.46594557224520633,9,India:F;Pakistan:F;North Korea:F;North Korea:D;Israel:D;Switzerland:R;Belgium:F;Belgium:R;Taiwan:M,Belgium:F;India:F;North Korea:D;Taiwan:M;Switzerland:R
0.4668339717381117,9,India:F;Pakistan:F;North Korea:F;North Korea:D;Israel:D;Switzerland:R;Belgium:F;Belgium:R;Taiwan:M,Belgium:F;India:F;North Korea:D;Taiwan:M;Switzerland:R
0.46745802707051165,9,India:F;Pakistan:F;North Korea:F;North Korea:D;Israel:D;Switzerland:R;Belgium:F;Belgium:R;Taiwan:M,Belgium:F;India:F;North Korea:D;Taiwan:M;Switzerland:R
0.46776691062904174,9,India:F;Pakistan:F;North Korea:F;North Korea:D;Israel:D;Switzerland:R;Belgium:F;Belgium:R;Taiwan:M,Belgium:F;India:F;North Korea:D;Taiwan:M;Switzerland:R
0.4679769334204123,9,India:F;Pakistan:F;North Korea:F;North Korea:D;Israel:D;Switzerland:R;Belgium:F;Belgium:R;Taiwan:M,Belgium:F;India:F;North Korea:D;Taiwan:M;Switzerland:R
0.46841819781183636,9,India:F;Pakistan:F;North Korea:F;North Korea:D;Israel:D;Switzerland:R;Belgium:F;Belgium:R;Taiwan:M,Belgium:F;India:F;North Korea:D;Taiwan:M;Switzerland:R
0.4690584215177538,9,India:F;Pakistan:F;North Korea:F;North Korea:D;Israel:D;Switzerland:R;Belgium:F;Belgium:R;Taiwan:M,Belgium:F;India:F;North Korea:D;Taiwan:M;Switzerland:R
0.46940708613904225,9,India:F;Pakistan:F;North Korea:F;North Korea:D;Israel:D;Switzerland:R;Belgium:F;Belgium:R;Taiwan:M,Belgium:F;India:F;North Korea:D;Taiwan:M;Switzerland:R
0.4695705412113206,9,India:F;Pakistan:F;North Korea:F;North Korea:D;Israel:D;Switzerland:R;Belgium:F;Belgium:R;Taiwan:M,Belgium:F;India:F;North Korea:D;Taiwan:M;Switzerland:R
0.4699877185219196,9,India:F;Pakistan:F;North Korea:F;North Korea:D;Israel:D;Switzerland:R;Belgium:F;Belgium:R;Taiwan:M,Belgium:F;India:F;North Korea:D;Taiwan:M;Switzerland:R
0.47035695933753613,9,India:F;Pakistan:F;North Korea:F;North Korea:D;Israel:D;Switzerland:R;Belgium:F;Belgium:R;Taiwan:M,Belgium:F;India:F;North Korea:D;Taiwan:M;Switzerland:R
0.4703665838607746,9,India:F;Pakistan:F;North Korea:F;North Korea:D;Israel:D;Switzerland:R;Belgium:F;Belgium:R;Taiwan:M,Belgium:F;India:F;North Korea:D;Taiwan:M;Switzerland:R
0.47076889016810697,9,India:F;Pakistan:F;North Korea:F;North Korea:D;Israel:D;Switzerland:R;Belgium:F;Belgium:R;Taiwan:M,Belgium:F;India:F;North Korea:D;Taiwan:M;Switzerland:R
0.47103885768792164,9,India:F;Pakistan:F;North Korea:F;North Korea:D;Israel:D;Switzerland:R;Belgium:F;Belgium:R;Taiwan:M,Belgium:F;India:F;North Korea:D;Taiwan:M;Switzerland:R
0.47158288614771393,9,India:F;Pakistan:F;North Korea:F;North Korea:D;Israel:D;Switzerland:R;Belgium:F;Belgium:R;Taiwan:M,Belgium:F;India:F;North Korea:D;Taiwan:M;Switzerland:R
0.47176120934165977,9,India:F;Pakistan:F;North Korea:F;North Korea:D;Israel:D;Switzerland:R;Belgium:F;Belgium:R;Taiwan:M,Belgium:F;India:F;North Korea:D;Taiwan:M;Switzerland:R
0.4720412035480919,9,India:F;Pakistan:F;North Korea:F;North Korea:D;Israel:D;Switzerland:R;Belgium:F;Belgium:R;Taiwan:M,Belgium:F;India:F;North Korea:D;Taiwan:M;Switzerland:R
0.47214344986883,9,India:F;Pakistan:F;North Korea:F;North Korea:D;Israel:D;Switzerland:R;Belgium:F;Belgium:R;Taiwan:M,Belgium:F;India:F;North Korea:D;Taiwan:M;Switzerland:R
0.4727492955780108,9,India:F;Pakistan:F;North Korea:F;North Korea:D;Israel:D;Switzerland:R;Belgium:F;Belgium:R;Taiwan:M,Belgium:F;India:F;North Korea:D;Taiwan:M;Switzerland:R
0.47310726379503376,9,India:F;Pakistan:F;North Korea:F;North Korea:D;Israel:D;Switzerland:R;Belgium:F;Belgium:R;Taiwan:M,Belgium:F;India:F;North Korea:D;Taiwan:M;Switzerland:R
0.4738333812805282,9,India:F;Pakistan:F;North Korea:F;North Korea:D;Israel:D;Switzerland:R;Belgium:F;Belgium:R;Taiwan:M,Belgium:F;India:F;North Korea:D;Taiwan:M;Switzerland:R
0.47437011828366954,9,India:F;Pakistan:F;North Korea:F;North Korea:D;Israel:D;Switzerland:R;Belgium:F;Belgium:R;Taiwan:M,Belgium:F;India:F;North Korea:D;Taiwan:M;Switzerland:R
0.474525561771733,9,India:F;Pakistan:F;North Korea:F;North Korea:D;Israel:D;Switzerland:R;Belgium:F;Belgium:R;Taiwan:M,Belgium:F;India:F;North Korea:D;Taiwan:M;Switzerland:R
0.4746559271922399,9,India:F;Pakistan:F;North Korea:F;North Korea:D;Israel:D;Switzerland:R;Belgium:F;Belgium:R;Taiwan:M,Belgium:F;India:F;North Korea:D;Taiwan:M;Switzerland:R
0.47478510413083885,9,India:F;Pakistan:F;North Korea:F;North Korea:D;Israel:D;Switzerland:R;Belgium:F;Belgium:R;Taiwan:M,Belgium:F;India:F;North Korea:D;Taiwan:M;Switzerland:R
0.47482127488934195,9,India:F;Pakistan:F;North Korea:F;North Korea:D;Israel:D;Switzerland:R;Belgium:F;Belgium:R;Taiwan:M,Belgium:F;India:F;North Korea:D;Taiwan:M;Switzerland:R
0.4756438833146729,9,India:F;Pakistan:F;North Korea:F;North Korea:D;Israel:D;Switzerland:R;Belgium:F;Belgium:R;Taiwan:M,Belgium:F;India:F;North Korea:D;Taiwan:M;Switzerland:R
0.4756681482446747,9,India:F;Pakistan:F;North Korea:F;North Korea:D;Israel:D;Switzerland:R;Belgium:F;Belgium:R;Taiwan:M,Belgium:F;India:F;North Korea:D;Taiwan:M;Switzerland:R
0.47573365239256643,9,India:F;Pakistan:F;North Korea:F;North Korea:D;Israel:D;Switzerland:R;Belgium:F;Belgium:R;Taiwan:M,Belgium:F;India:F;North Korea:D;Taiwan:M;Switzerland:R
0.4763384507970681,9,India:F;Pakistan:F;North Korea:F;North Korea:D;Israel:D;Switzerland:R;Belgium:F;Belgium:R;Taiwan:M,Belgium:F;India:F;North Korea:D;Taiwan:M;Switzerland:R
0.4765429296449226,9,India:F;Pakistan:F;North Korea:F;North Korea:D;Israel:D;Switzerland:R;Belgium:F;Belgium:R;Taiwan:M,Belgium:F;India:F;North Korea:D;Taiwan:M;Switzerland:R
0.47654705445215617,9,India:F;Pakistan:F;North Korea:F;North Korea:D;Israel:D;Switzerland:R;Belgium:F;Belgium:R;Taiwan:M,Belgium:F;India:F;North Korea:D;Taiwan:M;Switzerland:R
0.4772566522335015,9,India:F;Pakistan:F;North Korea:F;North Korea:D;Israel:D;Switzerland:R;Belgium:F;Belgium:R;Taiwan:M,Belgium:F;India:F;North Korea:D;Taiwan:M;Switzerland:R
0.4773093580918186,9,India:F;Pakistan:F;North Korea:F;North Korea:D;Israel:D;Switzerland:R;Belgium:F;Belgium:R;Taiwan:M,Belgium:F;India:F;North Korea:D;Taiwan:M;Switzerland:R
0.47741215215290755,9,India:F;Pakistan:F;North Korea:F;North Korea:D;Israel:D;Switzerland:R;Belgium:F;Belgium:R;Taiwan:M,Belgium:F;India:F;North Korea:D;Taiwan:M;Switzerland:R
0.47842415759851414,9,India:F;Pakistan:F;North Korea:F;North Korea:D;Israel:D;Switzerland:R;Belgium:F;Belgium:R;Taiwan:M,Belgium:F;India:F;North Korea:D;Taiwan:M;Switzerland:R
0.47911023842927114,9,India:F;Pakistan:F;North Korea:F;North Korea:D;Israel:D;Switzerland:R;Belgium:F;Belgium:R;Taiwan:M,Belgium:F;India:F;North Korea:D;Taiwan:M;Switzerland:R
0.4793874144807471,9,India:F;Pakistan:F;North Korea:F;North Korea:D;Israel:D;Switzerland:R;Belgium:F;Belgium:R;Taiwan:M,Belgium:F;India:F;North Korea:D;Taiwan:M;Switzerland:R
0.4798241134799571,9,India:F;Pakistan:F;North Korea:F;North Korea:D;Israel:D;Switzerland:R;Belgium:F;Belgium:R;Taiwan:M,Belgium:F;India:F;North Korea:D;Taiwan:M;Switzerland:R
0.4801428683444389,9,India:F;Pakistan:F;North Korea:F;North Korea:D;Israel:D;Switzerland:R;Belgium:F;Belgium:R;Taiwan:M,Belgium:F;India:F;North Korea:D;Taiwan:M;Switzerland:R
0.48071396539452316,9,India:F;Pakistan:F;North Korea:F;North Korea:D;Israel:D;Switzerland:R;Belgium:F;Belgium:R;Taiwan:M,Belgium:F;India:F;North Korea:D;Taiwan:M;Switzerland:R
0.4811501405167606,9,India:F;Pakistan:F;North Korea:F;North Korea:D;Israel:D;Switzerland:R;Belgium:F;Belgium:R;Taiwan:M,Belgium:F;India:F;North Korea:D;Taiwan:M;Switzerland:R
0.48156656580474255,9,India:F;Pakistan:F;North Korea:F;North Korea:D;Israel:D;Switzerland:R;Belgium:F;Belgium:R;Taiwan:M,Belgium:F;India:F;North Korea:D;Taiwan:M;Switzerland:R
0.48187658213885,9,India:F;Pakistan:F;North Korea:F;North Korea:D;Israel:D;Switzerland:R;Belgium:F;Belgium:R;Taiwan:M,Belgium:F;India:F;North Korea:D;Taiwan:M;Switzerland:R
0.4822566020993315,9,India:F;Pakistan:F;North Korea:F;North Korea:D;Israel:D;Switzerland:R;Belgium:F;Belgium:R;Taiwan:M,Belgium:F;India:F;North Korea:D;Taiwan:M;Switzerland:R
0.4823940569673704,9,India:F;Pakistan:F;North Korea:F;North Korea:D;Israel:D;Switzerland:R;Belgium:F;Belgium:R;Taiwan:M,Belgium:F;India:F;North Korea:D;Taiwan:M;Switzerland:R
0.4825414869249846,9,India:F;Pakistan:F;North Korea:F;North Korea:D;Israel:D;Switzerland:R;Belgium:F;Belgium:R;Taiwan:M,Belgium:F;India:F;North Korea:D;Taiwan:M;Switzerland:R
0.4826122015205725,9,India:F;Pakistan:F;North Korea:F;North Korea:D;Israel:D;Switzerland:R;Belgium:F;Belgium:R;Taiwan:M,Belgium:F;India:F;North Korea:D;Taiwan:M;Switzerland:R
0.4827230208923172,9,India:F;Pakistan:F;North Korea:F;North Korea:D;Israel:D;Switzerland:R;Belgium:F;Belgium:R;Taiwan:M,Belgium:F;India:F;North Korea:D;Taiwan:M;Switzerland:R
0.4827652577013901,9,India:F;Pakistan:F;North Korea:F;North Korea:D;Israel:D;Switzerland:R;Belgium:F;Belgium:R;Taiwan:M,Belgium:F;India:F;North Korea:D;Taiwan:M;Switzerland:R
0.4835198894168257,9,India:F;Pakistan:F;North Korea:F;North Korea:D;Israel:D;Switzerland:R;Belgium:F;Belgium:R;Taiwan:M,Belgium:F;India:F;North Korea:D;Taiwan:M;Switzerland:R
0.48355647915218464,9,India:F;Pakistan:F;North Korea:F;North Korea:D;Israel:D;Switzerland:R;Belgium:F;Belgium:R;Taiwan:M,Belgium:F;India:F;North Korea:D;Taiwan:M;Switzerland:R
0.48460177153476536,9,India:F;Pakistan:F;North Korea:F;North Korea:D;Israel:D;Switzerland:R;Belgium:F;Belgium:R;Taiwan:M,Belgium:F;India:F;North Korea:D;Taiwan:M;Switzerland:R
0.48500537823956363,9,India:F;Pakistan:F;North Korea:F;North Korea:D;Israel:D;Switzerland:R;Belgium:F;Belgium:R;Taiwan:M,Belgium:F;India:F;North Korea:D;Taiwan:M;Switzerland:R
0.48544329614362564,9,India:F;Pakistan:F;North Korea:F;North Korea:D;Israel:D;Switzerland:R;Belgium:F;Belgium:R;Taiwan:M,Belgium:F;India:F;North Korea:D;Taiwan:M;Switzerland:R
0.48557374464548503,9,India:F;Pakistan:F;North Korea:F;North Korea:D;Israel:D;Switzerland:R;Belgium:F;Belgium:R;Taiwan:M,Belgium:F;India:F;North Korea:D;Taiwan:M;Switzerland:R
0.48587434686100855,9,India:F;Pakistan:F;North Korea:F;North Korea:D;Israel:D;Switzerland:R;Belgium:F;Belgium:R;Taiwan:M,Belgium:F;India:F;North Korea:D;Taiwan:M;Switzerland:R
0.48619091571960327,9,India:F;Pakistan:F;North Korea:F;North Korea:D;Israel:D;Switzerland:R;Belgium:F;Belgium:R;Taiwan:M,Belgium:F;India:F;North Korea:D;Taiwan:M;Switzerland:R
0.4865628908201485,9,India:F;Pakistan:F;North Korea:F;North Korea:D;Israel:D;Switzerland:R;Belgium:F;Belgium:R;Taiwan:M,Belgium:F;India:F;North Korea:D;Taiwan:M;Switzerland:R
0.48707228801440716,9,India:F;Pakistan:F;North Korea:F;North Korea:D;Israel:D;Switzerland:R;Belgium:F;Belgium:R;Taiwan:M,Belgium:F;India:F;North Korea:D;Taiwan:M;Switzerland:R
0.48738531320418016,9,India:F;Pakistan:F;North Korea:F;North Korea:D;Israel:D;Switzerland:R;Belgium:F;Belgium:R;Taiwan:M,Belgium:F;India:F;North Korea:D;Taiwan:M;Switzerland:R
0.48762215185201885,9,India:F;Pakistan:F;North Korea:F;North Korea:D;Israel:D;Switzerland:R;Belgium:F;Belgium:R;Taiwan:M,Belgium:F;India:F;North Korea:D;Taiwan:M;Switzerland:R
0.4877844420081594,9,India:F;Pakistan:F;North Korea:F;North Korea:D;Israel:D;Switzerland:R;Belgium:F;Belgium:R;Taiwan:M,Belgium:F;India:F;North Korea:D;Taiwan:M;Switzerland:R
0.4878751931346812,9,India:F;Pakistan:F;North Korea:F;North Korea:D;Israel:D;Switzerland:R;Belgium:F;Belgium:R;Taiwan:M,Belgium:F;India:F;North Korea:D;Taiwan:M;Switzerland:R
0.48865157471922627,9,India:F;Pakistan:F;North Korea:F;North Korea:D;Israel:D;Switzerland:R;Belgium:F;Belgium:R;Taiwan:M,Belgium:F;India:F;North Korea:D;Taiwan:M;Switzerland:R
0.4902005777254974,9,India:F;Pakistan:F;North Korea:F;North Korea:D;Israel:D;Switzerland:R;Belgium:F;Belgium:R;Taiwan:M,Belgium:F;India:F;North Korea:D;Taiwan:M;Switzerland:R
0.4910706190476102,9,India:F;Pakistan:F;North Korea:F;North Korea:D;Israel:D;Switzerland:R;Belgium:F;Belgium:R;Taiwan:M,Belgium:F;India:F;North Korea:D;Taiwan:M;Switzerland:R
0.4912576362336705,9,India:F;Pakistan:F;North Korea:F;North Korea:D;Israel:D;Switzerland:R;Belgium:F;Belgium:R;Taiwan:M,Belgium:F;India:F;North Korea:D;Taiwan:M;Switzerland:R
0.49130801854913325,9,India:F;Pakistan:F;North Korea:F;North Korea:D;Israel:D;Switzerland:R;Belgium:F;Belgium:R;Taiwan:M,Belgium:F;India:F;North Korea:D;Taiwan:M;Switzerland:R
0.4918677108911718,9,India:F;Pakistan:F;North Korea:F;North Korea:D;Israel:D;Switzerland:R;Belgium:F;Belgium:R;Taiwan:M,Belgium:F;India:F;North Korea:D;Taiwan:M;Switzerland:R
0.49209690527292255,9,India:F;Pakistan:F;North Korea:F;North Korea:D;Israel:D;Switzerland:R;Belgium:F;Belgium:R;Taiwan:M,Belgium:F;India:F;North Korea:D;Taiwan:M;Switzerland:R
0.49243750241945566,9,India:F;Pakistan:F;North Korea:F;North Korea:D;Israel:D;Switzerland:R;Belgium:F;Belgium:R;Taiwan:M,Belgium:F;India:F;North Korea:D;Taiwan:M;Switzerland:R
0.4929302981024997,9,India:F;Pakistan:F;North Korea:F;North Korea:D;Israel:D;Switzerland:R;Belgium:F;Belgium:R;Taiwan:M,Belgium:F;India:F;North Korea:D;Taiwan:M;Switzerland:R
0.4930338731182262,9,India:F;Pakistan:F;North Korea:F;North Korea:D;Israel:D;Switzerland:R;Belgium:F;Belgium:R;Taiwan:M,Belgium:F;India:F;North Korea:D;Taiwan:M;Switzerland:R
0.49334558975825726,9,India:F;Pakistan:F;North Korea:F;North Korea:D;Israel:D;Switzerland:R;Belgium:F;Belgium:R;Taiwan:M,Belgium:F;India:F;North Korea:D;Taiwan:M;Switzerland:R
0.49361649742313096,9,India:F;Pakistan:F;North Korea:F;North Korea:D;Israel:D;Switzerland:R;Belgium:F;Belgium:R;Taiwan:M,Belgium:F;India:F;North Korea:D;Taiwan:M;Switzerland:R
0.4936233987993409,9,India:F;Pakistan:F;North Korea:F;North Korea:D;Israel:D;Switzerland:R;Belgium:F;Belgium:R;Taiwan:M,Belgium:F;India:F;North Korea:D;Taiwan:M;Switzerland:R
0.4941478504903743,9,India:F;Pakistan:F;North Korea:F;North Korea:D;Israel:D;Switzerland:R;Belgium:F;Belgium:R;Taiwan:M,Belgium:F;India:F;North Korea:D;Taiwan:M;Switzerland:R
0.49427690372430005,9,India:F;Pakistan:F;North Korea:F;North Korea:D;Israel:D;Switzerland:R;Belgium:F;Belgium:R;Taiwan:M,Belgium:F;India:F;North Korea:D;Taiwan:M;Switzerland:R
0.4943660158264233,9,India:F;Pakistan:F;North Korea:F;North Korea:D;Israel:D;Switzerland:R;Belgium:F;Belgium:R;Taiwan:M,Belgium:F;India:F;North Korea:D;Taiwan:M;Switzerland:R
0.4944774765520567,9,India:F;Pakistan:F;North Korea:F;North Korea:D;Israel:D;Switzerland:R;Belgium:F;Belgium:R;Taiwan:M,Belgium:F;India:F;North Korea:D;Taiwan:M;Switzerland:R
0.4957639005822611,9,India:F;Pakistan:F;North Korea:F;North Korea:D;Israel:D;Switzerland:R;Belgium:F;Belgium:R;Taiwan:M,Belgium:F;India:F;North Korea:D;Taiwan:M;Switzerland:R
0.4963169975156213,9,India:F;Pakistan:F;North Korea:F;North Korea:D;Israel:D;Switzerland:R;Belgium:F;Belgium:R;Taiwan:M,Belgium:F;India:F;North Korea:D;Taiwan:M;Switzerland:R
0.49705310701649585,9,India:F;Pakistan:F;North Korea:F;North Korea:D;Israel:D;Switzerland:R;Belgium:F;Belgium:R;Taiwan:M,Belgium:F;India:F;North Korea:D;Taiwan:M;Switzerland:R
0.4975509369633305,9,India:F;Pakistan:F;North Korea:F;North Korea:D;Israel:D;Switzerland:R;Belgium:F;Belgium:R;Taiwan:M,Belgium:F;India:F;North Korea:D;Taiwan:M;Switzerland:R
0.4982733344876493,9,India:F;Pakistan:F;North Korea:F;North Korea:D;Israel:D;Switzerland:R;Belgium:F;Belgium:R;Taiwan:M,Belgium:F;India:F;North Korea:D;Taiwan:M;Switzerland:R
0.4986668024771779,9,India:F;Pakistan:F;North Korea:F;North Korea:D;Israel:D;Switzerland:R;Belgium:F;Belgium:R;Taiwan:M,Belgium:F;India:F;North Korea:D;Taiwan:M;Switzerland:R
0.49882986781630884,9,India:F;Pakistan:F;North Korea:F;North Korea:D;Israel:D;Switzerland:R;Belgium:F;Belgium:R;Taiwan:M,Belgium:F;India:F;North Korea:D;Taiwan:M;Switzerland:R
0.4993221269271713,9,India:F;Pakistan:F;North Korea:F;North Korea:D;Israel:D;Switzerland:R;Belgium:F;Belgium:R;Taiwan:M,Belgium:F;India:F;North Korea:D;Taiwan:M;Switzerland:R
0.4997389191465881,9,India:F;Pakistan:F;North Korea:F;North Korea:D;Israel:D;Switzerland:R;Belgium:F;Belgium:R;Taiwan:M,Belgium:F;India:F;North Korea:D;Taiwan:M;Switzerland:R
0.499749783677466,9,India:F;Pakistan:F;North Korea:F;North Korea:D;Israel:D;Switzerland:R;Belgium:F;Belgium:R;Taiwan:M,Belgium:F;India:F;North Korea:D;Taiwan:M;Switzerland:R
0.500186040333527,9,India:F;Pakistan:F;North Korea:F;North Korea:D;Israel:D;Switzerland:R;Belgium:F;Belgium:R;Taiwan:M,Belgium:F;India:F;North Korea:D;Taiwan:M;Switzerland:R
0.5002039473096932,9,India:F;Pakistan:F;North Korea:F;North Korea:D;Israel:D;Switzerland:R;Belgium:F;Belgium:R;Taiwan:M,Belgium:F;India:F;North Korea:D;Taiwan:M;Switzerland:R
0.5005087408840255,9,India:F;Pakistan:F;North Korea:F;North Korea:D;Israel:D;Switzerland:R;Belgium:F;Belgium:R;Taiwan:M,Belgium:F;India:F;North Korea:D;Taiwan:M;Switzerland:R
0.5008821438374081,9,India:F;Pakistan:F;North Korea:F;North Korea:D;Israel:D;Switzerland:R;Belgium:F;Belgium:R;Taiwan:M,Belgium:F;India:F;North Korea:D;Taiwan:M;Switzerland:R
0.5011230159179163,9,India:F;Pakistan:F;North Korea:F;North Korea:D;Israel:D;Switzerland:R;Belgium:F;Belgium:R;Taiwan:M,Belgium:F;India:F;North Korea:D;Taiwan:M;Switzerland:R
0.5013243840533432,9,India:F;Pakistan:F;North Korea:F;North Korea:D;Israel:D;Switzerland:R;Belgium:F;Belgium:R;Taiwan:M,Belgium:F;India:F;North Korea:D;Taiwan:M;Switzerland:R
0.5016405815298302,9,India:F;Pakistan:F;North Korea:F;North Korea:D;Israel:D;Switzerland:R;Belgium:F;Belgium:R;Taiwan:M,Belgium:F;India:F;North Korea:D;Taiwan:M;Switzerland:R
0.5019302800831684,9,India:F;Pakistan:F;North Korea:F;North Korea:D;Israel:D;Switzerland:R;Belgium:F;Belgium:R;Taiwan:M,Belgium:F;India:F;North Korea:D;Taiwan:M;Switzerland:R
0.5024403348758266,9,India:F;Pakistan:F;North Korea:F;North Korea:D;Israel:D;Switzerland:R;Belgium:F;Belgium:R;Taiwan:M,Belgium:F;India:F;North Korea:D;Taiwan:M;Switzerland:R
0.5029560346358126,9,India:F;Pakistan:F;North Korea:F;North Korea:D;Israel:D;Switzerland:R;Belgium:F;Belgium:R;Taiwan:M,Belgium:F;India:F;North Korea:D;Taiwan:M;Switzerland:R
0.5036650452058664,9,India:F;Pakistan:F;North Korea:F;North Korea:D;Israel:D;Switzerland:R;Belgium:F;Belgium:R;Taiwan:M,Belgium:F;India:F;North Korea:D;Taiwan:M;Switzerland:R
0.5042715368569068,9,India:F;Pakistan:F;North Korea:F;North Korea:D;Israel:D;Switzerland:R;Belgium:F;Belgium:R;Taiwan:M,Belgium:F;India:F;North Korea:D;Taiwan:M;Switzerland:R
0.5044471980251135,9,India:F;Pakistan:F;North Korea:F;North Korea:D;Israel:D;Switzerland:R;Belgium:F;Belgium:R;Taiwan:M,Belgium:F;India:F;North Korea:D;Taiwan:M;Switzerland:R
0.5045945249545432,9,India:F;Pakistan:F;North Korea:F;North Korea:D;Israel:D;Switzerland:R;Belgium:F;Belgium:R;Taiwan:M,Belgium:F;India:F;North Korea:D;Taiwan:M;Switzerland:R
0.5047813929573981,9,India:F;Pakistan:F;North Korea:F;North Korea:D;Israel:D;Switzerland:R;Belgium:F;Belgium:R;Taiwan:M,Belgium:F;India:F;North Korea:D;Taiwan:M;Switzerland:R
0.5057111874435909,9,India:F;Pakistan:F;North Korea:F;North Korea:D;Israel:D;Switzerland:R;Belgium:F;Belgium:R;Taiwan:M,Belgium:F;India:F;North Korea:D;Taiwan:M;Switzerland:R
0.5058126657558742,9,India:F;Pakistan:F;North Korea:F;North Korea:D;Israel:D;Switzerland:R;Belgium:F;Belgium:R;Taiwan:M,Belgium:F;India:F;North Korea:D;Taiwan:M;Switzerland:R
0.5062524943375561,9,India:F;Pakistan:F;North Korea:F;North Korea:D;Israel:D;Switzerland:R;Belgium:F;Belgium:R;Taiwan:M,Belgium:F;India:F;North Korea:D;Taiwan:M;Switzerland:R
0.5065784411582163,9,India:F;Pakistan:F;North Korea:F;North Korea:D;Israel:D;Switzerland:R;Belgium:F;Belgium:R;Taiwan:M,Belgium:F;India:F;North Korea:D;Taiwan:M;Switzerland:R
0.5067276122543827,9,India:F;Pakistan:F;North Korea:F;North Korea:D;Israel:D;Switzerland:R;Belgium:F;Belgium:R;Taiwan:M,Belgium:F;India:F;North Korea:D;Taiwan:M;Switzerland:R
0.5067322761516441,9,India:F;Pakistan:F;North Korea:F;North Korea:D;Israel:D;Switzerland:R;Belgium:F;Belgium:R;Taiwan:M,Belgium:F;India:F;North Korea:D;Taiwan:M;Switzerland:R
0.5075346906526582,9,India:F;Pakistan:F;North Korea:F;North Korea:D;Israel:D;Switzerland:R;Belgium:F;Belgium:R;Taiwan:M,Belgium:F;India:F;North Korea:D;Taiwan:M;Switzerland:R
0.5075942965755091,9,India:F;Pakistan:F;North Korea:F;North Korea:D;Israel:D;Switzerland:R;Belgium:F;Belgium:R;Taiwan:M,Belgium:F;India:F;North Korea:D;Taiwan:M;Switzerland:R
0.5077105504745039,9,India:F;Pakistan:F;North Korea:F;North Korea:D;Israel:D;Switzerland:R;Belgium:F;Belgium:R;Taiwan:M,Belgium:F;India:F;North Korea:D;Taiwan:M;Switzerland:R
0.5077346801635112,9,India:F;Pakistan:F;North Korea:F;North Korea:D;Israel:D;Switzerland:R;Belgium:F;Belgium:R;Taiwan:M,Belgium:F;India:F;North Korea:D;Taiwan:M;Switzerland:R
0.5096314437447194,9,India:F;Pakistan:F;North Korea:F;North Korea:D;Israel:D;Switzerland:R;Belgium:F;Belgium:R;Taiwan:M,Belgium:F;India:F;North Korea:D;Taiwan:M;Switzerland:R
0.5101787953768103,9,India:F;Pakistan:F;North Korea:F;North Korea:D;Israel:D;Switzerland:R;Belgium:F;Belgium:R;Taiwan:M,Belgium:F;India:F;North Korea:D;Taiwan:M;Switzerland:R
0.5104392458054546,9,India:F;Pakistan:F;North Korea:F;North Korea:D;Israel:D;Switzerland:R;Belgium:F;Belgium:R;Taiwan:M,Belgium:F;India:F;North Korea:D;Taiwan:M;Switzerland:R
0.5107999898809049,9,India:F;Pakistan:F;North Korea:F;North Korea:D;Israel:D;Switzerland:R;Belgium:F;Belgium:R;Taiwan:M,Belgium:F;India:F;North Korea:D;Taiwan:M;Switzerland:R
0.5113964192500909,9,India:F;Pakistan:F;North Korea:F;North Korea:D;Israel:D;Switzerland:R;Belgium:F;Belgium:R;Taiwan:M,Belgium:F;India:F;North Korea:D;Taiwan:M;Switzerland:R
0.5114463933752939,9,India:F;Pakistan:F;North Korea:F;North Korea:D;Israel:D;Switzerland:R;Belgium:F;Belgium:R;Taiwan:M,Belgium:F;India:F;North Korea:D;Taiwan:M;Switzerland:R
0.5124116027836189,9,India:F;Pakistan:F;North Korea:F;North Korea:D;Israel:D;Switzerland:R;Belgium:F;Belgium:R;Taiwan:M,Belgium:F;India:F;North Korea:D;Taiwan:M;Switzerland:R
0.5127626194526506,9,India:F;Pakistan:F;North Korea:F;North Korea:D;Israel:D;Switzerland:R;Belgium:F;Belgium:R;Taiwan:M,Belgium:F;India:F;North Korea:D;Taiwan:M;Switzerland:R
0.5133485959470452,9,India:F;Pakistan:F;North Korea:F;North Korea:D;Israel:D;Switzerland:R;Belgium:F;Belgium:R;Taiwan:M,Belgium:F;India:F;North Korea:D;Taiwan:M;Switzerland:R
0.5135155569778873,9,India:F;Pakistan:F;North Korea:F;North Korea:D;Israel:D;Switzerland:R;Belgium:F;Belgium:R;Taiwan:M,Belgium:F;India:F;North Korea:D;Taiwan:M;Switzerland:R
0.513721149010654,9,India:F;Pakistan:F;North Korea:F;North Korea:D;Israel:D;Switzerland:R;Belgium:F;Belgium:R;Taiwan:M,Belgium:F;India:F;North Korea:D;Taiwan:M;Switzerland:R
0.5144168778662102,9,India:F;Pakistan:F;North Korea:F;North Korea:D;Israel:D;Switzerland:R;Belgium:F;Belgium:R;Taiwan:M,Belgium:F;India:F;North Korea:D;Taiwan:M;Switzerland:R
0.5149732186716072,9,India:F;Pakistan:F;North Korea:F;North Korea:D;Israel:D;Switzerland:R;Belgium:F;Belgium:R;Taiwan:M,Belgium:F;India:F;North Korea:D;Taiwan:M;Switzerland:R
0.5150629422003431,9,India:F;Pakistan:F;North Korea:F;North Korea:D;Israel:D;Switzerland:R;Belgium:F;Belgium:R;Taiwan:M,Belgium:F;India:F;North Korea:D;Taiwan:M;Switzerland:R
0.5158494672437112,9,India:F;Pakistan:F;North Korea:F;North Korea:D;Israel:D;Switzerland:R;Belgium:F;Belgium:R;Taiwan:M,Belgium:F;India:F;North Korea:D;Taiwan:M;Switzerland:R
0.515929044897908,9,India:F;Pakistan:F;North Korea:F;North Korea:D;Israel:D;Switzerland:R;Belgium:F;Belgium:R;Taiwan:M,Belgium:F;India:F;North Korea:D;Taiwan:M;Switzerland:R
0.5162308964171207,9,India:F;Pakistan:F;North Korea:F;North Korea:D;Israel:D;Switzerland:R;Belgium:F;Belgium:R;Taiwan:M,Belgium:F;India:F;North Korea:D;Taiwan:M;Switzerland:R
0.5163068267116848,9,India:F;Pakistan:F;North Korea:F;North Korea:D;Israel:D;Switzerland:R;Belgium:F;Belgium:R;Taiwan:M,Belgium:F;India:F;North Korea:D;Taiwan:M;Switzerland:R
0.5168031225522616,9,India:F;Pakistan:F;North Korea:F;North Korea:D;Israel:D;Switzerland:R;Belgium:F;Belgium:R;Taiwan:M,Belgium:F;India:F;North Korea:D;Taiwan:M;Switzerland:R
0.5169509720580275,9,India:F;Pakistan:F;North Korea:F;North Korea:D;Israel:D;Switzerland:R;Belgium:F;Belgium:R;Taiwan:M,Belgium:F;India:F;North Korea:D;Taiwan:M;Switzerland:R
0.5176505394439802,9,India:F;Pakistan:F;North Korea:F;North Korea:D;Israel:D;Switzerland:R;Belgium:F;Belgium:R;Taiwan:M,Belgium:F;India:F;North Korea:D;Taiwan:M;Switzerland:R
0.5180722311238039,9,India:F;Pakistan:F;North Korea:F;North Korea:D;Israel:D;Switzerland:R;Belgium:F;Belgium:R;Taiwan:M,Belgium:F;India:F;North Korea:D;Taiwan:M;Switzerland:R
0.518649779885268,9,India:F;Pakistan:F;North Korea:F;North Korea:D;Israel:D;Switzerland:R;Belgium:F;Belgium:R;Taiwan:M,Belgium:F;India:F;North Korea:D;Taiwan:M;Switzerland:R
0.5190047231473848,9,India:F;Pakistan:F;North Korea:F;North Korea:D;Israel:D;Switzerland:R;Belgium:F;Belgium:R;Taiwan:M,Belgium:F;India:F;North Korea:D;Taiwan:M;Switzerland:R
0.5192732971728592,9,India:F;Pakistan:F;North Korea:F;North Korea:D;Israel:D;Switzerland:R;Belgium:F;Belgium:R;Taiwan:M,Belgium:F;India:F;North Korea:D;Taiwan:M;Switzerland:R
0.5195602636301386,9,India:F;Pakistan:F;North Korea:F;North Korea:D;Israel:D;Switzerland:R;Belgium:F;Belgium:R;Taiwan:M,Belgium:F;India:F;North Korea:D;Taiwan:M;Switzerland:R
0.5202229584722889,9,India:F;Pakistan:F;North Korea:F;North Korea:D;Israel:D;Switzerland:R;Belgium:F;Belgium:R;Taiwan:M,Belgium:F;India:F;North Korea:D;Taiwan:M;Switzerland:R
0.5204408551461497,9,India:F;Pakistan:F;North Korea:F;North Korea:D;Israel:D;Switzerland:R;Belgium:F;Belgium:R;Taiwan:M,Belgium:F;India:F;North Korea:D;Taiwan:M;Switzerland:R
0.520619356725371,9,India:F;Pakistan:F;North Korea:F;North Korea:D;Israel:D;Switzerland:R;Belgium:F;Belgium:R;Taiwan:M,Belgium:F;India:F;North Korea:D;Taiwan:M;Switzerland:R
0.5218741614348658,9,India:F;Pakistan:F;North Korea:F;North Korea:D;Israel:D;Switzerland:R;Belgium:F;Belgium:R;Taiwan:M,Belgium:F;India:F;North Korea:D;Taiwan:M;Switzerland:R
0.522198317330856,9,India:F;Pakistan:F;North Korea:F;North Korea:D;Israel:D;Switzerland:R;Belgium:F;Belgium:R;Taiwan:M,Belgium:F;India:F;North Korea:D;Taiwan:M;Switzerland:R
0.5228258801193224,9,India:F;Pakistan:F;North Korea:F;North Korea:D;Israel:D;Switzerland:R;Belgium:F;Belgium:R;Taiwan:M,Belgium:F;India:F;North Korea:D;Taiwan:M;Switzerland:R
0.5231857636517824,9,India:F;Pakistan:F;North Korea:F;North Korea:D;Israel:D;Switzerland:R;Belgium:F;Belgium:R;Taiwan:M,Belgium:F;India:F;North Korea:D;Taiwan:M;Switzerland:R
0.5233294248105436,9,India:F;Pakistan:F;North Korea:F;North Korea:D;Israel:D;Switzerland:R;Belgium:F;Belgium:R;Taiwan:M,Belgium:F;India:F;North Korea:D;Taiwan:M;Switzerland:R
0.5233980471661934,9,India:F;Pakistan:F;North Korea:F;North Korea:D;Israel:D;Switzerland:R;Belgium:F;Belgium:R;Taiwan:M,Belgium:F;India:F;North Korea:D;Taiwan:M;Switzerland:R
0.523704628885864,9,India:F;Pakistan:F;North Korea:F;North Korea:D;Israel:D;Switzerland:R;Belgium:F;Belgium:R;Taiwan:M,Belgium:F;India:F;North Korea:D;Taiwan:M;Switzerland:R
0.5243508330506079,9,India:F;Pakistan:F;North Korea:F;North Korea:D;Israel:D;Switzerland:R;Belgium:F;Belgium:R;Taiwan:M,Belgium:F;India:F;North Korea:D;Taiwan:M;Switzerland:R
0.5247375590446599,9,India:F;Pakistan:F;North Korea:F;North Korea:D;Israel:D;Switzerland:R;Belgium:F;Belgium:R;Taiwan:M,Belgium:F;India:F;North Korea:D;Taiwan:M;Switzerland:R
0.5252971587333533,9,India:F;Pakistan:F;North Korea:F;North Korea:D;Israel:D;Switzerland:R;Belgium:F;Belgium:R;Taiwan:M,Belgium:F;India:F;North Korea:D;Taiwan:M;Switzerland:R
0.525414783852791,9,India:F;Pakistan:F;North Korea:F;North Korea:D;Israel:D;Switzerland:R;Belgium:F;Belgium:R;Taiwan:M,Belgium:F;India:F;North Korea:D;Taiwan:M;Switzerland:R
0.526076502490103,9,India:F;Pakistan:F;North Korea:F;North Korea:D;Israel:D;Switzerland:R;Belgium:F;Belgium:R;Taiwan:M,Belgium:F;India:F;North Korea:D;Taiwan:M;Switzerland:R
0.5260843413802445,9,India:F;Pakistan:F;North Korea:F;North Korea:D;Israel:D;Switzerland:R;Belgium:F;Belgium:R;Taiwan:M,Belgium:F;India:F;North Korea:D;Taiwan:M;Switzerland:R
0.5261696314663942,9,India:F;Pakistan:F;North Korea:F;North Korea:D;Israel:D;Switzerland:R;Belgium:F;Belgium:R;Taiwan:M,Belgium:F;India:F;North Korea:D;Taiwan:M;Switzerland:R
0.5266800791141701,9,India:F;Pakistan:F;North Korea:F;North Korea:D;Israel:D;Switzerland:R;Belgium:F;Belgium:R;Taiwan:M,Belgium:F;India:F;North Korea:D;Taiwan:M;Switzerland:R
0.5269279230709586,9,India:F;Pakistan:F;North Korea:F;North Korea:D;Israel:D;Switzerland:R;Belgium:F;Belgium:R;Taiwan:M,Belgium:F;India:F;North Korea:D;Taiwan:M;Switzerland:R
0.5269358590338074,9,India:F;Pakistan:F;North Korea:F;North Korea:D;Israel:D;Switzerland:R;Belgium:F;Belgium:R;Taiwan:M,Belgium:F;India:F;North Korea:D;Taiwan:M;Switzerland:R
0.5273779244438229,9,India:F;Pakistan:F;North Korea:F;North Korea:D;Israel:D;Switzerland:R;Belgium:F;Belgium:R;Taiwan:M,Belgium:F;India:F;North Korea:D;Taiwan:M;Switzerland:R
0.5287053925351909,9,India:F;Pakistan:F;North Korea:F;North Korea:D;Israel:D;Switzerland:R;Belgium:F;Belgium:R;Taiwan:M,Belgium:F;India:F;North Korea:D;Taiwan:M;Switzerland:R
0.5290812949387459,9,India:F;Pakistan:F;North Korea:F;North Korea:D;Israel:D;Switzerland:R;Belgium:F;Belgium:R;Taiwan:M,Belgium:F;India:F;North Korea:D;Taiwan:M;Switzerland:R
0.5291449517270885,9,India:F;Pakistan:F;North Korea:F;North Korea:D;Israel:D;Switzerland:R;Belgium:F;Belgium:R;Taiwan:M,Belgium:F;India:F;North Korea:D;Taiwan:M;Switzerland:R
0.5293163174311616,9,India:F;Pakistan:F;North Korea:F;North Korea:D;Israel:D;Switzerland:R;Belgium:F;Belgium:R;Taiwan:M,Belgium:F;India:F;North Korea:D;Taiwan:M;Switzerland:R
0.5294564073896801,9,India:F;Pakistan:F;North Korea:F;North Korea:D;Israel:D;Switzerland:R;Belgium:F;Belgium:R;Taiwan:M,Belgium:F;India:F;North Korea:D;Taiwan:M;Switzerland:R
0.5295727831470783,9,India:F;Pakistan:F;North Korea:F;North Korea:D;Israel:D;Switzerland:R;Belgium:F;Belgium:R;Taiwan:M,Belgium:F;India:F;North Korea:D;Taiwan:M;Switzerland:R
0.5297123930316213,9,India:F;Pakistan:F;North Korea:F;North Korea:D;Israel:D;Switzerland:R;Belgium:F;Belgium:R;Taiwan:M,Belgium:F;India:F;North Korea:D;Taiwan:M;Switzerland:R
0.5299817408877812,9,India:F;Pakistan:F;North Korea:F;North Korea:D;Israel:D;Switzerland:R;Belgium:F;Belgium:R;Taiwan:M,Belgium:F;India:F;North Korea:D;Taiwan:M;Switzerland:R
0.5300537552307152,9,India:F;Pakistan:F;North Korea:F;North Korea:D;Israel:D;Switzerland:R;Belgium:F;Belgium:R;Taiwan:M,Belgium:F;India:F;North Korea:D;Taiwan:M;Switzerland:R
0.5305477534419336,9,India:F;Pakistan:F;North Korea:F;North Korea:D;Israel:D;Switzerland:R;Belgium:F;Belgium:R;Taiwan:M,Belgium:F;India:F;North Korea:D;Taiwan:M;Switzerland:R
0.5306509107730003,9,India:F;Pakistan:F;North Korea:F;North Korea:D;Israel:D;Switzerland:R;Belgium:F;Belgium:R;Taiwan:M,Belgium:F;India:F;North Korea:D;Taiwan:M;Switzerland:R
0.5320021906193911,9,India:F;Pakistan:F;North Korea:F;North Korea:D;Israel:D;Switzerland:R;Belgium:F;Belgium:R;Taiwan:M,Belgium:F;India:F;North Korea:D;Taiwan:M;Switzerland:R
0.5320265386324238,9,India:F;Pakistan:F;North Korea:F;North Korea:D;Israel:D;Switzerland:R;Belgium:F;Belgium:R;Taiwan:M,Belgium:F;India:F;North Korea:D;Taiwan:M;Switzerland:R
0.5322903742750101,9,India:F;Pakistan:F;North Korea:F;North Korea:D;Israel:D;Switzerland:R;Belgium:F;Belgium:R;Taiwan:M,Belgium:F;India:F;North Korea:D;Taiwan:M;Switzerland:R
0.5325621341182725,9,India:F;Pakistan:F;North Korea:F;North Korea:D;Israel:D;Switzerland:R;Belgium:F;Belgium:R;Taiwan:M,Belgium:F;India:F;North Korea:D;Taiwan:M;Switzerland:R
0.5330362916803697,9,India:F;Pakistan:F;North Korea:F;North Korea:D;Israel:D;Switzerland:R;Belgium:F;Belgium:R;Taiwan:M,Belgium:F;India:F;North Korea:D;Taiwan:M;Switzerland:R
0.5332331668091792,9,India:F;Pakistan:F;North Korea:F;North Korea:D;Israel:D;Switzerland:R;Belgium:F;Belgium:R;Taiwan:M,Belgium:F;India:F;North Korea:D;Taiwan:M;Switzerland:R
0.5343371350546736,9,India:F;Pakistan:F;North Korea:F;North Korea:D;Israel:D;Switzerland:R;Belgium:F;Belgium:R;Taiwan:M,Belgium:F;India:F;North Korea:D;Taiwan:M;Switzerland:R
0.5346112672408451,9,India:F;Pakistan:F;North Korea:F;North Korea:D;Israel:D;Switzerland:R;Belgium:F;Belgium:R;Taiwan:M,Belgium:F;India:F;North Korea:D;Taiwan:M;Switzerland:R
0.5348404542127186,9,India:F;Pakistan:F;North Korea:F;North Korea:D;Israel:D;Switzerland:R;Belgium:F;Belgium:R;Taiwan:M,Belgium:F;India:F;North Korea:D;Taiwan:M;Switzerland:R
0.5352003589416372,9,India:F;Pakistan:F;North Korea:F;North Korea:D;Israel:D;Switzerland:R;Belgium:F;Belgium:R;Taiwan:M,Belgium:F;India:F;North Korea:D;Taiwan:M;Switzerland:R
0.5353777464484062,9,India:F;Pakistan:F;North Korea:F;North Korea:D;Israel:D;Switzerland:R;Belgium:F;Belgium:R;Taiwan:M,Belgium:F;India:F;North Korea:D;Taiwan:M;Switzerland:R
0.536110795850538,9,India:F;Pakistan:F;North Korea:F;North Korea:D;Israel:D;Switzerland:R;Belgium:F;Belgium:R;Taiwan:M,Belgium:F;India:F;North Korea:D;Taiwan:M;Switzerland:R
0.5366979699832989,9,India:F;Pakistan:F;North Korea:F;North Korea:D;Israel:D;Switzerland:R;Belgium:F;Belgium:R;Taiwan:M,Belgium:F;India:F;North Korea:D;Taiwan:M;Switzerland:R
0.5370667201881036,9,India:F;Pakistan:F;North Korea:F;North Korea:D;Israel:D;Switzerland:R;Belgium:F;Belgium:R;Taiwan:M,Belgium:F;India:F;North Korea:D;Taiwan:M;Switzerland:R
0.537505379087958,9,India:F;Pakistan:F;North Korea:F;North Korea:D;Israel:D;Switzerland:R;Belgium:F;Belgium:R;Taiwan:M,Belgium:F;India:F;North Korea:D;Taiwan:M;Switzerland:R
0.5381961626133472,9,India:F;Pakistan:F;North Korea:F;North Korea:D;Israel:D;Switzerland:R;Belgium:F;Belgium:R;Taiwan:M,Belgium:F;India:F;North Korea:D;Taiwan:M;Switzerland:R
0.5383962585304763,9,India:F;Pakistan:F;North Korea:F;North Korea:D;Israel:D;Switzerland:R;Belgium:F;Belgium:R;Taiwan:M,Belgium:F;India:F;North Korea:D;Taiwan:M;Switzerland:R
0.5398363474824082,9,India:F;Pakistan:F;North Korea:F;North Korea:D;Israel:D;Switzerland:R;Belgium:F;Belgium:R;Taiwan:M,Belgium:F;India:F;North Korea:D;Taiwan:M;Switzerland:R
0.5399066205050183,9,India:F;Pakistan:F;North Korea:F;North Korea:D;Israel:D;Switzerland:R;Belgium:F;Belgium:R;Taiwan:M,Belgium:F;India:F;North Korea:D;Taiwan:M;Switzerland:R
0.5407312185301316,9,India:F;Pakistan:F;North Korea:F;North Korea:D;Israel:D;Switzerland:R;Belgium:F;Belgium:R;Taiwan:M,Belgium:F;India:F;North Korea:D;Taiwan:M;Switzerland:R
0.5408247083715549,9,India:F;Pakistan:F;North Korea:F;North Korea:D;Israel:D;Switzerland:R;Belgium:F;Belgium:R;Taiwan:M,Belgium:F;India:F;North Korea:D;Taiwan:M;Switzerland:R
0.541000049459222,9,India:F;Pakistan:F;North Korea:F;North Korea:D;Israel:D;Switzerland:R;Belgium:F;Belgium:R;Taiwan:M,Belgium:F;India:F;North Korea:D;Taiwan:M;Switzerland:R
0.5419147580377587,9,India:F;Pakistan:F;North Korea:F;North Korea:D;Israel:D;Switzerland:R;Belgium:F;Belgium:R;Taiwan:M,Belgium:F;India:F;North Korea:D;Taiwan:M;Switzerland:R
0.5419827133423993,9,India:F;Pakistan:F;North Korea:F;North Korea:D;Israel:D;Switzerland:R;Belgium:F;Belgium:R;Taiwan:M,Belgium:F;India:F;North Korea:D;Taiwan:M;Switzerland:R
0.5421152547774655,9,India:F;Pakistan:F;North Korea:F;North Korea:D;Israel:D;Switzerland:R;Belgium:F;Belgium:R;Taiwan:M,Belgium:F;India:F;North Korea:D;Taiwan:M;Switzerland:R
0.5421427656270903,9,India:F;Pakistan:F;North Korea:F;North Korea:D;Israel:D;Switzerland:R;Belgium:F;Belgium:R;Taiwan:M,Belgium:F;India:F;North Korea:D;Taiwan:M;Switzerland:R
0.543420535588704,9,India:F;Pakistan:F;North Korea:F;North Korea:D;Israel:D;Switzerland:R;Belgium:F;Belgium:R;Taiwan:M,Belgium:F;India:F;North Korea:D;Taiwan:M;Switzerland:R
0.5443058668392184,9,India:F;Pakistan:F;North Korea:F;North Korea:D;Israel:D;Switzerland:R;Belgium:F;Belgium:R;Taiwan:M,Belgium:F;India:F;North Korea:D;Taiwan:M;Switzerland:R
0.544663637745921,9,India:F;Pakistan:F;North Korea:F;North Korea:D;Israel:D;Switzerland:R;Belgium:F;Belgium:R;Taiwan:M,Belgium:F;India:F;North Korea:D;Taiwan:M;Switzerland:R
0.5449302795766563,9,India:F;Pakistan:F;North Korea:F;North Korea:D;Israel:D;Switzerland:R;Belgium:F;Belgium:R;Taiwan:M,Belgium:F;India:F;North Korea:D;Taiwan:M;Switzerland:R
0.5452274306148938,9,India:F;Pakistan:F;North Korea:F;North Korea:D;Israel:D;Switzerland:R;Belgium:F;Belgium:R;Taiwan:M,Belgium:F;India:F;North Korea:D;Taiwan:M;Switzerland:R
0.5456390420239633,9,India:F;Pakistan:F;North Korea:F;North Korea:D;Israel:D;Switzerland:R;Belgium:F;Belgium:R;Taiwan:M,Belgium:F;India:F;North Korea:D;Taiwan:M;Switzerland:R
0.5463196589171084,9,India:F;Pakistan:F;North Korea:F;North Korea:D;Israel:D;Switzerland:R;Belgium:F;Belgium:R;Taiwan:M,Belgium:F;India:F;North Korea:D;Taiwan:M;Switzerland:R
0.5463766919399181,9,India:F;Pakistan:F;North Korea:F;North Korea:D;Israel:D;Switzerland:R;Belgium:F;Belgium:R;Taiwan:M,Belgium:F;India:F;North Korea:D;Taiwan:M;Switzerland:R
0.5464049386044644,9,India:F;Pakistan:F;North Korea:F;North Korea:D;Israel:D;Switzerland:R;Belgium:F;Belgium:R;Taiwan:M,Belgium:F;India:F;North Korea:D;Taiwan:M;Switzerland:R
0.5477434647261415,9,India:F;Pakistan:F;North Korea:F;North Korea:D;Israel:D;Switzerland:R;Belgium:F;Belgium:R;Taiwan:M,Belgium:F;India:F;North Korea:D;Taiwan:M;Switzerland:R
0.5478791104284879,9,India:F;Pakistan:F;North Korea:F;North Korea:D;Israel:D;Switzerland:R;Belgium:F;Belgium:R;Taiwan:M,Belgium:F;India:F;North Korea:D;Taiwan:M;Switzerland:R
0.5480921464224536,9,India:F;Pakistan:F;North Korea:F;North Korea:D;Israel:D;Switzerland:R;Belgium:F;Belgium:R;Taiwan:M,Belgium:F;India:F;North Korea:D;Taiwan:M;Switzerland:R
0.5483704154056653,9,India:F;Pakistan:F;North Korea:F;North Korea:D;Israel:D;Switzerland:R;Belgium:F;Belgium:R;Taiwan:M,Belgium:F;India:F;North Korea:D;Taiwan:M;Switzerland:R
0.5485481486894287,9,India:F;Pakistan:F;North Korea:F;North Korea:D;Israel:D;Switzerland:R;Belgium:F;Belgium:R;Taiwan:M,Belgium:F;India:F;North Korea:D;Taiwan:M;Switzerland:R
0.548973565357121,9,India:F;Pakistan:F;North Korea:F;North Korea:D;Israel:D;Switzerland:R;Belgium:F;Belgium:R;Taiwan:M,Belgium:F;India:F;North Korea:D;Taiwan:M;Switzerland:R
0.5505061038968906,9,India:F;Pakistan:F;North Korea:F;North Korea:D;Israel:D;Switzerland:R;Belgium:F;Belgium:R;Taiwan:M,Belgium:F;India:F;North Korea:D;Taiwan:M;Switzerland:R
0.5514956210255441,9,India:F;Pakistan:F;North Korea:F;North Korea:D;Israel:D;Switzerland:R;Belgium:F;Belgium:R;Taiwan:M,Belgium:F;India:F;North Korea:D;Taiwan:M;Switzerland:R
0.5515498460065726,9,India:F;Pakistan:F;North Korea:F;North Korea:D;Israel:D;Switzerland:R;Belgium:F;Belgium:R;Taiwan:M,Belgium:F;India:F;North Korea:D;Taiwan:M;Switzerland:R
0.5518405383939209,9,India:F;Pakistan:F;North Korea:F;North Korea:D;Israel:D;Switzerland:R;Belgium:F;Belgium:R;Taiwan:M,Belgium:F;India:F;North Korea:D;Taiwan:M;Switzerland:R
0.5524314496092602,9,India:F;Pakistan:F;North Korea:F;North Korea:D;Israel:D;Switzerland:R;Belgium:F;Belgium:R;Taiwan:M,Belgium:F;India:F;North Korea:D;Taiwan:M;Switzerland:R
0.5524944817205188,9,India:F;Pakistan:F;North Korea:F;North Korea:D;Israel:D;Switzerland:R;Belgium:F;Belgium:R;Taiwan:M,Belgium:F;India:F;North Korea:D;Taiwan:M;Switzerland:R
0.5534630983733958,9,India:F;Pakistan:F;North Korea:F;North Korea:D;Israel:D;Switzerland:R;Belgium:F;Belgium:R;Taiwan:M,Belgium:F;India:F;North Korea:D;Taiwan:M;Switzerland:R
0.5539451832496045,9,India:F;Pakistan:F;North Korea:F;North Korea:D;Israel:D;Switzerland:R;Belgium:F;Belgium:R;Taiwan:M,Belgium:F;India:F;North Korea:D;Taiwan:M;Switzerland:R
0.5546055346969858,9,India:F;Pakistan:F;North Korea:F;North Korea:D;Israel:D;Switzerland:R;Belgium:F;Belgium:R;Taiwan:M,Belgium:F;India:F;North Korea:D;Taiwan:M;Switzerland:R
0.5550114164656862,9,India:F;Pakistan:F;North Korea:F;North Korea:D;Israel:D;Switzerland:R;Belgium:F;Belgium:R;Taiwan:M,Belgium:F;India:F;North Korea:D;Taiwan:M;Switzerland:R
0.5552898880745364,9,India:F;Pakistan:F;North Korea:F;North Korea:D;Israel:D;Switzerland:R;Belgium:F;Belgium:R;Taiwan:M,Belgium:F;India:F;North Korea:D;Taiwan:M;Switzerland:R
0.5553185596010224,9,India:F;Pakistan:F;North Korea:F;North Korea:D;Israel:D;Switzerland:R;Belgium:F;Belgium:R;Taiwan:M,Belgium:F;India:F;North Korea:D;Taiwan:M;Switzerland:R
0.5556467608224037,9,India:F;Pakistan:F;North Korea:F;North Korea:D;Israel:D;Switzerland:R;Belgium:F;Belgium:R;Taiwan:M,Belgium:F;India:F;North Korea:D;Taiwan:M;Switzerland:R
0.5564047757937295,9,India:F;Pakistan:F;North Korea:F;North Korea:D;Israel:D;Switzerland:R;Belgium:F;Belgium:R;Taiwan:M,Belgium:F;India:F;North Korea:D;Taiwan:M;Switzerland:R
0.5566540434450368,9,India:F;Pakistan:F;North Korea:F;North Korea:D;Israel:D;Switzerland:R;Belgium:F;Belgium:R;Taiwan:M,Belgium:F;India:F;North Korea:D;Taiwan:M;Switzerland:R
0.5573402317880071,9,India:F;Pakistan:F;North Korea:F;North Korea:D;Israel:D;Switzerland:R;Belgium:F;Belgium:R;Taiwan:M,Belgium:F;India:F;North Korea:D;Taiwan:M;Switzerland:R
0.5578477225986873,9,India:F;Pakistan:F;North Korea:F;North Korea:D;Israel:D;Switzerland:R;Belgium:F;Belgium:R;Taiwan:M,Belgium:F;India:F;North Korea:D;Taiwan:M;Switzerland:R
0.5582189448881928,9,India:F;Pakistan:F;North Korea:F;North Korea:D;Israel:D;Switzerland:R;Belgium:F;Belgium:R;Taiwan:M,Belgium:F;India:F;North Korea:D;Taiwan:M;Switzerland:R
0.5582940674718578,9,India:F;Pakistan:F;North Korea:F;North Korea:D;Israel:D;Switzerland:R;Belgium:F;Belgium:R;Taiwan:M,Belgium:F;India:F;North Korea:D;Taiwan:M;Switzerland:R
0.5587177411704919,9,India:F;Pakistan:F;North Korea:F;North Korea:D;Israel:D;Switzerland:R;Belgium:F;Belgium:R;Taiwan:M,Belgium:F;India:F;North Korea:D;Taiwan:M;Switzerland:R
0.5593833945679635,9,India:F;Pakistan:F;North Korea:F;North Korea:D;Israel:D;Switzerland:R;Belgium:F;Belgium:R;Taiwan:M,Belgium:F;India:F;North Korea:D;Taiwan:M;Switzerland:R
0.5599598586538315,9,India:F;Pakistan:F;North Korea:F;North Korea:D;Israel:D;Switzerland:R;Belgium:F;Belgium:R;Taiwan:M,Belgium:F;India:F;North Korea:D;Taiwan:M;Switzerland:R
0.5601126728416445,9,India:F;Pakistan:F;North Korea:F;North Korea:D;Israel:D;Switzerland:R;Belgium:F;Belgium:R;Taiwan:M,Belgium:F;India:F;North Korea:D;Taiwan:M;Switzerland:R
0.5603894473289865,9,India:F;Pakistan:F;North Korea:F;North Korea:D;Israel:D;Switzerland:R;Belgium:F;Belgium:R;Taiwan:M,Belgium:F;India:F;North Korea:D;Taiwan:M;Switzerland:R
0.5611294177568594,9,India:F;Pakistan:F;North Korea:F;North Korea:D;Israel:D;Switzerland:R;Belgium:F;Belgium:R;Taiwan:M,Belgium:F;India:F;North Korea:D;Taiwan:M;Switzerland:R
0.5615723201044948,9,India:F;Pakistan:F;North Korea:F;North Korea:D;Israel:D;Switzerland:R;Belgium:F;Belgium:R;Taiwan:M,Belgium:F;India:F;North Korea:D;Taiwan:M;Switzerland:R
0.5622132891579541,9,India:F;Pakistan:F;North Korea:F;North Korea:D;Israel:D;Switzerland:R;Belgium:F;Belgium:R;Taiwan:M,Belgium:F;India:F;North Korea:D;Taiwan:M;Switzerland:R
0.5622799824633755,9,India:F;Pakistan:F;North Korea:F;North Korea:D;Israel:D;Switzerland:R;Belgium:F;Belgium:R;Taiwan:M,Belgium:F;India:F;North Korea:D;Taiwan:M;Switzerland:R
0.5627535902224786,9,India:F;Pakistan:F;North Korea:F;North Korea:D;Israel:D;Switzerland:R;Belgium:F;Belgium:R;Taiwan:M,Belgium:F;India:F;North Korea:D;Taiwan:M;Switzerland:R
0.5630083574752559,9,India:F;Pakistan:F;North Korea:F;North Korea:D;Israel:D;Switzerland:R;Belgium:F;Belgium:R;Taiwan:M,Belgium:F;India:F;North Korea:D;Taiwan:M;Switzerland:R
0.5631150956577952,9,India:F;Pakistan:F;North Korea:F;North Korea:D;Israel:D;Switzerland:R;Belgium:F;Belgium:R;Taiwan:M,Belgium:F;India:F;North Korea:D;Taiwan:M;Switzerland:R
0.5632128164767334,9,India:F;Pakistan:F;North Korea:F;North Korea:D;Israel:D;Switzerland:R;Belgium:F;Belgium:R;Taiwan:M,Belgium:F;India:F;North Korea:D;Taiwan:M;Switzerland:R
0.5637977067110399,9,India:F;Pakistan:F;North Korea:F;North Korea:D;Israel:D;Switzerland:R;Belgium:F;Belgium:R;Taiwan:M,Belgium:F;India:F;North Korea:D;Taiwan:M;Switzerland:R
0.56408172451348,9,India:F;Pakistan:F;North Korea:F;North Korea:D;Israel:D;Switzerland:R;Belgium:F;Belgium:R;Taiwan:M,Belgium:F;India:F;North Korea:D;Taiwan:M;Switzerland:R
0.5640908190740404,9,India:F;Pakistan:F;North Korea:F;North Korea:D;Israel:D;Switzerland:R;Belgium:F;Belgium:R;Taiwan:M,Belgium:F;India:F;North Korea:D;Taiwan:M;Switzerland:R
0.5642268429252039,9,India:F;Pakistan:F;North Korea:F;North Korea:D;Israel:D;Switzerland:R;Belgium:F;Belgium:R;Taiwan:M,Belgium:F;India:F;North Korea:D;Taiwan:M;Switzerland:R
0.5645974535968443,9,India:F;Pakistan:F;North Korea:F;North Korea:D;Israel:D;Switzerland:R;Belgium:F;Belgium:R;Taiwan:M,Belgium:F;India:F;North Korea:D;Taiwan:M;Switzerland:R
0.5652445273311673,9,India:F;Pakistan:F;North Korea:F;North Korea:D;Israel:D;Switzerland:R;Belgium:F;Belgium:R;Taiwan:M,Belgium:F;India:F;North Korea:D;Taiwan:M;Switzerland:R
0.5659023952919574,9,India:F;Pakistan:F;North Korea:F;North Korea:D;Israel:D;Switzerland:R;Belgium:F;Belgium:R;Taiwan:M,Belgium:F;India:F;North Korea:D;Taiwan:M;Switzerland:R
0.5661191751233522,9,India:F;Pakistan:F;North Korea:F;North Korea:D;Israel:D;Switzerland:R;Belgium:F;Belgium:R;Taiwan:M,Belgium:F;India:F;North Korea:D;Taiwan:M;Switzerland:R
0.5665501829972414,9,India:F;Pakistan:F;North Korea:F;North Korea:D;Israel:D;Switzerland:R;Belgium:F;Belgium:R;Taiwan:M,Belgium:F;India:F;North Korea:D;Taiwan:M;Switzerland:R
0.5666231758565997,9,India:F;Pakistan:F;North Korea:F;North Korea:D;Israel:D;Switzerland:R;Belgium:F;Belgium:R;Taiwan:M,Belgium:F;India:F;North Korea:D;Taiwan:M;Switzerland:R
0.5668196806845963,9,India:F;Pakistan:F;North Korea:F;North Korea:D;Israel:D;Switzerland:R;Belgium:F;Belgium:R;Taiwan:M,Belgium:F;India:F;North Korea:D;Taiwan:M;Switzerland:R
0.5669803283535143,9,India:F;Pakistan:F;North Korea:F;North Korea:D;Israel:D;Switzerland:R;Belgium:F;Belgium:R;Taiwan:M,Belgium:F;India:F;North Korea:D;Taiwan:M;Switzerland:R
0.56711378642698,9,India:F;Pakistan:F;North Korea:F;North Korea:D;Israel:D;Switzerland:R;Belgium:F;Belgium:R;Taiwan:M,Belgium:F;India:F;North Korea:D;Taiwan:M;Switzerland:R
0.5672738945552768,9,India:F;Pakistan:F;North Korea:F;North Korea:D;Israel:D;Switzerland:R;Belgium:F;Belgium:R;Taiwan:M,Belgium:F;India:F;North Korea:D;Taiwan:M;Switzerland:R
0.5675828063646712,9,India:F;Pakistan:F;North Korea:F;North Korea:D;Israel:D;Switzerland:R;Belgium:F;Belgium:R;Taiwan:M,Belgium:F;India:F;North Korea:D;Taiwan:M;Switzerland:R
0.5676654025208036,9,India:F;Pakistan:F;North Korea:F;North Korea:D;Israel:D;Switzerland:R;Belgium:F;Belgium:R;Taiwan:M,Belgium:F;India:F;North Korea:D;Taiwan:M;Switzerland:R
0.568213540128676,9,India:F;Pakistan:F;North Korea:F;North Korea:D;Israel:D;Switzerland:R;Belgium:F;Belgium:R;Taiwan:M,Belgium:F;India:F;North Korea:D;Taiwan:M;Switzerland:R
0.568232031939328,9,India:F;Pakistan:F;North Korea:F;North Korea:D;Israel:D;Switzerland:R;Belgium:F;Belgium:R;Taiwan:M,Belgium:F;India:F;North Korea:D;Taiwan:M;Switzerland:R
0.5683503656706635,9,India:F;Pakistan:F;North Korea:F;North Korea:D;Israel:D;Switzerland:R;Belgium:F;Belgium:R;Taiwan:M,Belgium:F;India:F;North Korea:D;Taiwan:M;Switzerland:R
0.5691113736233562,9,India:F;Pakistan:F;North Korea:F;North Korea:D;Israel:D;Switzerland:R;Belgium:F;Belgium:R;Taiwan:M,Belgium:F;India:F;North Korea:D;Taiwan:M;Switzerland:R
0.5691744468750476,9,India:F;Pakistan:F;North Korea:F;North Korea:D;Israel:D;Switzerland:R;Belgium:F;Belgium:R;Taiwan:M,Belgium:F;India:F;North Korea:D;Taiwan:M;Switzerland:R
0.5699286869559883,9,India:F;Pakistan:F;North Korea:F;North Korea:D;Israel:D;Switzerland:R;Belgium:F;Belgium:R;Taiwan:M,Belgium:F;India:F;North Korea:D;Taiwan:M;Switzerland:R
0.5702314642137238,9,India:F;Pakistan:F;North Korea:F;North Korea:D;Israel:D;Switzerland:R;Belgium:F;Belgium:R;Taiwan:M,Belgium:F;India:F;North Korea:D;Taiwan:M;Switzerland:R
0.5705433576370463,9,India:F;Pakistan:F;North Korea:F;North Korea:D;Israel:D;Switzerland:R;Belgium:F;Belgium:R;Taiwan:M,Belgium:F;India:F;North Korea:D;Taiwan:M;Switzerland:R
0.5710875933000343,9,India:F;Pakistan:F;North Korea:F;North Korea:D;Israel:D;Switzerland:R;Belgium:F;Belgium:R;Taiwan:M,Belgium:F;India:F;North Korea:D;Taiwan:M;Switzerland:R
0.5713135858898215,9,India:F;Pakistan:F;North Korea:F;North Korea:D;Israel:D;Switzerland:R;Belgium:F;Belgium:R;Taiwan:M,Belgium:F;India:F;North Korea:D;Taiwan:M;Switzerland:R
0.5720931459168289,9,India:F;Pakistan:F;North Korea:F;North Korea:D;Israel:D;Switzerland:R;Belgium:F;Belgium:R;Taiwan:M,Belgium:F;India:F;North Korea:D;Taiwan:M;Switzerland:R
0.5725810497697439,9,India:F;Pakistan:F;North Korea:F;North Korea:D;Israel:D;Switzerland:R;Belgium:F;Belgium:R;Taiwan:M,Belgium:F;India:F;North Korea:D;Taiwan:M;Switzerland:R
0.5728958385193228,9,India:F;Pakistan:F;North Korea:F;North Korea:D;Israel:D;Switzerland:R;Belgium:F;Belgium:R;Taiwan:M,Belgium:F;India:F;North Korea:D;Taiwan:M;Switzerland:R
0.5731590339708553,9,India:F;Pakistan:F;North Korea:F;North Korea:D;Israel:D;Switzerland:R;Belgium:F;Belgium:R;Taiwan:M,Belgium:F;India:F;North Korea:D;Taiwan:M;Switzerland:R
0.5735723766761475,9,India:F;Pakistan:F;North Korea:F;North Korea:D;Israel:D;Switzerland:R;Belgium:F;Belgium:R;Taiwan:M,Belgium:F;India:F;North Korea:D;Taiwan:M;Switzerland:R
0.5737761170097295,9,India:F;Pakistan:F;North Korea:F;North Korea:D;Israel:D;Switzerland:R;Belgium:F;Belgium:R;Taiwan:M,Belgium:F;India:F;North Korea:D;Taiwan:M;Switzerland:R
0.5739511447989117,9,India:F;Pakistan:F;North Korea:F;North Korea:D;Israel:D;Switzerland:R;Belgium:F;Belgium:R;Taiwan:M,Belgium:F;India:F;North Korea:D;Taiwan:M;Switzerland:R
0.574618171505004,9,India:F;Pakistan:F;North Korea:F;North Korea:D;Israel:D;Switzerland:R;Belgium:F;Belgium:R;Taiwan:M,Belgium:F;India:F;North Korea:D;Taiwan:M;Switzerland:R
0.5752927782632942,9,India:F;Pakistan:F;North Korea:F;North Korea:D;Israel:D;Switzerland:R;Belgium:F;Belgium:R;Taiwan:M,Belgium:F;India:F;North Korea:D;Taiwan:M;Switzerland:R
0.5754338588100574,9,India:F;Pakistan:F;North Korea:F;North Korea:D;Israel:D;Switzerland:R;Belgium:F;Belgium:R;Taiwan:M,Belgium:F;India:F;North Korea:D;Taiwan:M;Switzerland:R
0.5757164911453052,9,India:F;Pakistan:F;North Korea:F;North Korea:D;Israel:D;Switzerland:R;Belgium:F;Belgium:R;Taiwan:M,Belgium:F;India:F;North Korea:D;Taiwan:M;Switzerland:R
0.5758886256381986,9,India:F;Pakistan:F;North Korea:F;North Korea:D;Israel:D;Switzerland:R;Belgium:F;Belgium:R;Taiwan:M,Belgium:F;India:F;North Korea:D;Taiwan:M;Switzerland:R
0.5760736516522604,9,India:F;Pakistan:F;North Korea:F;North Korea:D;Israel:D;Switzerland:R;Belgium:F;Belgium:R;Taiwan:M,Belgium:F;India:F;North Korea:D;Taiwan:M;Switzerland:R
0.5772445465451019,9,India:F;Pakistan:F;North Korea:F;North Korea:D;Israel:D;Switzerland:R;Belgium:F;Belgium:R;Taiwan:M,Belgium:F;India:F;North Korea:D;Taiwan:M;Switzerland:R
0.5774374716260707,9,India:F;Pakistan:F;North Korea:F;North Korea:D;Israel:D;Switzerland:R;Belgium:F;Belgium:R;Taiwan:M,Belgium:F;India:F;North Korea:D;Taiwan:M;Switzerland:R
0.5776821992653641,9,India:F;Pakistan:F;North Korea:F;North Korea:D;Israel:D;Switzerland:R;Belgium:F;Belgium:R;Taiwan:M,Belgium:F;India:F;North Korea:D;Taiwan:M;Switzerland:R
0.5789002736423658,9,India:F;Pakistan:F;North Korea:F;North Korea:D;Israel:D;Switzerland:R;Belgium:F;Belgium:R;Taiwan:M,Belgium:F;India:F;North Korea:D;Taiwan:M;Switzerland:R
0.5789810856673944,9,India:F;Pakistan:F;North Korea:F;North Korea:D;Israel:D;Switzerland:R;Belgium:F;Belgium:R;Taiwan:M,Belgium:F;India:F;North Korea:D;Taiwan:M;Switzerland:R
0.5799294642642749,9,India:F;Pakistan:F;North Korea:F;North Korea:D;Israel:D;Switzerland:R;Belgium:F;Belgium:R;Taiwan:M,Belgium:F;India:F;North Korea:D;Taiwan:M;Switzerland:R
0.5802386947810606,9,India:F;Pakistan:F;North Korea:F;North Korea:D;Israel:D;Switzerland:R;Belgium:F;Belgium:R;Taiwan:M,Belgium:F;India:F;North Korea:D;Taiwan:M;Switzerland:R
0.5812910316323276,9,India:F;Pakistan:F;North Korea:F;North Korea:D;Israel:D;Switzerland:R;Belgium:F;Belgium:R;Taiwan:M,Belgium:F;India:F;North Korea:D;Taiwan:M;Switzerland:R
0.5813692218836841,9,India:F;Pakistan:F;North Korea:F;North Korea:D;Israel:D;Switzerland:R;Belgium:F;Belgium:R;Taiwan:M,Belgium:F;India:F;North Korea:D;Taiwan:M;Switzerland:R
0.581521729870916,9,India:F;Pakistan:F;North Korea:F;North Korea:D;Israel:D;Switzerland:R;Belgium:F;Belgium:R;Taiwan:M,Belgium:F;India:F;North Korea:D;Taiwan:M;Switzerland:R
0.581553385740215,9,India:F;Pakistan:F;North Korea:F;North Korea:D;Israel:D;Switzerland:R;Belgium:F;Belgium:R;Taiwan:M,Belgium:F;India:F;North Korea:D;Taiwan:M;Switzerland:R
0.5830239328178153,9,India:F;Pakistan:F;North Korea:F;North Korea:D;Israel:D;Switzerland:R;Belgium:F;Belgium:R;Taiwan:M,Belgium:F;India:F;North Korea:D;Taiwan:M;Switzerland:R
0.5855183040889267,9,India:F;Pakistan:F;North Korea:F;North Korea:D;Israel:D;Switzerland:R;Belgium:F;Belgium:R;Taiwan:M,Belgium:F;India:F;North Korea:D;Taiwan:M;Switzerland:R
0.5863623165119396,9,India:F;Pakistan:F;North Korea:F;North Korea:D;Israel:D;Switzerland:R;Belgium:F;Belgium:R;Taiwan:M,Belgium:F;India:F;North Korea:D;Taiwan:M;Switzerland:R
0.5864280169340846,9,India:F;Pakistan:F;North Korea:F;North Korea:D;Israel:D;Switzerland:R;Belgium:F;Belgium:R;Taiwan:M,Belgium:F;India:F;North Korea:D;Taiwan:M;Switzerland:R
0.5864605566615378,9,India:F;Pakistan:F;North Korea:F;North Korea:D;Israel:D;Switzerland:R;Belgium:F;Belgium:R;Taiwan:M,Belgium:F;India:F;North Korea:D;Taiwan:M;Switzerland:R
0.5865627842814684,9,India:F;Pakistan:F;North Korea:F;North Korea:D;Israel:D;Switzerland:R;Belgium:F;Belgium:R;Taiwan:M,Belgium:F;India:F;North Korea:D;Taiwan:M;Switzerland:R
0.5870306670502081,9,India:F;Pakistan:F;North Korea:F;North Korea:D;Israel:D;Switzerland:R;Belgium:F;Belgium:R;Taiwan:M,Belgium:F;India:F;North Korea:D;Taiwan:M;Switzerland:R
0.5876973362941572,9,India:F;Pakistan:F;North Korea:F;North Korea:D;Israel:D;Switzerland:R;Belgium:F;Belgium:R;Taiwan:M,Belgium:F;India:F;North Korea:D;Taiwan:M;Switzerland:R
0.5880028011741147,9,India:F;Pakistan:F;North Korea:F;North Korea:D;Israel:D;Switzerland:R;Belgium:F;Belgium:R;Taiwan:M,Belgium:F;India:F;North Korea:D;Taiwan:M;Switzerland:R
0.5887253618074398,9,India:F;Pakistan:F;North Korea:F;North Korea:D;Israel:D;Switzerland:R;Belgium:F;Belgium:R;Taiwan:M,Belgium:F;India:F;North Korea:D;Taiwan:M;Switzerland:R
0.5889302215303984,9,India:F;Pakistan:F;North Korea:F;North Korea:D;Israel:D;Switzerland:R;Belgium:F;Belgium:R;Taiwan:M,Belgium:F;India:F;North Korea:D;Taiwan:M;Switzerland:R
0.5891499765681074,9,India:F;Pakistan:F;North Korea:F;North Korea:D;Israel:D;Switzerland:R;Belgium:F;Belgium:R;Taiwan:M,Belgium:F;India:F;North Korea:D;Taiwan:M;Switzerland:R
0.5894206068626655,9,India:F;Pakistan:F;North Korea:F;North Korea:D;Israel:D;Switzerland:R;Belgium:F;Belgium:R;Taiwan:M,Belgium:F;India:F;North Korea:D;Taiwan:M;Switzerland:R
0.5903366637273555,10,India:F;Pakistan:M;Pakistan:F;North Korea:F;North Korea:D;Israel:D;Switzerland:R;Belgium:F;Belgium:R;Taiwan:M,Belgium:F;India:F;North Korea:D;Taiwan:M;Switzerland:R
0.5911876555102513,10,India:F;Pakistan:M;Pakistan:F;North Korea:F;North Korea:D;Israel:D;Switzerland:R;Belgium:F;Belgium:R;Taiwan:M,Belgium:F;India:F;North Korea:D;Taiwan:M;Switzerland:R
0.5923289755535878,10,India:F;Pakistan:M;Pakistan:F;North Korea:F;North Korea:D;Israel:D;Switzerland:R;Belgium:F;Belgium:R;Taiwan:M,Belgium:F;India:F;North Korea:D;Taiwan:M;Switzerland:R
0.5928269810562384,10,India:F;Pakistan:M;Pakistan:F;North Korea:F;North Korea:D;Israel:D;Switzerland:R;Belgium:F;Belgium:R;Taiwan:M,Belgium:F;India:F;North Korea:D;Taiwan:M;Switzerland:R
0.5934086496783186,10,India:F;Pakistan:M;Pakistan:F;North Korea:F;North Korea:D;Israel:D;Switzerland:R;Belgium:F;Belgium:R;Taiwan:M,Belgium:F;India:F;North Korea:D;Taiwan:M;Switzerland:R
0.5934506359671481,10,India:F;Pakistan:M;Pakistan:F;North Korea:F;North Korea:D;Israel:D;Switzerland:R;Belgium:F;Belgium:R;Taiwan:M,Belgium:F;India:F;North Korea:D;Taiwan:M;Switzerland:R
0.5944932212453352,10,India:F;Pakistan:M;Pakistan:F;North Korea:F;North Korea:D;Israel:D;Switzerland:R;Belgium:F;Belgium:R;Taiwan:M,Belgium:F;India:F;North Korea:D;Taiwan:M;Switzerland:R
0.5945858951551187,10,India:F;Pakistan:M;Pakistan:F;North Korea:F;North Korea:D;Israel:D;Switzerland:R;Belgium:F;Belgium:R;Taiwan:M,Belgium:F;India:F;North Korea:D;Taiwan:M;Switzerland:R
0.595155632755717,10,India:F;Pakistan:M;Pakistan:F;North Korea:F;North Korea:D;Israel:D;Switzerland:R;Belgium:F;Belgium:R;Taiwan:M,Belgium:F;India:F;North Korea:D;Taiwan:M;Switzerland:R
0.5960316365751063,10,India:F;Pakistan:M;Pakistan:F;North Korea:F;North Korea:D;Israel:D;Switzerland:R;Belgium:F;Belgium:R;Taiwan:M,Belgium:F;India:F;North Korea:D;Taiwan:M;Switzerland:R
0.5963865870184683,10,India:F;Pakistan:M;Pakistan:F;North Korea:F;North Korea:D;Israel:D;Switzerland:R;Belgium:F;Belgium:R;Taiwan:M,Belgium:F;India:F;North Korea:D;Taiwan:M;Switzerland:R
0.5966042487136752,10,India:F;Pakistan:M;Pakistan:F;North Korea:F;North Korea:D;Israel:D;Switzerland:R;Belgium:F;Belgium:R;Taiwan:M,Belgium:F;India:F;North Korea:D;Taiwan:M;Switzerland:R
0.596741245730199,10,India:F;Pakistan:M;Pakistan:F;North Korea:F;North Korea:D;Israel:D;Switzerland:R;Belgium:F;Belgium:R;Taiwan:M,Belgium:F;India:F;North Korea:D;Taiwan:M;Switzerland:R
0.596791557373032,10,India:F;Pakistan:M;Pakistan:F;North Korea:F;North Korea:D;Israel:D;Switzerland:R;Belgium:F;Belgium:R;Taiwan:M,Belgium:F;North Korea:D;India:F;Taiwan:M;Switzerland:R
0.5971202525943414,10,India:F;Pakistan:M;Pakistan:F;North Korea:F;North Korea:D;Israel:D;Switzerland:R;Belgium:F;Belgium:R;Taiwan:M,Belgium:F;North Korea:D;India:F;Taiwan:M;Switzerland:R
0.5971676440759163,10,India:F;Pakistan:M;Pakistan:F;North Korea:F;North Korea:D;Israel:D;Switzerland:R;Belgium:F;Belgium:R;Taiwan:M,Belgium:F;North Korea:D;India:F;Taiwan:M;Switzerland:R
0.5979957362370524,10,India:F;Pakistan:M;Pakistan:F;North Korea:F;North Korea:D;Israel:D;Switzerland:R;Belgium:F;Belgium:R;Taiwan:M,Belgium:F;North Korea:D;India:F;Taiwan:M;Switzerland:R
0.5982836715574891,10,India:F;Pakistan:M;Pakistan:F;North Korea:F;North Korea:D;Israel:D;Switzerland:R;Belgium:F;Belgium:R;Taiwan:M,Belgium:F;North Korea:D;India:F;Taiwan:M;Switzerland:R
0.5985195758695587,10,India:F;Pakistan:M;Pakistan:F;North Korea:F;North Korea:D;Israel:D;Switzerland:R;Belgium:F;Belgium:R;Taiwan:M,Belgium:F;North Korea:D;India:F;Taiwan:M;Switzerland:R
0.599076404560034,10,India:F;Pakistan:M;Pakistan:F;North Korea:F;North Korea:D;Israel:D;Switzerland:R;Belgium:F;Belgium:R;Taiwan:M,Belgium:F;North Korea:D;India:F;Taiwan:M;Switzerland:R
0.5996627876509717,10,India:F;Pakistan:M;Pakistan:F;North Korea:F;North Korea:D;Israel:D;Switzerland:R;Belgium:F;Belgium:R;Taiwan:M,Belgium:F;North Korea:D;India:F;Taiwan:M;Switzerland:R
0.6000917691656608,10,India:F;Pakistan:M;Pakistan:F;North Korea:F;North Korea:D;Israel:D;Switzerland:R;Belgium:F;Belgium:R;Taiwan:M,Belgium:F;North Korea:D;India:F;Taiwan:M;Switzerland:R
0.6001785854305487,10,India:F;Pakistan:M;Pakistan:F;North Korea:F;North Korea:D;Israel:D;Switzerland:R;Belgium:F;Belgium:R;Taiwan:M,Belgium:F;North Korea:D;India:F;Taiwan:M;Switzerland:R
0.6006073548507563,10,India:F;Pakistan:M;Pakistan:F;North Korea:F;North Korea:D;Israel:D;Switzerland:R;Belgium:F;Belgium:R;Taiwan:M,Belgium:F;North Korea:D;India:F;Taiwan:M;Switzerland:R
0.60066824156016,10,India:F;Pakistan:M;Pakistan:F;North Korea:F;North Korea:D;Israel:D;Switzerland:R;Belgium:F;Belgium:R;Taiwan:M,Belgium:F;North Korea:D;India:F;Taiwan:M;Switzerland:R
0.6014376756459507,10,India:F;Pakistan:M;Pakistan:F;North Korea:F;North Korea:D;Israel:D;Switzerland:R;Belgium:F;Belgium:R;Taiwan:M,Belgium:F;North Korea:D;India:F;Taiwan:M;Switzerland:R
0.6018846404098047,10,India:F;Pakistan:M;Pakistan:F;North Korea:F;North Korea:D;Israel:D;Switzerland:R;Belgium:F;Belgium:R;Taiwan:M,Belgium:F;North Korea:D;India:F;Taiwan:M;Switzerland:R
0.601913968462459,10,India:F;Pakistan:M;Pakistan:F;North Korea:F;North Korea:D;Israel:D;Switzerland:R;Belgium:F;Belgium:R;Taiwan:M,Belgium:F;North Korea:D;India:F;Taiwan:M;Switzerland:R
0.6021041263387752,10,India:F;Pakistan:M;Pakistan:F;North Korea:F;North Korea:D;Israel:D;Switzerland:R;Belgium:F;Belgium:R;Taiwan:M,Belgium:F;North Korea:D;India:F;Taiwan:M;Switzerland:R
0.6022808122881378,10,India:F;Pakistan:M;Pakistan:F;North Korea:F;North Korea:D;Israel:D;Switzerland:R;Belgium:F;Belgium:R;Taiwan:M,Belgium:F;North Korea:D;India:F;Taiwan:M;Switzerland:R
0.6024554415147743,10,India:F;Pakistan:M;Pakistan:F;North Korea:F;North Korea:D;Israel:D;Switzerland:R;Belgium:F;Belgium:R;Taiwan:M,Belgium:F;North Korea:D;India:F;Taiwan:M;Switzerland:R
0.6025577717034487,10,India:F;Pakistan:M;Pakistan:F;North Korea:F;North Korea:D;Israel:D;Switzerland:R;Belgium:F;Belgium:R;Taiwan:M,Belgium:F;North Korea:D;India:F;Taiwan:M;Switzerland:R
0.602600841387099,10,India:F;Pakistan:M;Pakistan:F;North Korea:F;North Korea:D;Israel:D;Switzerland:R;Belgium:F;Belgium:R;Taiwan:M,Belgium:F;North Korea:D;India:F;Taiwan:M;Switzerland:R
0.6034565721267378,10,India:F;Pakistan:M;Pakistan:F;North Korea:F;North Korea:D;Israel:D;Switzerland:R;Belgium:F;Belgium:R;Taiwan:M,Belgium:F;North Korea:D;India:F;Taiwan:M;Switzerland:R
0.603545520675757,10,India:F;Pakistan:M;Pakistan:F;North Korea:F;North Korea:D;Israel:D;Switzerland:R;Belgium:F;Belgium:R;Taiwan:M,Belgium:F;North Korea:D;India:F;Taiwan:M;Switzerland:R
0.6039688431707747,10,India:F;Pakistan:M;Pakistan:F;North Korea:F;North Korea:D;Israel:D;Switzerland:R;Belgium:F;Belgium:R;Taiwan:M,Belgium:F;North Korea:D;India:F;Taiwan:M;Switzerland:R
0.604710310757814,10,India:F;Pakistan:M;Pakistan:F;North Korea:F;North Korea:D;Israel:D;Switzerland:R;Belgium:F;Belgium:R;Taiwan:M,Belgium:F;North Korea:D;India:F;Taiwan:M;Switzerland:R
0.6047874683506603,10,India:F;Pakistan:M;Pakistan:F;North Korea:F;North Korea:D;Israel:D;Switzerland:R;Belgium:F;Belgium:R;Taiwan:M,Belgium:F;North Korea:D;India:F;Taiwan:M;Switzerland:R
0.6053354257378307,10,India:F;Pakistan:M;Pakistan:F;North Korea:F;North Korea:D;Israel:D;Switzerland:R;Belgium:F;Belgium:R;Taiwan:M,Belgium:F;North Korea:D;India:F;Taiwan:M;Switzerland:R
0.6055672149816874,10,India:F;Pakistan:M;Pakistan:F;North Korea:F;North Korea:D;Israel:D;Switzerland:R;Belgium:F;Belgium:R;Taiwan:M,Belgium:F;North Korea:D;India:F;Taiwan:M;Switzerland:R
0.6057537293110528,10,India:F;Pakistan:M;Pakistan:F;North Korea:F;North Korea:D;Israel:D;Switzerland:R;Belgium:F;Belgium:R;Taiwan:M,Belgium:F;North Korea:D;India:F;Taiwan:M;Switzerland:R
0.6064312566608635,10,India:F;Pakistan:M;Pakistan:F;North Korea:F;North Korea:D;Israel:D;Switzerland:R;Belgium:F;Belgium:R;Taiwan:M,Belgium:F;North Korea:D;India:F;Taiwan:M;Switzerland:R
0.6064411742750133,10,India:F;Pakistan:M;Pakistan:F;North Korea:F;North Korea:D;Israel:D;Switzerland:R;Belgium:F;Belgium:R;Taiwan:M,Belgium:F;North Korea:D;India:F;Taiwan:M;Switzerland:R
0.6065437001033253,10,India:F;Pakistan:M;Pakistan:F;North Korea:F;North Korea:D;Israel:D;Switzerland:R;Belgium:F;Belgium:R;Taiwan:M,Belgium:F;North Korea:D;India:F;Taiwan:M;Switzerland:R
0.6068724304010167,10,India:F;Pakistan:M;Pakistan:F;North Korea:F;North Korea:D;Israel:D;Switzerland:R;Belgium:F;Belgium:R;Taiwan:M,Belgium:F;North Korea:D;India:F;Taiwan:M;Switzerland:R
0.6068829571194915,10,India:F;Pakistan:M;Pakistan:F;North Korea:F;North Korea:D;Israel:D;Switzerland:R;Belgium:F;Belgium:R;Taiwan:M,Belgium:F;North Korea:D;India:F;Taiwan:M;Switzerland:R
0.607469414142174,10,India:F;Pakistan:M;Pakistan:F;North Korea:F;North Korea:D;Israel:D;Switzerland:R;Belgium:F;Belgium:R;Taiwan:M,Belgium:F;North Korea:D;India:F;Taiwan:M;Switzerland:R
0.6092313702193319,10,India:F;Pakistan:M;Pakistan:F;North Korea:F;North Korea:D;Israel:D;Switzerland:R;Belgium:F;Belgium:R;Taiwan:M,Belgium:F;North Korea:D;India:F;Taiwan:M;Switzerland:R
0.6097305525101993,10,India:F;Pakistan:M;Pakistan:F;North Korea:F;North Korea:D;Israel:D;Switzerland:R;Belgium:F;Belgium:R;Taiwan:M,Belgium:F;North Korea:D;India:F;Taiwan:M;Switzerland:R
0.6098150967040696,10,India:F;Pakistan:M;Pakistan:F;North Korea:F;North Korea:D;Israel:D;Switzerland:R;Belgium:F;Belgium:R;Taiwan:M,Belgium:F;North Korea:D;India:F;Taiwan:M;Switzerland:R
0.6100427072505625,10,India:F;Pakistan:M;Pakistan:F;North Korea:F;North Korea:D;Israel:D;Switzerland:R;Belgium:F;Belgium:R;Taiwan:M,Belgium:F;North Korea:D;India:F;Taiwan:M;Switzerland:R
0.6102287935723142,10,India:F;Pakistan:M;Pakistan:F;North Korea:F;North Korea:D;Israel:D;Switzerland:R;Belgium:F;Belgium:R;Taiwan:M,Belgium:F;North Korea:D;India:F;Taiwan:M;Switzerland:R
0.6103833909270795,10,India:F;Pakistan:M;Pakistan:F;North Korea:F;North Korea:D;Israel:D;Switzerland:R;Belgium:F;Belgium:R;Taiwan:M,Belgium:F;North Korea:D;India:F;Taiwan:M;Switzerland:R
0.6105688669353544,10,India:F;Pakistan:M;Pakistan:F;North Korea:F;North Korea:D;Israel:D;Switzerland:R;Belgium:F;Belgium:R;Taiwan:M,Belgium:F;North Korea:D;India:F;Taiwan:M;Switzerland:R
0.6109267459859113,10,India:F;Pakistan:M;Pakistan:F;North Korea:F;North Korea:D;Israel:D;Switzerland:R;Belgium:F;Belgium:R;Taiwan:M,Belgium:F;North Korea:D;India:F;Taiwan:M;Switzerland:R
0.6116575530761568,10,India:F;Pakistan:M;Pakistan:F;North Korea:F;North Korea:D;Israel:D;Switzerland:R;Belgium:F;Belgium:R;Taiwan:M,Belgium:F;North Korea:D;India:F;Taiwan:M;Switzerland:R
0.6116789807016634,10,India:F;Pakistan:M;Pakistan:F;North Korea:F;North Korea:D;Israel:D;Switzerland:R;Belgium:F;Belgium:R;Taiwan:M,Belgium:F;North Korea:D;India:F;Taiwan:M;Switzerland:R
0.6126980524006148,10,India:F;Pakistan:M;Pakistan:F;North Korea:F;North Korea:D;Israel:D;Switzerland:R;Belgium:F;Belgium:R;Taiwan:M,Belgium:F;North Korea:D;India:F;Taiwan:M;Switzerland:R
0.6127711574503995,10,India:F;Pakistan:M;Pakistan:F;North Korea:F;North Korea:D;Israel:D;Switzerland:R;Belgium:F;Belgium:R;Taiwan:M,Belgium:F;North Korea:D;India:F;Taiwan:M;Switzerland:R
0.6136130642071054,10,India:F;Pakistan:M;Pakistan:F;North Korea:F;North Korea:D;Israel:D;Switzerland:R;Belgium:F;Belgium:R;Taiwan:M,Belgium:F;North Korea:D;India:F;Taiwan:M;Switzerland:R
0.6139964780513879,10,India:F;Pakistan:M;Pakistan:F;North Korea:F;North Korea:D;Israel:D;Switzerland:R;Belgium:F;Belgium:R;Taiwan:M,Belgium:F;North Korea:D;India:F;Taiwan:M;Switzerland:R
0.6143580992276536,10,India:F;Pakistan:M;Pakistan:F;North Korea:F;North Korea:D;Israel:D;Switzerland:R;Belgium:F;Belgium:R;Taiwan:M,Belgium:F;North Korea:D;India:F;Taiwan:M;Switzerland:R
0.6152512614393396,10,India:F;Pakistan:M;Pakistan:F;North Korea:F;North Korea:D;Israel:D;Switzerland:R;Belgium:F;Belgium:R;Taiwan:M,Belgium:F;North Korea:D;India:F;Taiwan:M;Switzerland:R
0.616155433454145,10,India:F;Pakistan:M;Pakistan:F;North Korea:F;North Korea:D;Israel:D;Switzerland:R;Belgium:F;Belgium:R;Taiwan:M,Belgium:F;North Korea:D;India:F;Taiwan:M;Switzerland:R
0.6178716397905815,10,India:F;Pakistan:M;Pakistan:F;North Korea:F;North Korea:D;Israel:D;Switzerland:R;Belgium:F;Belgium:R;Taiwan:M,Belgium:F;North Korea:D;India:F;Taiwan:M;Switzerland:R
0.6181066549602602,10,India:F;Pakistan:M;Pakistan:F;North Korea:F;North Korea:D;Israel:D;Switzerland:R;Belgium:F;Belgium:R;Taiwan:M,Belgium:F;North Korea:D;India:F;Taiwan:M;Switzerland:R
0.6183111972358493,10,India:F;Pakistan:M;Pakistan:F;North Korea:F;North Korea:D;Israel:D;Switzerland:R;Belgium:F;Belgium:R;Taiwan:M,Belgium:F;North Korea:D;India:F;Taiwan:M;Switzerland:R
0.6187406643045872,10,India:F;Pakistan:M;Pakistan:F;North Korea:F;North Korea:D;Israel:D;Switzerland:R;Belgium:F;Belgium:R;Taiwan:M,Belgium:F;North Korea:D;India:F;Taiwan:M;Switzerland:R
0.6190853855352187,10,India:F;Pakistan:M;Pakistan:F;North Korea:F;North Korea:D;Israel:D;Switzerland:R;Belgium:F;Belgium:R;Taiwan:M,Belgium:F;North Korea:D;India:F;Taiwan:M;Switzerland:R
0.6190945583613621,10,India:F;Pakistan:M;Pakistan:F;North Korea:F;North Korea:D;Israel:D;Switzerland:R;Belgium:F;Belgium:R;Taiwan:M,Belgium:F;North Korea:D;India:F;Taiwan:M;Switzerland:R
0.6194975091351176,10,India:F;Pakistan:M;Pakistan:F;North Korea:F;North Korea:D;Israel:D;Switzerland:R;Belgium:F;Belgium:R;Taiwan:M,Belgium:F;North Korea:D;Taiwan:M;India:F;Switzerland:R
0.620032306661175,10,India:F;Pakistan:M;Pakistan:F;North Korea:F;North Korea:D;Israel:D;Switzerland:R;Belgium:F;Belgium:R;Taiwan:M,Belgium:F;North Korea:D;Taiwan:M;India:F;Switzerland:R
0.6203604595203482,10,India:F;Pakistan:M;Pakistan:F;North Korea:F;North Korea:D;Israel:D;Switzerland:R;Belgium:F;Belgium:R;Taiwan:M,Belgium:F;North Korea:D;Taiwan:M;India:F;Switzerland:R
0.6205603300909034,10,India:F;Pakistan:M;Pakistan:F;North Korea:F;North Korea:D;Israel:D;Switzerland:R;Belgium:F;Belgium:R;Taiwan:M,Belgium:F;North Korea:D;Taiwan:M;India:F;Switzerland:R
0.6207751797327253,10,India:F;Pakistan:M;Pakistan:F;North Korea:F;North Korea:D;Israel:D;Switzerland:R;Belgium:F;Belgium:R;Taiwan:M,Belgium:F;North Korea:D;Taiwan:M;India:F;Switzerland:R
0.6223591590302927,10,India:F;Pakistan:M;Pakistan:F;North Korea:F;North Korea:D;Israel:D;Switzerland:R;Belgium:F;Belgium:R;Taiwan:M,Belgium:F;North Korea:D;Taiwan:M;India:F;Switzerland:R
0.6241526586589642,10,India:F;Pakistan:M;Pakistan:F;North Korea:F;North Korea:D;Israel:D;Switzerland:R;Belgium:F;Belgium:R;Taiwan:M,Belgium:F;North Korea:D;Taiwan:M;India:F;Switzerland:R
0.6247750240004825,10,India:F;Pakistan:M;Pakistan:F;North Korea:F;North Korea:D;Israel:D;Switzerland:R;Belgium:F;Belgium:R;Taiwan:M,Belgium:F;North Korea:D;Taiwan:M;India:F;Switzerland:R
0.6252549341371166,10,India:F;Pakistan:M;Pakistan:F;North Korea:F;North Korea:D;Israel:D;Switzerland:R;Belgium:F;Belgium:R;Taiwan:M,Belgium:F;North Korea:D;Taiwan:M;India:F;Switzerland:R
0.6255753299412512,10,India:F;Pakistan:M;Pakistan:F;North Korea:F;North Korea:D;Israel:D;Switzerland:R;Belgium:F;Belgium:R;Taiwan:M,Belgium:F;North Korea:D;Taiwan:M;India:F;Switzerland:R
0.6256144055447498,10,India:F;Pakistan:M;Pakistan:F;North Korea:F;North Korea:D;Israel:D;Switzerland:R;Belgium:F;Belgium:R;Taiwan:M,Belgium:F;North Korea:D;Taiwan:M;India:F;Switzerland:R
0.6268379407909063,10,India:F;Pakistan:M;Pakistan:F;North Korea:F;North Korea:D;Israel:D;Switzerland:R;Belgium:F;Belgium:R;Taiwan:M,Belgium:F;North Korea:D;Taiwan:M;India:F;Switzerland:R
0.6271062163381356,10,India:F;Pakistan:M;Pakistan:F;North Korea:F;North Korea:D;Israel:D;Switzerland:R;Belgium:F;Belgium:R;Taiwan:M,Belgium:F;North Korea:D;Taiwan:M;India:F;Switzerland:R
0.6271430297791448,10,India:F;Pakistan:M;Pakistan:F;North Korea:F;North Korea:D;Israel:D;Switzerland:R;Belgium:F;Belgium:R;Taiwan:M,Belgium:F;North Korea:D;Taiwan:M;India:F;Switzerland:R
0.6288535139246465,10,India:F;Pakistan:M;Pakistan:F;North Korea:F;North Korea:D;Israel:D;Switzerland:R;Belgium:F;Belgium:R;Taiwan:M,Belgium:F;North Korea:D;Taiwan:M;India:F;Switzerland:R
0.6293118611047732,10,India:F;Pakistan:M;Pakistan:F;North Korea:F;North Korea:D;Israel:D;Switzerland:R;Belgium:F;Belgium:R;Taiwan:M,Belgium:F;North Korea:D;Taiwan:M;India:F;Switzerland:R
0.6300005376615784,10,India:F;Pakistan:M;Pakistan:F;North Korea:F;North Korea:D;Israel:D;Switzerland:R;Belgium:F;Belgium:R;Taiwan:M,Belgium:F;North Korea:D;Taiwan:M;India:F;Switzerland:R
0.6305188041266249,10,India:F;Pakistan:M;Pakistan:F;North Korea:F;North Korea:D;Israel:D;Switzerland:R;Belgium:F;Belgium:R;Taiwan:M,Belgium:F;North Korea:D;Taiwan:M;India:F;Switzerland:R
0.6317564227442383,10,India:F;Pakistan:M;Pakistan:F;North Korea:F;North Korea:D;Israel:D;Switzerland:R;Belgium:F;Belgium:R;Taiwan:M,Belgium:F;North Korea:D;Taiwan:M;India:F;Switzerland:R
0.6318263188612017,10,India:F;Pakistan:M;Pakistan:F;North Korea:F;North Korea:D;Israel:D;Switzerland:R;Belgium:F;Belgium:R;Taiwan:M,Belgium:F;North Korea:D;Taiwan:M;India:F;Switzerland:R
0.6327391130191414,10,India:F;Pakistan:M;Pakistan:F;North Korea:F;North Korea:D;Israel:D;Switzerland:R;Belgium:F;Belgium:R;Taiwan:M,Belgium:F;North Korea:D;Taiwan:M;India:F;Switzerland:R
0.6329725520980131,10,India:F;Pakistan:M;Pakistan:F;North Korea:F;North Korea:D;Israel:D;Switzerland:R;Belgium:F;Belgium:R;Taiwan:M,Belgium:F;North Korea:D;Taiwan:M;India:F;Switzerland:R
0.6342939439554219,10,India:F;Pakistan:M;Pakistan:F;North Korea:F;North Korea:D;Israel:D;Switzerland:R;Belgium:F;Belgium:R;Taiwan:M,Belgium:F;North Korea:D;Taiwan:M;India:F;Switzerland:R
0.6346497824011684,10,India:F;Pakistan:M;Pakistan:F;North Korea:F;North Korea:D;Israel:D;Switzerland:R;Belgium:F;Belgium:R;Taiwan:M,Belgium:F;North Korea:D;Taiwan:M;India:F;Switzerland:R
0.634831893730689,10,India:F;Pakistan:M;Pakistan:F;North Korea:F;North Korea:D;Israel:D;Switzerland:R;Belgium:F;Belgium:R;Taiwan:M,Belgium:F;North Korea:D;Taiwan:M;India:F;Switzerland:R
0.6351179343960908,10,India:F;Pakistan:M;Pakistan:F;North Korea:F;North Korea:D;Israel:D;Switzerland:R;Belgium:F;Belgium:R;Taiwan:M,Belgium:F;North Korea:D;Taiwan:M;India:F;Switzerland:R
0.6354729927088676,10,India:F;Pakistan:M;Pakistan:F;North Korea:F;North Korea:D;Israel:D;Switzerland:R;Belgium:F;Belgium:R;Taiwan:M,Belgium:F;North Korea:D;Taiwan:M;India:F;Switzerland:R
0.6354916157321262,10,India:F;Pakistan:M;Pakistan:F;North Korea:F;North Korea:D;Israel:D;Switzerland:R;Belgium:F;Belgium:R;Taiwan:M,Belgium:F;North Korea:D;Taiwan:M;India:F;Switzerland:R
0.6359863980032647,10,India:F;Pakistan:M;Pakistan:F;North Korea:F;North Korea:D;Israel:D;Switzerland:R;Belgium:F;Belgium:R;Taiwan:M,Belgium:F;North Korea:D;Taiwan:M;India:F;Switzerland:R
0.6363017794894755,10,India:F;Pakistan:M;Pakistan:F;North Korea:F;North Korea:D;Israel:D;Switzerland:R;Belgium:F;Belgium:R;Taiwan:M,Belgium:F;North Korea:D;Taiwan:M;India:F;Switzerland:R
0.6373694856957627,10,India:F;Pakistan:M;Pakistan:F;North Korea:F;North Korea:D;Israel:D;Switzerland:R;Belgium:F;Belgium:R;Taiwan:M,Belgium:F;North Korea:D;Taiwan:M;India:F;Switzerland:R
0.6383615921382519,10,India:F;Pakistan:M;Pakistan:F;North Korea:F;North Korea:D;Israel:D;Switzerland:R;Belgium:F;Belgium:R;Taiwan:M,Belgium:F;North Korea:D;Taiwan:M;India:F;Switzerland:R
0.6385620069613256,10,India:F;Pakistan:M;Pakistan:F;North Korea:F;North Korea:D;Israel:D;Switzerland:R;Belgium:F;Belgium:R;Taiwan:M,Belgium:F;North Korea:D;Taiwan:M;India:F;Switzerland:R
0.6396925280281097,10,India:F;Pakistan:M;Pakistan:F;North Korea:F;North Korea:D;Israel:D;Switzerland:R;Belgium:F;Belgium:R;Taiwan:M,Belgium:F;North Korea:D;Taiwan:M;India:F;Switzerland:R
0.6397654846399428,10,India:F;Pakistan:M;Pakistan:F;North Korea:F;North Korea:D;Israel:D;Switzerland:R;Belgium:F;Belgium:R;Taiwan:M,Belgium:F;North Korea:D;Taiwan:M;India:F;Switzerland:R
0.6409519538593642,10,India:F;Pakistan:M;Pakistan:F;North Korea:F;North Korea:D;Israel:D;Switzerland:R;Belgium:F;Belgium:R;Taiwan:M,Belgium:F;North Korea:D;Taiwan:M;India:F;Switzerland:R
0.6410009377365606,10,India:F;Pakistan:M;Pakistan:F;North Korea:F;North Korea:D;Israel:D;Switzerland:R;Belgium:F;Belgium:R;Taiwan:M,Belgium:F;North Korea:D;Taiwan:M;India:F;Switzerland:R
0.6410368062253285,10,India:F;Pakistan:M;Pakistan:F;North Korea:F;North Korea:D;Israel:D;Switzerland:R;Belgium:F;Belgium:R;Taiwan:M,Belgium:F;North Korea:D;Taiwan:M;India:F;Switzerland:R
0.6423256139219762,10,India:F;Pakistan:M;Pakistan:F;North Korea:F;North Korea:D;Israel:D;Switzerland:R;Belgium:F;Belgium:R;Taiwan:M,Belgium:F;North Korea:D;Taiwan:M;India:F;Switzerland:R
0.6423715619438944,10,India:F;Pakistan:M;Pakistan:F;North Korea:F;North Korea:D;Israel:D;Switzerland:R;Belgium:F;Belgium:R;Taiwan:M,Belgium:F;North Korea:D;Taiwan:M;India:F;Switzerland:R
0.6429905648128614,10,India:F;Pakistan:M;Pakistan:F;North Korea:F;North Korea:D;Israel:D;Switzerland:R;Belgium:F;Belgium:R;Taiwan:M,Belgium:F;North Korea:D;Taiwan:M;India:F;Switzerland:R
0.6440131640966621,10,India:F;Pakistan:M;Pakistan:F;North Korea:F;North Korea:D;Israel:D;Switzerland:R;Belgium:F;Belgium:R;Taiwan:M,Belgium:F;North Korea:D;Taiwan:M;India:F;Switzerland:R
0.6440972288389188,10,India:F;Pakistan:M;Pakistan:F;North Korea:F;North Korea:D;Israel:D;Switzerland:R;Belgium:F;Belgium:R;Taiwan:M,Belgium:F;North Korea:D;Taiwan:M;India:F;Switzerland:R
0.6446817312015412,10,India:F;Pakistan:M;Pakistan:F;North Korea:F;North Korea:D;Israel:D;Switzerland:R;Belgium:F;Belgium:R;Taiwan:M,Belgium:F;North Korea:D;Taiwan:M;India:F;Switzerland:R
0.6448417007021735,10,India:F;Pakistan:M;Pakistan:F;North Korea:F;North Korea:D;Israel:D;Switzerland:R;Belgium:F;Belgium:R;Taiwan:M,Belgium:F;North Korea:D;Taiwan:M;India:F;Switzerland:R
0.6448945914454756,10,India:F;Pakistan:M;Pakistan:F;North Korea:F;North Korea:D;Israel:D;Switzerland:R;Belgium:F;Belgium:R;Taiwan:M,Belgium:F;North Korea:D;Taiwan:M;India:F;Switzerland:R
0.6452842925658517,10,India:F;Pakistan:M;Pakistan:F;North Korea:F;North Korea:D;Israel:D;Switzerland:R;Belgium:F;Belgium:R;Taiwan:M,Belgium:F;North Korea:D;Taiwan:M;India:F;Switzerland:R
0.6453396379811686,10,India:F;Pakistan:M;Pakistan:F;North Korea:F;North Korea:D;Israel:D;Switzerland:R;Belgium:F;Belgium:R;Taiwan:M,Belgium:F;North Korea:D;Taiwan:M;India:F;Switzerland:R
0.6463068271004212,10,India:F;Pakistan:M;Pakistan:F;North Korea:F;North Korea:D;Israel:D;Switzerland:R;Belgium:F;Belgium:R;Taiwan:M,Belgium:F;North Korea:D;Taiwan:M;India:F;Switzerland:R
0.6466431784298132,10,India:F;Pakistan:M;Pakistan:F;North Korea:F;North Korea:D;Israel:D;Switzerland:R;Belgium:F;Belgium:R;Taiwan:M,Belgium:F;North Korea:D;Taiwan:M;India:F;Switzerland:R
0.6469187692972929,10,India:F;Pakistan:M;Pakistan:F;North Korea:F;North Korea:D;Israel:D;Switzerland:R;Belgium:F;Belgium:R;Taiwan:M,Belgium:F;North Korea:D;Taiwan:M;India:F;Switzerland:R
0.647569343836114,10,India:F;Pakistan:M;Pakistan:F;North Korea:F;North Korea:D;Israel:D;Switzerland:R;Belgium:F;Belgium:R;Taiwan:M,Belgium:F;North Korea:D;Taiwan:M;India:F;Switzerland:R
0.6482545542928043,10,India:F;Pakistan:M;Pakistan:F;North Korea:F;North Korea:D;Israel:D;Switzerland:R;Belgium:F;Belgium:R;Taiwan:M,Belgium:F;North Korea:D;Taiwan:M;India:F;Switzerland:R
0.6487559039342309,10,India:F;Pakistan:M;Pakistan:F;North Korea:F;North Korea:D;Israel:D;Switzerland:R;Belgium:F;Belgium:R;Taiwan:M,Belgium:F;North Korea:D;Taiwan:M;India:F;Switzerland:R
0.648857372961852,10,India:F;Pakistan:M;Pakistan:F;North Korea:F;North Korea:D;Israel:D;Switzerland:R;Belgium:F;Belgium:R;Taiwan:M,Belgium:F;North Korea:D;Taiwan:M;India:F;Switzerland:R
0.6493585445767538,10,India:F;Pakistan:M;Pakistan:F;North Korea:F;North Korea:D;Israel:D;Switzerland:R;Belgium:F;Belgium:R;Taiwan:M,Belgium:F;North Korea:D;Taiwan:M;India:F;Switzerland:R
0.6494297173525428,10,India:F;Pakistan:M;Pakistan:F;North Korea:F;North Korea:D;Israel:D;Switzerland:R;Belgium:F;Belgium:R;Taiwan:M,Belgium:F;North Korea:D;Taiwan:M;India:F;Switzerland:R
0.6499274161648174,10,India:F;Pakistan:M;Pakistan:F;North Korea:F;North Korea:D;Israel:D;Switzerland:R;Belgium:F;Belgium:R;Taiwan:M,Belgium:F;North Korea:D;Taiwan:M;India:F;Switzerland:R
0.6503292388751603,10,India:F;Pakistan:M;Pakistan:F;North Korea:F;North Korea:D;Israel:D;Switzerland:R;Belgium:F;Belgium:R;Taiwan:M,Belgium:F;North Korea:D;Taiwan:M;India:F;Switzerland:R
0.6508518574310471,10,India:F;Pakistan:M;Pakistan:F;North Korea:F;North Korea:D;Israel:D;Switzerland:R;Belgium:F;Belgium:R;Taiwan:M,Belgium:F;North Korea:D;Taiwan:M;India:F;Switzerland:R
0.6508861517928182,10,India:F;Pakistan:M;Pakistan:F;North Korea:F;North Korea:D;Israel:D;Switzerland:R;Belgium:F;Belgium:R;Taiwan:M,Belgium:F;North Korea:D;Taiwan:M;India:F;Switzerland:R
0.6512522868651784,10,India:F;Pakistan:M;Pakistan:F;North Korea:F;North Korea:D;Israel:D;Switzerland:R;Belgium:F;Belgium:R;Taiwan:M,Belgium:F;North Korea:D;Taiwan:M;India:F;Switzerland:R
0.6513151386319924,10,India:F;Pakistan:M;Pakistan:F;North Korea:F;North Korea:D;Israel:D;Switzerland:R;Belgium:F;Belgium:R;Taiwan:M,Belgium:F;North Korea:D;Taiwan:M;India:F;Switzerland:R
0.6516390429097847,10,India:F;Pakistan:M;Pakistan:F;North Korea:F;North Korea:D;Israel:D;Switzerland:R;Belgium:F;Belgium:R;Taiwan:M,Belgium:F;North Korea:D;Taiwan:M;India:F;Switzerland:R
0.6522403759276654,10,India:F;Pakistan:M;Pakistan:F;North Korea:F;North Korea:D;Israel:D;Switzerland:R;Belgium:F;Belgium:R;Taiwan:M,Belgium:F;North Korea:D;Taiwan:M;India:F;Switzerland:R
0.6526903578800458,10,India:F;Pakistan:M;Pakistan:F;North Korea:F;North Korea:D;Israel:D;Switzerland:R;Belgium:F;Belgium:R;Taiwan:M,Belgium:F;North Korea:D;Taiwan:M;India:F;Switzerland:R
0.6527944137157978,10,India:F;Pakistan:M;Pakistan:F;North Korea:F;North Korea:D;Israel:D;Switzerland:R;Belgium:F;Belgium:R;Taiwan:M,Belgium:F;North Korea:D;Taiwan:M;India:F;Switzerland:R
0.6532896688658127,10,India:F;Pakistan:M;Pakistan:F;North Korea:F;North Korea:D;Israel:D;Switzerland:R;Belgium:F;Belgium:R;Taiwan:M,Belgium:F;North Korea:D;Taiwan:M;India:F;Switzerland:R
0.6542475589577419,10,India:F;Pakistan:M;Pakistan:F;North Korea:F;North Korea:D;Israel:D;Switzerland:R;Belgium:F;Belgium:R;Taiwan:M,Belgium:F;North Korea:D;Taiwan:M;India:F;Switzerland:R
0.6553784736245875,10,India:F;Pakistan:M;Pakistan:F;North Korea:F;North Korea:D;Israel:D;Switzerland:R;Belgium:F;Belgium:R;Taiwan:M,Belgium:F;North Korea:D;Taiwan:M;India:F;Switzerland:R
0.6559441654844704,10,India:F;Pakistan:M;Pakistan:F;North Korea:F;North Korea:D;Israel:D;Switzerland:R;Belgium:F;Belgium:R;Taiwan:M,Belgium:F;North Korea:D;Taiwan:M;India:F;Switzerland:R
0.6561716299260189,10,India:F;Pakistan:M;Pakistan:F;North Korea:F;North Korea:D;Israel:D;Switzerland:R;Belgium:F;Belgium:R;Taiwan:M,Belgium:F;North Korea:D;Taiwan:M;India:F;Switzerland:R
0.6567004997751665,10,India:F;Pakistan:M;Pakistan:F;North Korea:F;North Korea:D;Israel:D;Switzerland:R;Belgium:F;Belgium:R;Taiwan:M,Belgium:F;North Korea:D;Taiwan:M;India:F;Switzerland:R
0.6568848607055122,10,India:F;Pakistan:M;Pakistan:F;North Korea:F;North Korea:D;Israel:D;Switzerland:R;Belgium:F;Belgium:R;Taiwan:M,Belgium:F;North Korea:D;Taiwan:M;India:F;Switzerland:R
0.6571120501681877,10,India:F;Pakistan:M;Pakistan:F;North Korea:F;North Korea:D;Israel:D;Switzerland:R;Belgium:F;Belgium:R;Taiwan:M,Belgium:F;North Korea:D;Taiwan:M;India:F;Switzerland:R
0.657387244691862,10,India:F;Pakistan:M;Pakistan:F;North Korea:F;North Korea:D;Israel:D;Switzerland:R;Belgium:F;Belgium:R;Taiwan:M,Belgium:F;North Korea:D;Taiwan:M;India:F;Switzerland:R
0.6582646500794045,10,India:F;Pakistan:M;Pakistan:F;North Korea:F;North Korea:D;Israel:D;Switzerland:R;Belgium:F;Belgium:R;Taiwan:M,Belgium:F;North Korea:D;Taiwan:M;India:F;Switzerland:R
0.658377077983096,10,India:F;Pakistan:M;Pakistan:F;North Korea:F;North Korea:D;Israel:D;Switzerland:R;Belgium:F;Belgium:R;Taiwan:M,Belgium:F;North Korea:D;Taiwan:M;India:F;Switzerland:R
0.659451162104542,10,India:F;Pakistan:M;Pakistan:F;North Korea:F;North Korea:D;Israel:D;Switzerland:R;Belgium:F;Belgium:R;Taiwan:M,Belgium:F;North Korea:D;Taiwan:M;India:F;Switzerland:R
0.6596502481611148,10,India:F;Pakistan:M;Pakistan:F;North Korea:F;North Korea:D;Israel:D;Switzerland:R;Belgium:F;Belgium:R;Taiwan:M,Belgium:F;North Korea:D;Taiwan:M;India:F;Switzerland:R
0.6600360723976602,10,India:F;Pakistan:M;Pakistan:F;North Korea:F;North Korea:D;Israel:D;Switzerland:R;Belgium:F;Belgium:R;Taiwan:M,Belgium:F;North Korea:D;Taiwan:M;India:F;Switzerland:R
0.6601351437711387,10,India:F;Pakistan:M;Pakistan:F;North Korea:F;North Korea:D;Israel:D;Switzerland:R;Belgium:F;Belgium:R;Taiwan:M,Belgium:F;North Korea:D;Taiwan:M;India:F;Switzerland:R
0.6604018757717023,10,India:F;Pakistan:M;Pakistan:F;North Korea:F;North Korea:D;Israel:D;Switzerland:R;Belgium:F;Belgium:R;Taiwan:M,Belgium:F;North Korea:D;Taiwan:M;India:F;Switzerland:R
0.6604515490004061,10,India:F;Pakistan:M;Pakistan:F;North Korea:F;North Korea:D;Israel:D;Switzerland:R;Belgium:F;Belgium:R;Taiwan:M,Belgium:F;North Korea:D;Taiwan:M;India:F;Switzerland:R
0.660619958616886,10,India:F;Pakistan:M;Pakistan:F;North Korea:F;North Korea:D;Israel:D;Switzerland:R;Belgium:F;Belgium:R;Taiwan:M,Belgium:F;North Korea:D;Taiwan:M;India:F;Switzerland:R
0.6608011464926664,10,India:F;Pakistan:M;Pakistan:F;North Korea:F;North Korea:D;Israel:D;Switzerland:R;Belgium:F;Belgium:R;Taiwan:M,Belgium:F;North Korea:D;Taiwan:M;India:F;Switzerland:R
0.6610185341096814,10,India:F;Pakistan:M;Pakistan:F;North Korea:F;North Korea:D;Israel:D;Switzerland:R;Belgium:F;Belgium:R;Taiwan:M,Belgium:F;North Korea:D;Taiwan:M;India:F;Switzerland:R
0.6622947514630398,10,India:F;Pakistan:M;Pakistan:F;North Korea:F;North Korea:D;Israel:D;Switzerland:R;Belgium:F;Belgium:R;Taiwan:M,Belgium:F;North Korea:D;Taiwan:M;India:F;Switzerland:R
0.6623198738700764,10,India:F;Pakistan:M;Pakistan:F;North Korea:F;North Korea:D;Israel:D;Switzerland:R;Belgium:F;Belgium:R;Taiwan:M,Belgium:F;North Korea:D;Taiwan:M;India:F;Switzerland:R
0.6628905810459437,10,India:F;Pakistan:M;Pakistan:F;North Korea:F;North Korea:D;Israel:D;Switzerland:R;Belgium:F;Belgium:R;Taiwan:M,Belgium:F;North Korea:D;Taiwan:M;India:F;Switzerland:R
0.6635148331520091,10,India:F;Pakistan:M;Pakistan:F;North Korea:F;North Korea:D;Israel:D;Switzerland:R;Belgium:F;Belgium:R;Taiwan:M,Belgium:F;North Korea:D;Taiwan:M;India:F;Switzerland:R
0.6636005685064549,10,India:F;Pakistan:M;Pakistan:F;North Korea:F;North Korea:D;Israel:D;Switzerland:R;Belgium:F;Belgium:R;Taiwan:M,Belgium:F;North Korea:D;Taiwan:M;India:F;Switzerland:R
0.6645880531751338,10,India:F;Pakistan:M;Pakistan:F;North Korea:F;North Korea:D;Israel:D;Switzerland:R;Belgium:F;Belgium:R;Taiwan:M,Belgium:F;North Korea:D;Taiwan:M;India:F;Switzerland:R
0.6654621033423326,10,India:F;Pakistan:M;Pakistan:F;North Korea:F;North Korea:D;Israel:D;Switzerland:R;Belgium:F;Belgium:R;Taiwan:M,Belgium:F;North Korea:D;Taiwan:M;India:F;Switzerland:R
0.6665101638209632,10,India:F;Pakistan:M;Pakistan:F;North Korea:F;North Korea:D;Israel:D;Switzerland:R;Belgium:F;Belgium:R;Taiwan:M,Belgium:F;North Korea:D;Taiwan:M;India:F;Switzerland:R
0.6671187274645938,10,India:F;Pakistan:M;Pakistan:F;North Korea:F;North Korea:D;Israel:D;Switzerland:R;Belgium:F;Belgium:R;Taiwan:M,Belgium:F;North Korea:D;Taiwan:M;India:F;Switzerland:R
0.6675714017554202,10,India:F;Pakistan:M;Pakistan:F;North Korea:F;North Korea:D;Israel:D;Switzerland:R;Belgium:F;Belgium:R;Taiwan:M,Belgium:F;North Korea:D;Taiwan:M;India:F;Switzerland:R
0.6679973164195628,10,India:F;Pakistan:M;Pakistan:F;North Korea:F;North Korea:D;Israel:D;Switzerland:R;Belgium:F;Belgium:R;Taiwan:M,Belgium:F;North Korea:D;Taiwan:M;India:F;Switzerland:R
0.6682358452050662,10,India:F;Pakistan:M;Pakistan:F;North Korea:F;North Korea:D;Israel:D;Switzerland:R;Belgium:F;Belgium:R;Taiwan:M,Belgium:F;North Korea:D;Taiwan:M;India:F;Switzerland:R
0.6698624605575985,10,India:F;Pakistan:M;Pakistan:F;North Korea:F;North Korea:D;Israel:D;Switzerland:R;Belgium:F;Belgium:R;Taiwan:M,Belgium:F;North Korea:D;Taiwan:M;India:F;Switzerland:R
0.6698641263442022,10,India:F;Pakistan:M;Pakistan:F;North Korea:F;North Korea:D;Israel:D;Switzerland:R;Belgium:F;Belgium:R;Taiwan:M,Belgium:F;North Korea:D;Taiwan:M;India:F;Switzerland:R
0.6701026973711667,10,India:F;Pakistan:M;Pakistan:F;North Korea:F;North Korea:D;Israel:D;Switzerland:R;Belgium:F;Belgium:R;Taiwan:M,Belgium:F;North Korea:D;Taiwan:M;India:F;Switzerland:R
0.670607153781889,10,India:F;Pakistan:M;Pakistan:F;North Korea:F;North Korea:D;Israel:D;Switzerland:R;Belgium:F;Belgium:R;Taiwan:M,Belgium:F;North Korea:D;Taiwan:M;India:F;Switzerland:R
0.6707382176201764,10,India:F;Pakistan:M;Pakistan:F;North Korea:F;North Korea:D;Israel:D;Switzerland:R;Belgium:F;Belgium:R;Taiwan:M,Belgium:F;North Korea:D;Taiwan:M;India:F;Switzerland:R
0.6710228854783069,10,India:F;Pakistan:M;Pakistan:F;North Korea:F;North Korea:D;Israel:D;Switzerland:R;Belgium:F;Belgium:R;Taiwan:M,Belgium:F;North Korea:D;Taiwan:M;India:F;Switzerland:R
0.6719322161169234,10,India:F;Pakistan:M;Pakistan:F;North Korea:F;North Korea:D;Israel:D;Switzerland:R;Belgium:F;Belgium:R;Taiwan:M,Belgium:F;North Korea:D;Taiwan:M;India:F;Switzerland:R
0.6721246839287033,10,India:F;Pakistan:M;Pakistan:F;North Korea:F;North Korea:D;Israel:D;Switzerland:R;Belgium:F;Belgium:R;Taiwan:M,Belgium:F;North Korea:D;Taiwan:M;India:F;Switzerland:R
0.6725103101499473,10,India:F;Pakistan:M;Pakistan:F;North Korea:F;North Korea:D;Israel:D;Switzerland:R;Belgium:F;Belgium:R;Taiwan:M,Belgium:F;North Korea:D;Taiwan:M;India:F;Switzerland:R
0.672745203266684,10,India:F;Pakistan:M;Pakistan:F;North Korea:F;North Korea:D;Israel:D;Switzerland:R;Belgium:F;Belgium:R;Taiwan:M,Belgium:F;North Korea:D;Taiwan:M;India:F;Switzerland:R
0.6729977143699394,10,India:F;Pakistan:M;Pakistan:F;North Korea:F;North Korea:D;Israel:D;Switzerland:R;Belgium:F;Belgium:R;Taiwan:M,Belgium:F;North Korea:D;Taiwan:M;India:F;Switzerland:R
0.6748598067546926,10,India:F;Pakistan:M;Pakistan:F;North Korea:F;North Korea:D;Israel:D;Switzerland:R;Belgium:F;Belgium:R;Taiwan:M,Belgium:F;North Korea:D;Taiwan:M;India:F;Switzerland:R
0.6756521503647344,10,India:F;Pakistan:M;Pakistan:F;North Korea:F;North Korea:D;Israel:D;Switzerland:R;Belgium:F;Belgium:R;Taiwan:M,Belgium:F;North Korea:D;Taiwan:M;India:F;Switzerland:R
0.6769691722448087,10,India:F;Pakistan:M;Pakistan:F;North Korea:F;North Korea:D;Israel:D;Switzerland:R;Belgium:F;Belgium:R;Taiwan:M,Belgium:F;North Korea:D;Taiwan:M;India:F;Switzerland:R
0.6777013865026518,10,India:F;Pakistan:M;Pakistan:F;North Korea:F;North Korea:D;Israel:D;Switzerland:R;Belgium:F;Belgium:R;Taiwan:M,Belgium:F;North Korea:D;Taiwan:M;India:F;Switzerland:R
0.6782660862747623,10,India:F;Pakistan:M;Pakistan:F;North Korea:F;North Korea:D;Israel:D;Switzerland:R;Belgium:F;Belgium:R;Taiwan:M,Belgium:F;North Korea:D;Taiwan:M;India:F;Switzerland:R
0.6784274255407684,10,India:F;Pakistan:M;Pakistan:F;North Korea:F;North Korea:D;Israel:D;Switzerland:R;Belgium:F;Belgium:R;Taiwan:M,Belgium:F;North Korea:D;Taiwan:M;India:F;Switzerland:R
0.67864312993113,10,India:F;Pakistan:M;Pakistan:F;North Korea:F;North Korea:D;Israel:D;Switzerland:R;Belgium:F;Belgium:R;Taiwan:M,Belgium:F;North Korea:D;Taiwan:M;India:F;Switzerland:R
0.6795761775423151,10,India:F;Pakistan:M;Pakistan:F;North Korea:F;North Korea:D;Israel:D;Switzerland:R;Belgium:F;Belgium:R;Taiwan:M,Belgium:F;North Korea:D;Taiwan:M;India:F;Switzerland:R
0.6830427219232197,10,India:F;Pakistan:M;Pakistan:F;North Korea:F;North Korea:D;Israel:D;Switzerland:R;Belgium:F;Belgium:R;Taiwan:M,Belgium:F;North Korea:D;Taiwan:M;India:F;Switzerland:R
0.6838007826826328,10,India:F;Pakistan:M;Pakistan:F;North Korea:F;North Korea:D;Israel:D;Switzerland:R;Belgium:F;Belgium:R;Taiwan:M,Belgium:F;North Korea:D;Taiwan:M;India:F;Switzerland:R
0.6838540934836769,10,India:F;Pakistan:M;Pakistan:F;North Korea:F;North Korea:D;Israel:D;Switzerland:R;Belgium:F;Belgium:R;Taiwan:M,Belgium:F;North Korea:D;Taiwan:M;India:F;Switzerland:R
0.6844647945960602,10,India:F;Pakistan:M;Pakistan:F;North Korea:F;North Korea:D;Israel:D;Switzerland:R;Belgium:F;Belgium:R;Taiwan:M,Belgium:F;North Korea:D;Taiwan:M;India:F;Switzerland:R
0.6859234943799515,10,India:F;Pakistan:M;Pakistan:F;North Korea:F;North Korea:D;Israel:D;Switzerland:R;Belgium:F;Belgium:R;Taiwan:M,Belgium:F;North Korea:D;Taiwan:M;India:F;Switzerland:R
0.6860058909616245,10,India:F;Pakistan:M;Pakistan:F;North Korea:F;North Korea:D;Israel:D;Switzerland:R;Belgium:F;Belgium:R;Taiwan:M,Belgium:F;North Korea:D;Taiwan:M;India:F;Switzerland:R
0.6870820759311439,10,India:F;Pakistan:M;Pakistan:F;North Korea:F;North Korea:D;Israel:D;Switzerland:R;Belgium:F;Belgium:R;Taiwan:M,Belgium:F;North Korea:D;Taiwan:M;India:F;Switzerland:R
0.6871722873790187,10,India:F;Pakistan:M;Pakistan:F;North Korea:F;North Korea:D;Israel:D;Switzerland:R;Belgium:F;Belgium:R;Taiwan:M,Belgium:F;North Korea:D;Taiwan:M;India:F;Switzerland:R
0.6872169680722667,10,India:F;Pakistan:M;Pakistan:F;North Korea:F;North Korea:D;Israel:D;Switzerland:R;Belgium:F;Belgium:R;Taiwan:M,Belgium:F;North Korea:D;Taiwan:M;India:F;Switzerland:R
0.6873573435953723,10,India:F;Pakistan:M;Pakistan:F;North Korea:F;North Korea:D;Israel:D;Switzerland:R;Belgium:F;Belgium:R;Taiwan:M,Belgium:F;North Korea:D;Taiwan:M;India:F;Switzerland:R
0.687999931769494,10,India:F;Pakistan:M;Pakistan:F;North Korea:F;North Korea:D;Israel:D;Switzerland:R;Belgium:F;Belgium:R;Taiwan:M,Belgium:F;North Korea:D;Taiwan:M;India:F;Switzerland:R
0.6888812005948091,10,India:F;Pakistan:M;Pakistan:F;North Korea:F;North Korea:D;Israel:D;Switzerland:R;Belgium:F;Belgium:R;Taiwan:M,Belgium:F;North Korea:D;Taiwan:M;India:F;Switzerland:R
0.688915836857101,10,India:F;Pakistan:M;Pakistan:F;North Korea:F;North Korea:D;Israel:D;Switzerland:R;Belgium:F;Belgium:R;Taiwan:M,Belgium:F;North Korea:D;Taiwan:M;India:F;Switzerland:R
0.6893356200602445,10,India:F;Pakistan:M;Pakistan:F;North Korea:F;North Korea:D;Israel:D;Switzerland:R;Belgium:F;Belgium:R;Taiwan:M,Belgium:F;North Korea:D;Taiwan:M;India:F;Switzerland:R
0.6895504727885976,10,India:F;Pakistan:M;Pakistan:F;North Korea:F;North Korea:D;Israel:D;Switzerland:R;Belgium:F;Belgium:R;Taiwan:M,Belgium:F;North Korea:D;Taiwan:M;India:F;Switzerland:R
0.6903069181004864,10,India:F;Pakistan:M;Pakistan:F;North Korea:F;North Korea:D;Israel:D;Switzerland:R;Belgium:F;Belgium:R;Taiwan:M,Belgium:F;North Korea:D;Taiwan:M;India:F;Switzerland:R
0.6903288937408708,10,India:F;Pakistan:M;Pakistan:F;North Korea:F;North Korea:D;Israel:D;Switzerland:R;Belgium:F;Belgium:R;Taiwan:M,Belgium:F;North Korea:D;Taiwan:M;India:F;Switzerland:R
0.6925453987755825,10,India:F;Pakistan:M;Pakistan:F;North Korea:F;North Korea:D;Israel:D;Switzerland:R;Belgium:F;Belgium:R;Taiwan:M,Belgium:F;North Korea:D;Taiwan:M;India:F;Switzerland:R
0.6927986601374247,10,India:F;Pakistan:M;Pakistan:F;North Korea:F;North Korea:D;Israel:D;Switzerland:R;Belgium:F;Belgium:R;Taiwan:M,Belgium:F;North Korea:D;Taiwan:M;India:F;Switzerland:R
0.6937168676543782,10,India:F;Pakistan:M;Pakistan:F;North Korea:F;North Korea:D;Israel:D;Switzerland:R;Belgium:F;Belgium:R;Taiwan:M,Belgium:F;North Korea:D;Taiwan:M;India:F;Switzerland:R
0.6939535537107616,10,India:F;Pakistan:M;Pakistan:F;North Korea:F;North Korea:D;Israel:D;Switzerland:R;Belgium:F;Belgium:R;Taiwan:M,Belgium:F;North Korea:D;Taiwan:M;India:F;Switzerland:R
0.6943213236065091,10,India:F;Pakistan:M;Pakistan:F;North Korea:F;North Korea:D;Israel:D;Switzerland:R;Belgium:F;Belgium:R;Taiwan:M,Belgium:F;North Korea:D;Taiwan:M;India:F;Switzerland:R
0.6950664720228712,10,India:F;Pakistan:M;Pakistan:F;North Korea:F;North Korea:D;Israel:D;Switzerland:R;Belgium:F;Belgium:R;Taiwan:M,Belgium:F;North Korea:D;Taiwan:M;India:F;Switzerland:R
0.6952889188002691,10,India:F;Pakistan:M;Pakistan:F;North Korea:F;North Korea:D;Israel:D;Switzerland:R;Belgium:F;Belgium:R;Taiwan:M,Belgium:F;North Korea:D;Taiwan:M;India:F;Switzerland:R
0.6953751088281959,10,India:F;Pakistan:M;Pakistan:F;North Korea:F;North Korea:D;Israel:D;Switzerland:R;Belgium:F;Belgium:R;Taiwan:M,Belgium:F;North Korea:D;Taiwan:M;India:F;Switzerland:R
0.6967770285946197,10,India:F;Pakistan:M;Pakistan:F;North Korea:F;North Korea:D;Israel:D;Switzerland:R;Belgium:F;Belgium:R;Taiwan:M,Belgium:F;North Korea:D;Taiwan:M;India:F;Switzerland:R
0.6968349171545134,10,India:F;Pakistan:M;Pakistan:F;North Korea:F;North Korea:D;Israel:D;Switzerland:R;Belgium:F;Belgium:R;Taiwan:M,Belgium:F;North Korea:D;Taiwan:M;India:F;Switzerland:R
0.6968773065940755,10,India:F;Pakistan:M;Pakistan:F;North Korea:F;North Korea:D;Israel:D;Switzerland:R;Belgium:F;Belgium:R;Taiwan:M,Belgium:F;North Korea:D;Taiwan:M;India:F;Switzerland:R
0.6982728385144852,10,India:F;Pakistan:M;Pakistan:F;North Korea:F;North Korea:D;Israel:D;Switzerland:R;Belgium:F;Belgium:R;Taiwan:M,Belgium:F;North Korea:D;Taiwan:M;India:F;Switzerland:R
0.6984006958909362,10,India:F;Pakistan:M;Pakistan:F;North Korea:F;North Korea:D;Israel:D;Switzerland:R;Belgium:F;Belgium:R;Taiwan:M,Belgium:F;North Korea:D;Taiwan:M;India:F;Switzerland:R
0.6991868861687881,10,India:F;Pakistan:M;Pakistan:F;North Korea:F;North Korea:D;Israel:D;Switzerland:R;Belgium:F;Belgium:R;Taiwan:M,Belgium:F;North Korea:D;Taiwan:M;India:F;Switzerland:R
0.700396211644471,10,India:F;Pakistan:M;Pakistan:F;North Korea:F;North Korea:D;Israel:D;Switzerland:R;Belgium:F;Belgium:R;Taiwan:M,Belgium:F;North Korea:D;Taiwan:M;India:F;Switzerland:R
0.7008863988416819,10,India:F;Pakistan:M;Pakistan:F;North Korea:F;North Korea:D;Israel:D;Switzerland:R;Belgium:F;Belgium:R;Taiwan:M,Belgium:F;North Korea:D;Taiwan:M;India:F;Switzerland:R
0.7011870406057675,10,India:F;Pakistan:M;Pakistan:F;North Korea:F;North Korea:D;Israel:D;Switzerland:R;Belgium:F;Belgium:R;Taiwan:M,Belgium:F;North Korea:D;Taiwan:M;India:F;Switzerland:R
0.7014388570914739,10,India:F;Pakistan:M;Pakistan:F;North Korea:F;North Korea:D;Israel:D;Switzerland:R;Belgium:F;Belgium:R;Taiwan:M,Belgium:F;North Korea:D;Taiwan:M;India:F;Switzerland:R
0.7014457885069928,10,India:F;Pakistan:M;Pakistan:F;North Korea:F;North Korea:D;Israel:D;Switzerland:R;Belgium:F;Belgium:R;Taiwan:M,Belgium:F;North Korea:D;Taiwan:M;India:F;Switzerland:R
0.7018999164452795,10,India:F;Pakistan:M;Pakistan:F;North Korea:F;North Korea:D;Israel:D;Switzerland:R;Belgium:F;Belgium:R;Taiwan:M,Belgium:F;North Korea:D;Taiwan:M;India:F;Switzerland:R
0.7019654001306185,10,India:F;Pakistan:M;Pakistan:F;North Korea:F;North Korea:D;Israel:D;Switzerland:R;Belgium:F;Belgium:R;Taiwan:M,Belgium:F;North Korea:D;Taiwan:M;India:F;Switzerland:R
0.7035080104182768,10,India:F;Pakistan:M;Pakistan:F;North Korea:F;North Korea:D;Israel:D;Switzerland:R;Belgium:F;Belgium:R;Taiwan:M,Belgium:F;North Korea:D;Taiwan:M;India:F;Switzerland:R
0.7038342148008275,10,India:F;Pakistan:M;Pakistan:F;North Korea:F;North Korea:D;Israel:D;Switzerland:R;Belgium:F;Belgium:R;Taiwan:M,Belgium:F;North Korea:D;Taiwan:M;India:F;Switzerland:R
0.7046043673116197,10,India:F;Pakistan:M;Pakistan:F;North Korea:F;North Korea:D;Israel:D;Switzerland:R;Belgium:F;Belgium:R;Taiwan:M,Belgium:F;North Korea:D;Taiwan:M;India:F;Switzerland:R
0.7053245857262082,10,India:F;Pakistan:M;Pakistan:F;North Korea:F;North Korea:D;Israel:D;Switzerland:R;Belgium:F;Belgium:R;Taiwan:M,Belgium:F;North Korea:D;Taiwan:M;India:F;Switzerland:R
0.7054156693320559,10,India:F;Pakistan:M;Pakistan:F;North Korea:F;North Korea:D;Israel:D;Switzerland:R;Belgium:F;Belgium:R;Taiwan:M,Belgium:F;North Korea:D;Taiwan:M;India:F;Switzerland:R
0.7060093725157967,10,India:F;Pakistan:M;Pakistan:F;North Korea:F;North Korea:D;Israel:D;Switzerland:R;Belgium:F;Belgium:R;Taiwan:M,Belgium:F;North Korea:D;Taiwan:M;India:F;Switzerland:R
0.7061295429913685,10,India:F;Pakistan:M;Pakistan:F;North Korea:F;North Korea:D;Israel:D;Switzerland:R;Belgium:F;Belgium:R;Taiwan:M,Belgium:F;North Korea:D;Taiwan:M;India:F;Switzerland:R
0.7063125582679556,10,India:F;Pakistan:M;Pakistan:F;North Korea:F;North Korea:D;Israel:D;Switzerland:R;Belgium:F;Belgium:R;Taiwan:M,Belgium:F;North Korea:D;Taiwan:M;India:F;Switzerland:R
0.7068074365719962,10,India:F;Pakistan:M;Pakistan:F;North Korea:F;North Korea:D;Israel:D;Switzerland:R;Belgium:F;Belgium:R;Taiwan:M,Belgium:F;North Korea:D;Taiwan:M;India:F;Switzerland:R
0.7073970045892447,10,India:F;Pakistan:M;Pakistan:F;North Korea:F;North Korea:D;Israel:D;Switzerland:R;Belgium:F;Belgium:R;Taiwan:M,Belgium:F;North Korea:D;Taiwan:M;India:F;Switzerland:R
0.7078730571878078,10,India:F;Pakistan:M;Pakistan:F;North Korea:F;North Korea:D;Israel:D;Switzerland:R;Belgium:F;Belgium:R;Taiwan:M,Belgium:F;North Korea:D;Taiwan:M;India:F;Switzerland:R
0.7084922984867595,10,India:F;Pakistan:M;Pakistan:F;North Korea:F;North Korea:D;Israel:D;Switzerland:R;Belgium:F;Belgium:R;Taiwan:M,Belgium:F;North Korea:D;Taiwan:M;India:F;Switzerland:R
0.7087964419463029,10,India:F;Pakistan:M;Pakistan:F;North Korea:F;North Korea:D;Israel:D;Switzerland:R;Belgium:F;Belgium:R;Taiwan:M,Belgium:F;North Korea:D;Taiwan:M;India:F;Switzerland:R
0.7089668196949087,10,India:F;Pakistan:M;Pakistan:F;North Korea:F;North Korea:D;Israel:D;Switzerland:R;Belgium:F;Belgium:R;Taiwan:M,Belgium:F;North Korea:D;Taiwan:M;India:F;Switzerland:R
0.7092833440670168,10,India:F;Pakistan:M;Pakistan:F;North Korea:F;North Korea:D;Israel:D;Switzerland:R;Belgium:F;Belgium:R;Taiwan:M,Belgium:F;North Korea:D;Taiwan:M;India:F;Switzerland:R
0.7094251866123016,10,India:F;Pakistan:M;Pakistan:F;North Korea:F;North Korea:D;Israel:D;Switzerland:R;Belgium:F;Belgium:R;Taiwan:M,Belgium:F;North Korea:D;Taiwan:M;India:F;Switzerland:R
0.7101379569258969,10,India:F;Pakistan:M;Pakistan:F;North Korea:F;North Korea:D;Israel:D;Switzerland:R;Belgium:F;Belgium:R;Taiwan:M,Belgium:F;North Korea:D;Taiwan:M;India:F;Switzerland:R
0.7107947706643054,10,India:F;Pakistan:M;Pakistan:F;North Korea:F;North Korea:D;Israel:D;Switzerland:R;Belgium:F;Belgium:R;Taiwan:M,Belgium:F;North Korea:D;Taiwan:M;India:F;Switzerland:R
0.7112077880953528,10,India:F;Pakistan:M;Pakistan:F;North Korea:F;North Korea:D;Israel:D;Switzerland:R;Belgium:F;Belgium:R;Taiwan:M,Belgium:F;North Korea:D;Taiwan:M;India:F;Switzerland:R
0.7113819812356289,10,India:F;Pakistan:M;Pakistan:F;North Korea:F;North Korea:D;Israel:D;Switzerland:R;Belgium:F;Belgium:R;Taiwan:M,Belgium:F;North Korea:D;Taiwan:M;India:F;Switzerland:R
0.7124108586949854,10,India:F;Pakistan:M;Pakistan:F;North Korea:F;North Korea:D;Israel:D;Switzerland:R;Belgium:F;Belgium:R;Taiwan:M,Belgium:F;North Korea:D;Taiwan:M;India:F;Switzerland:R
0.712517950158324,10,India:F;Pakistan:M;Pakistan:F;North Korea:F;North Korea:D;Israel:D;Switzerland:R;Belgium:F;Belgium:R;Taiwan:M,Belgium:F;North Korea:D;Taiwan:M;India:F;Switzerland:R
0.7136004785888496,10,India:F;Pakistan:M;Pakistan:F;North Korea:F;North Korea:D;Israel:D;Switzerland:R;Belgium:F;Belgium:R;Taiwan:M,Belgium:F;North Korea:D;Taiwan:M;India:F;Switzerland:R
0.713859491625043,10,India:F;Pakistan:M;Pakistan:F;North Korea:F;North Korea:D;Israel:D;Switzerland:R;Belgium:F;Belgium:R;Taiwan:M,Belgium:F;North Korea:D;Taiwan:M;India:F;Switzerland:R
0.7145306955883095,10,India:F;Pakistan:M;Pakistan:F;North Korea:F;North Korea:D;Israel:D;Switzerland:R;Belgium:F;Belgium:R;Taiwan:M,Belgium:F;North Korea:D;Taiwan:M;India:F;Switzerland:R
0.7148143944673839,10,India:F;Pakistan:M;Pakistan:F;North Korea:F;North Korea:D;Israel:D;Switzerland:R;Belgium:F;Belgium:R;Taiwan:M,Belgium:F;North Korea:D;Taiwan:M;India:F;Switzerland:R
0.7154136329424712,10,India:F;Pakistan:M;Pakistan:F;North Korea:F;North Korea:D;Israel:D;Switzerland:R;Belgium:F;Belgium:R;Taiwan:M,Belgium:F;North Korea:D;Taiwan:M;India:F;Switzerland:R
0.7154282619196567,10,India:F;Pakistan:M;Pakistan:F;North Korea:F;North Korea:D;Israel:D;Switzerland:R;Belgium:F;Belgium:R;Taiwan:M,Belgium:F;North Korea:D;Taiwan:M;India:F;Switzerland:R
0.7156470770181872,10,India:F;Pakistan:M;Pakistan:F;North Korea:F;North Korea:D;Israel:D;Switzerland:R;Belgium:F;Belgium:R;Taiwan:M,Belgium:F;North Korea:D;Taiwan:M;India:F;Switzerland:R
0.7159167397435106,10,India:F;Pakistan:M;Pakistan:F;North Korea:F;North Korea:D;Israel:D;Switzerland:R;Belgium:F;Belgium:R;Taiwan:M,Belgium:F;North Korea:D;Taiwan:M;India:F;Switzerland:R
0.7161502316436879,10,India:F;Pakistan:M;Pakistan:F;North Korea:F;North Korea:D;Israel:D;Switzerland:R;Belgium:F;Belgium:R;Taiwan:M,Belgium:F;North Korea:D;Taiwan:M;India:F;Switzerland:R
0.7162434044656621,10,India:F;Pakistan:M;Pakistan:F;North Korea:F;North Korea:D;Israel:D;Switzerland:R;Belgium:F;Belgium:R;Taiwan:M,Belgium:F;North Korea:D;Taiwan:M;India:F;Switzerland:R
0.717036354930391,10,India:F;Pakistan:M;Pakistan:F;North Korea:F;North Korea:D;Israel:D;Switzerland:R;Belgium:F;Belgium:R;Taiwan:M,Belgium:F;North Korea:D;Taiwan:M;India:F;Switzerland:R
0.7172850762990512,10,India:F;Pakistan:M;Pakistan:F;North Korea:F;North Korea:D;Israel:D;Switzerland:R;Belgium:F;Belgium:R;Taiwan:M,Belgium:F;North Korea:D;Taiwan:M;India:F;Switzerland:R
0.7193889004446553,10,India:F;Pakistan:M;Pakistan:F;North Korea:F;North Korea:D;Israel:D;Switzerland:R;Belgium:F;Belgium:R;Taiwan:M,Belgium:F;North Korea:D;Taiwan:M;India:F;Switzerland:R
0.7198234721780642,10,India:F;Pakistan:M;Pakistan:F;North Korea:F;North Korea:D;Israel:D;Switzerland:R;Belgium:F;Belgium:R;Taiwan:M,Belgium:F;North Korea:D;Taiwan:M;India:F;Switzerland:R
0.7198824869510411,10,India:F;Pakistan:M;Pakistan:F;North Korea:F;North Korea:D;Israel:D;Switzerland:R;Belgium:F;Belgium:R;Taiwan:M,Belgium:F;North Korea:D;Taiwan:M;India:F;Switzerland:R
0.7200825736146418,10,India:F;Pakistan:M;Pakistan:F;North Korea:F;North Korea:D;Israel:D;Switzerland:R;Belgium:F;Belgium:R;Taiwan:M,Belgium:F;North Korea:D;Taiwan:M;India:F;Switzerland:R
0.7205561558447032,10,India:F;Pakistan:M;Pakistan:F;North Korea:F;North Korea:D;Israel:D;Switzerland:R;Belgium:F;Belgium:R;Taiwan:M,Belgium:F;North Korea:D;Taiwan:M;India:F;Switzerland:R
0.7220728868552931,10,India:F;Pakistan:M;Pakistan:F;North Korea:F;North Korea:D;Israel:D;Switzerland:R;Belgium:F;Belgium:R;Taiwan:M,Belgium:F;North Korea:D;Taiwan:M;India:F;Switzerland:R
0.722781186098699,10,India:F;Pakistan:M;Pakistan:F;North Korea:F;North Korea:D;Israel:D;Switzerland:R;Belgium:F;Belgium:R;Taiwan:M,Belgium:F;North Korea:D;Taiwan:M;India:F;Switzerland:R
0.7235233963536555,10,India:F;Pakistan:M;Pakistan:F;North Korea:F;North Korea:D;Israel:D;Switzerland:R;Belgium:F;Belgium:R;Taiwan:M,Belgium:F;North Korea:D;Taiwan:M;Switzerland:R;India:F
0.7236253420529575,10,India:F;Pakistan:M;Pakistan:F;North Korea:F;North Korea:D;Israel:D;Switzerland:R;Belgium:F;Belgium:R;Taiwan:M,Belgium:F;North Korea:D;Taiwan:M;Switzerland:R;India:F
0.7253347187282768,10,India:F;Pakistan:M;Pakistan:F;North Korea:F;North Korea:D;Israel:D;Switzerland:R;Belgium:F;Belgium:R;Taiwan:M,Belgium:F;North Korea:D;Taiwan:M;Switzerland:R;India:F
0.7257425790263797,10,India:F;Pakistan:M;Pakistan:F;North Korea:F;North Korea:D;Israel:D;Switzerland:R;Belgium:F;Belgium:R;Taiwan:M,Belgium:F;North Korea:D;Taiwan:M;Switzerland:R;India:F
0.7258394327970763,10,India:F;Pakistan:M;Pakistan:F;North Korea:F;North Korea:D;Israel:D;Switzerland:R;Belgium:F;Belgium:R;Taiwan:M,Belgium:F;North Korea:D;Taiwan:M;Switzerland:R;India:F
0.7258613762879564,10,India:F;Pakistan:M;Pakistan:F;North Korea:F;North Korea:D;Israel:D;Switzerland:R;Belgium:F;Belgium:R;Taiwan:M,Belgium:F;North Korea:D;Taiwan:M;Switzerland:R;India:F
0.7270079994952704,10,India:F;Pakistan:M;Pakistan:F;North Korea:F;North Korea:D;Israel:D;Switzerland:R;Belgium:F;Belgium:R;Taiwan:M,Belgium:F;North Korea:D;Taiwan:M;Switzerland:R;India:F
0.7270188672876565,10,India:F;Pakistan:M;Pakistan:F;North Korea:F;North Korea:D;Israel:D;Switzerland:R;Belgium:F;Belgium:R;Taiwan:M,Belgium:F;North Korea:D;Taiwan:M;Switzerland:R;India:F
0.7270864799269805,10,India:F;Pakistan:M;Pakistan:F;North Korea:F;North Korea:D;Israel:D;Switzerland:R;Belgium:F;Belgium:R;Taiwan:M,Belgium:F;North Korea:D;Taiwan:M;Switzerland:R;India:F
0.7274695103013153,10,India:F;Pakistan:M;Pakistan:F;North Korea:F;North Korea:D;Israel:D;Switzerland:R;Belgium:F;Belgium:R;Taiwan:M,Belgium:F;North Korea:D;Taiwan:M;Switzerland:R;India:F
0.7278107501488913,10,India:F;Pakistan:M;Pakistan:F;North Korea:F;North Korea:D;Israel:D;Switzerland:R;Belgium:F;Belgium:R;Taiwan:M,Belgium:F;North Korea:D;Taiwan:M;Switzerland:R;India:F
0.7288565978465896,10,India:F;Pakistan:M;Pakistan:F;North Korea:F;North Korea:D;Israel:D;Switzerland:R;Belgium:F;Belgium:R;Taiwan:M,Belgium:F;North Korea:D;Taiwan:M;Switzerland:R;India:F
0.7291405790984627,10,India:F;Pakistan:M;Pakistan:F;North Korea:F;North Korea:D;Israel:D;Switzerland:R;Belgium:F;Belgium:R;Taiwan:M,Belgium:F;North Korea:D;Taiwan:M;Switzerland:R;India:F
0.7310776442631983,10,India:F;Pakistan:M;Pakistan:F;North Korea:F;North Korea:D;Israel:D;Switzerland:R;Belgium:F;Belgium:R;Taiwan:M,Belgium:F;North Korea:D;Taiwan:M;Switzerland:R;India:F
0.7310796284163472,10,India:F;Pakistan:M;Pakistan:F;North Korea:F;North Korea:D;Israel:D;Switzerland:R;Belgium:F;Belgium:R;Taiwan:M,Belgium:F;North Korea:D;Taiwan:M;Switzerland:R;India:F
0.7319647538094948,10,India:F;Pakistan:M;Pakistan:F;North Korea:F;North Korea:D;Israel:D;Switzerland:R;Belgium:F;Belgium:R;Taiwan:M,Belgium:F;North Korea:D;Taiwan:M;Switzerland:R;India:F
0.7321209011610843,10,India:F;Pakistan:M;Pakistan:F;North Korea:F;North Korea:D;Israel:D;Switzerland:R;Belgium:F;Belgium:R;Taiwan:M,Belgium:F;North Korea:D;Taiwan:M;Switzerland:R;India:F
0.7324600691124954,10,India:F;Pakistan:M;Pakistan:F;North Korea:F;North Korea:D;Israel:D;Switzerland:R;Belgium:F;Belgium:R;Taiwan:M,Belgium:F;North Korea:D;Taiwan:M;Switzerland:R;India:F
0.7326892185913882,10,India:F;Pakistan:M;Pakistan:F;North Korea:F;North Korea:D;Israel:D;Switzerland:R;Belgium:F;Belgium:R;Taiwan:M,Belgium:F;North Korea:D;Taiwan:M;Switzerland:R;India:F
0.7335436690088831,10,India:F;Pakistan:M;Pakistan:F;North Korea:F;North Korea:D;Israel:D;Switzerland:R;Belgium:F;Belgium:R;Taiwan:M,Belgium:F;North Korea:D;Taiwan:M;Switzerland:R;India:F
0.7342326920844394,10,India:F;Pakistan:M;Pakistan:F;North Korea:F;North Korea:D;Israel:D;Switzerland:R;Belgium:F;Belgium:R;Taiwan:M,Belgium:F;North Korea:D;Taiwan:M;Switzerland:R;India:F
0.7345126893270987,10,India:F;Pakistan:M;Pakistan:F;North Korea:F;North Korea:D;Israel:D;Switzerland:R;Belgium:F;Belgium:R;Taiwan:M,Belgium:F;North Korea:D;Taiwan:M;Switzerland:R;India:F
0.7379793141838616,10,India:F;Pakistan:M;Pakistan:F;North Korea:F;North Korea:D;Israel:D;Switzerland:R;Belgium:F;Belgium:R;Taiwan:M,Belgium:F;North Korea:D;Taiwan:M;Switzerland:R;India:F
0.7390841891727696,11,India:F;Pakistan:M;Pakistan:F;North Korea:F;North Korea:D;Israel:D;Switzerland:R;Belgium:F;Belgium:T;Belgium:R;Taiwan:M,Belgium:F;North Korea:D;Taiwan:M;Switzerland:R;India:F
0.7395508096773393,11,India:F;Pakistan:M;Pakistan:F;North Korea:F;North Korea:D;Israel:D;Switzerland:R;Belgium:F;Belgium:T;Belgium:R;Taiwan:M,Belgium:F;North Korea:D;Taiwan:M;Switzerland:R;India:F
0.7404247461346964,11,India:F;Pakistan:M;Pakistan:F;North Korea:F;North Korea:D;Israel:D;Switzerland:R;Belgium:F;Belgium:T;Belgium:R;Taiwan:M,Belgium:F;North Korea:D;Taiwan:M;Switzerland:R;India:F
0.7410988645771927,11,India:F;Pakistan:M;Pakistan:F;North Korea:F;North Korea:D;Israel:D;Switzerland:R;Belgium:F;Belgium:T;Belgium:R;Taiwan:M,Belgium:F;North Korea:D;Taiwan:M;Switzerland:R;India:F
0.7415490237396349,11,India:F;Pakistan:M;Pakistan:F;North Korea:F;North Korea:D;Israel:D;Switzerland:R;Belgium:F;Belgium:T;Belgium:R;Taiwan:M,Belgium:F;North Korea:D;Taiwan:M;Switzerland:R;India:F
0.7425656962874919,11,India:F;Pakistan:M;Pakistan:F;North Korea:F;North Korea:D;Israel:D;Switzerland:R;Belgium:F;Belgium:T;Belgium:R;Taiwan:M,Belgium:F;North Korea:D;Taiwan:M;Switzerland:R;India:F
0.7426632053269956,11,India:F;Pakistan:M;Pakistan:F;North Korea:F;North Korea:D;Israel:D;Switzerland:R;Belgium:F;Belgium:T;Belgium:R;Taiwan:M,Belgium:F;North Korea:D;Taiwan:M;Switzerland:R;India:F
0.743323836552201,11,India:F;Pakistan:M;Pakistan:F;North Korea:F;North Korea:D;Israel:D;Switzerland:R;Belgium:F;Belgium:T;Belgium:R;Taiwan:M,Belgium:F;North Korea:D;Taiwan:M;Switzerland:R;India:F
0.7438954001125807,11,India:F;Pakistan:M;Pakistan:F;North Korea:F;North Korea:D;Israel:D;Switzerland:R;Belgium:F;Belgium:T;Belgium:R;Taiwan:M,Belgium:F;North Korea:D;Taiwan:M;Switzerland:R;India:F
0.744370842667572,11,India:F;Pakistan:M;Pakistan:F;North Korea:F;North Korea:D;Israel:D;Switzerland:R;Belgium:F;Belgium:T;Belgium:R;Taiwan:M,Belgium:F;North Korea:D;Taiwan:M;Switzerland:R;India:F
0.7450400576123861,11,India:F;Pakistan:M;Pakistan:F;North Korea:F;North Korea:D;Israel:D;Switzerland:R;Belgium:F;Belgium:T;Belgium:R;Taiwan:M,Belgium:F;North Korea:D;Taiwan:M;Switzerland:R;India:F
0.7461598201349594,11,India:F;Pakistan:M;Pakistan:F;North Korea:F;North Korea:D;Israel:D;Switzerland:R;Belgium:F;Belgium:T;Belgium:R;Taiwan:M,Belgium:F;North Korea:D;Taiwan:M;Switzerland:R;India:F
0.746805204365226,11,India:F;Pakistan:M;Pakistan:F;North Korea:F;North Korea:D;Israel:D;Switzerland:R;Belgium:F;Belgium:T;Belgium:R;Taiwan:M,Belgium:F;North Korea:D;Taiwan:M;Switzerland:R;India:F
0.7468578617718504,11,India:F;Pakistan:M;Pakistan:F;North Korea:F;North Korea:D;Israel:D;Switzerland:R;Belgium:F;Belgium:T;Belgium:R;Taiwan:M,Belgium:F;North Korea:D;Taiwan:M;Switzerland:R;India:F
0.747711495951705,11,India:F;Pakistan:M;Pakistan:F;North Korea:F;North Korea:D;Israel:D;Switzerland:R;Belgium:F;Belgium:T;Belgium:R;Taiwan:M,Belgium:F;North Korea:D;Taiwan:M;Switzerland:R;India:F
0.7477752381888215,11,India:F;Pakistan:M;Pakistan:F;North Korea:F;North Korea:D;Israel:D;Switzerland:R;Belgium:F;Belgium:T;Belgium:R;Taiwan:M,Belgium:F;North Korea:D;Taiwan:M;Switzerland:R;India:F
0.7485055027448441,11,India:F;Pakistan:M;Pakistan:F;North Korea:F;North Korea:D;Israel:D;Switzerland:R;Belgium:F;Belgium:T;Belgium:R;Taiwan:M,Belgium:F;North Korea:D;Taiwan:M;Switzerland:R;India:F
0.7517445391943798,11,India:F;Pakistan:M;Pakistan:F;North Korea:F;North Korea:D;Israel:D;Switzerland:R;Belgium:F;Belgium:T;Belgium:R;Taiwan:M,Belgium:F;North Korea:D;Taiwan:M;Switzerland:R;India:F
0.7517980118615483,11,India:F;Pakistan:M;Pakistan:F;North Korea:F;North Korea:D;Israel:D;Switzerland:R;Belgium:F;Belgium:T;Belgium:R;Taiwan:M,Belgium:F;North Korea:D;Taiwan:M;Switzerland:R;India:F
0.7519660138112884,11,India:F;Pakistan:M;Pakistan:F;North Korea:F;North Korea:D;Israel:D;Switzerland:R;Belgium:F;Belgium:T;Belgium:R;Taiwan:M,Belgium:F;North Korea:D;Taiwan:M;Switzerland:R;India:F
0.7526946256191345,11,India:F;Pakistan:M;Pakistan:F;North Korea:F;North Korea:D;Israel:D;Switzerland:R;Belgium:F;Belgium:T;Belgium:R;Taiwan:M,Belgium:F;North Korea:D;Taiwan:M;Switzerland:R;India:F
0.7537901866957537,11,India:F;Pakistan:M;Pakistan:F;North Korea:F;North Korea:D;Israel:D;Switzerland:R;Belgium:F;Belgium:T;Belgium:R;Taiwan:M,Belgium:F;North Korea:D;Taiwan:M;Switzerland:R;India:F
0.7543343086045758,11,India:F;Pakistan:M;Pakistan:F;North Korea:F;North Korea:D;Israel:D;Switzerland:R;Belgium:F;Belgium:T;Belgium:R;Taiwan:M,Belgium:F;North Korea:D;Taiwan:M;Switzerland:R;India:F
0.7545915968334496,11,India:F;Pakistan:M;Pakistan:F;North Korea:F;North Korea:D;Israel:D;Switzerland:R;Belgium:F;Belgium:T;Belgium:R;Taiwan:M,Belgium:F;North Korea:D;Taiwan:M;Switzerland:R;India:F
0.7549957734190053,11,India:F;Pakistan:M;Pakistan:E;Pakistan:F;North Korea:D;Israel:D;Switzerland:R;Belgium:F;Belgium:T;Belgium:R;Taiwan:M,Belgium:F;North Korea:D;Taiwan:M;Switzerland:R;India:F
0.7554975678087996,11,India:F;Pakistan:M;Pakistan:E;Pakistan:F;North Korea:D;Israel:D;Switzerland:R;Belgium:F;Belgium:T;Belgium:R;Taiwan:M,Belgium:F;North Korea:D;Taiwan:M;Switzerland:R;India:F
0.7562233370587685,11,India:F;Pakistan:M;Pakistan:E;Pakistan:F;North Korea:D;Israel:D;Switzerland:R;Belgium:F;Belgium:T;Belgium:R;Taiwan:M,Belgium:F;North Korea:D;Taiwan:M;Switzerland:R;India:F
0.7581796251291567,11,India:F;Pakistan:M;Pakistan:E;Pakistan:F;North Korea:D;Israel:D;Switzerland:R;Belgium:F;Belgium:T;Belgium:R;Taiwan:M,Belgium:F;North Korea:D;Taiwan:M;Switzerland:R;India:F
0.7595838870062143,11,India:F;Pakistan:M;Pakistan:E;Pakistan:F;North Korea:D;Israel:D;Switzerland:R;Belgium:F;Belgium:T;Belgium:R;Taiwan:M,Belgium:F;North Korea:D;Taiwan:M;Switzerland:R;India:F
0.7598676617373245,11,India:F;Pakistan:M;Pakistan:E;Pakistan:F;North Korea:D;Israel:D;Switzerland:R;Belgium:F;Belgium:T;Belgium:R;Taiwan:M,Belgium:F;North Korea:D;Taiwan:M;Switzerland:R;India:F
0.7603086359108986,11,India:F;Pakistan:M;Pakistan:E;Pakistan:F;North Korea:D;Israel:D;Switzerland:R;Belgium:F;Belgium:T;Belgium:R;Taiwan:M,Belgium:F;North Korea:D;Taiwan:M;Switzerland:R;India:F
0.7612022415928518,11,India:F;Pakistan:M;Pakistan:E;Pakistan:F;North Korea:D;Israel:D;Switzerland:R;Belgium:F;Belgium:T;Belgium:R;Taiwan:M,Belgium:F;North Korea:D;Taiwan:M;Switzerland:R;India:F
0.7614690421799125,11,India:F;Pakistan:M;Pakistan:E;Pakistan:F;North Korea:D;Israel:D;Switzerland:R;Belgium:F;Belgium:T;Belgium:R;Taiwan:M,Belgium:F;North Korea:D;Taiwan:M;Switzerland:R;India:F
0.761572422062203,11,India:F;Pakistan:M;Pakistan:E;Pakistan:F;North Korea:D;Israel:D;Switzerland:R;Belgium:F;Belgium:T;Belgium:R;Taiwan:M,Belgium:F;North Korea:D;Taiwan:M;Switzerland:R;India:F
0.7632542852083147,11,India:F;Pakistan:M;Pakistan:E;Pakistan:F;North Korea:D;Israel:D;Switzerland:R;Belgium:F;Belgium:T;Belgium:R;Taiwan:M,Belgium:F;North Korea:D;Taiwan:M;Switzerland:R;India:F
0.7633237471696422,11,India:F;Pakistan:M;Pakistan:E;Pakistan:F;North Korea:D;Israel:D;Switzerland:R;Belgium:F;Belgium:T;Belgium:R;Taiwan:M,Belgium:F;North Korea:D;Taiwan:M;Switzerland:R;India:F
0.7650494991899135,11,India:F;Pakistan:M;Pakistan:E;Pakistan:F;North Korea:D;Israel:D;Switzerland:R;Belgium:F;Belgium:T;Belgium:R;Taiwan:M,Belgium:F;North Korea:D;Taiwan:M;Switzerland:R;India:F
0.7652029828565396,11,India:F;Pakistan:M;Pakistan:E;Pakistan:F;North Korea:D;Israel:D;Switzerland:R;Belgium:F;Belgium:T;Belgium:R;Taiwan:M,Belgium:F;North Korea:D;Taiwan:M;Switzerland:R;India:F
0.7652681930652155,11,India:F;Pakistan:M;Pakistan:E;Pakistan:F;North Korea:D;Israel:D;Switzerland:R;Belgium:F;Belgium:T;Belgium:R;Taiwan:M,Belgium:F;North Korea:D;Taiwan:M;Switzerland:R;India:F
0.7661468664022598,11,India:F;Pakistan:M;Pakistan:E;Pakistan:F;North Korea:D;Israel:D;Switzerland:R;Belgium:F;Belgium:T;Belgium:R;Taiwan:M,Belgium:F;North Korea:D;Taiwan:M;Switzerland:R;India:F
0.7675991540930008,11,India:F;Pakistan:M;Pakistan:E;Pakistan:F;North Korea:D;Israel:D;Switzerland:R;Belgium:F;Belgium:T;Belgium:R;Taiwan:M,Belgium:F;North Korea:D;Taiwan:M;Switzerland:R;India:F
0.7677185815679315,11,India:F;Pakistan:M;Pakistan:E;Pakistan:F;North Korea:D;Israel:D;Switzerland:R;Belgium:F;Belgium:T;Belgium:R;Taiwan:M,Belgium:F;North Korea:D;Taiwan:M;Switzerland:R;India:F
0.768187960500252,11,India:F;Pakistan:M;Pakistan:E;Pakistan:F;North Korea:D;Israel:D;Switzerland:R;Belgium:F;Belgium:T;Belgium:R;Taiwan:M,Belgium:F;North Korea:D;Taiwan:M;Switzerland:R;India:F
0.7685491265571083,11,India:F;Pakistan:M;Pakistan:E;Pakistan:F;North Korea:D;Israel:D;Switzerland:R;Belgium:F;Belgium:T;Belgium:R;Taiwan:M,Belgium:F;North Korea:D;Taiwan:M;Switzerland:R;India:F
0.7688516608762104,11,India:F;Pakistan:M;Pakistan:E;Pakistan:F;North Korea:D;Israel:D;Switzerland:R;Belgium:F;Belgium:T;Belgium:R;Taiwan:M,Belgium:F;North Korea:D;Taiwan:M;Switzerland:R;India:F
0.7688599886289025,11,India:F;Pakistan:M;Pakistan:E;Pakistan:F;North Korea:D;Israel:D;Switzerland:R;Belgium:F;Belgium:T;Belgium:R;Taiwan:M,Belgium:F;North Korea:D;Taiwan:M;Switzerland:R;India:F
0.769423825154025,11,India:F;Pakistan:M;Pakistan:E;Pakistan:F;North Korea:D;Israel:D;Switzerland:R;Belgium:F;Belgium:T;Belgium:R;Taiwan:M,Belgium:F;North Korea:D;Taiwan:M;Switzerland:R;India:F
0.7694843213192573,11,India:F;Pakistan:M;Pakistan:E;Pakistan:F;North Korea:D;Israel:D;Switzerland:R;Belgium:F;Belgium:T;Belgium:R;Taiwan:M,Belgium:F;North Korea:D;Taiwan:M;Switzerland:R;India:F
0.7717305067037912,11,India:F;Pakistan:M;Pakistan:E;Pakistan:F;North Korea:D;Israel:D;Switzerland:R;Belgium:F;Belgium:T;Belgium:R;Taiwan:M,Belgium:F;North Korea:D;Taiwan:M;Switzerland:R;India:F
0.7726565113530056,11,India:F;Pakistan:M;Pakistan:E;Pakistan:F;North Korea:D;Israel:D;Switzerland:R;Belgium:F;Belgium:T;Belgium:R;Taiwan:M,Belgium:F;North Korea:D;Taiwan:M;Switzerland:R;India:F
0.7735226539029502,11,India:F;Pakistan:M;Pakistan:E;Pakistan:F;North Korea:D;Israel:D;Switzerland:R;Belgium:F;Belgium:T;Belgium:R;Taiwan:M,Belgium:F;North Korea:D;Taiwan:M;Switzerland:R;India:F
0.7736322042272837,11,India:F;Pakistan:M;Pakistan:E;Pakistan:F;North Korea:D;Israel:D;Switzerland:R;Belgium:F;Belgium:T;Belgium:R;Taiwan:M,Belgium:F;North Korea:D;Taiwan:M;Switzerland:R;India:F
0.7739647515671845,11,India:F;Pakistan:M;Pakistan:E;Pakistan:F;North Korea:D;Israel:D;Switzerland:R;Belgium:F;Belgium:T;Belgium:R;Taiwan:M,Belgium:F;North Korea:D;Taiwan:M;Switzerland:R;India:F
0.7743093870329512,11,India:F;Pakistan:M;Pakistan:E;Pakistan:F;North Korea:D;Israel:D;Switzerland:R;Belgium:F;Belgium:T;Belgium:R;Taiwan:M,Belgium:F;North Korea:D;Taiwan:M;Switzerland:R;India:F
0.7743463446256812,11,India:F;Pakistan:M;Pakistan:E;Pakistan:F;North Korea:D;Israel:D;Switzerland:R;Belgium:F;Belgium:T;Belgium:R;Taiwan:M,Belgium:F;North Korea:D;Taiwan:M;Switzerland:R;India:F
0.7747110787628994,11,India:F;Pakistan:M;Pakistan:E;Pakistan:F;North Korea:D;Israel:D;Switzerland:R;Belgium:F;Belgium:T;Belgium:R;Taiwan:M,Belgium:F;North Korea:D;Taiwan:M;Switzerland:R;India:F
0.7751202502498998,11,India:F;Pakistan:M;Pakistan:E;Pakistan:F;North Korea:D;Israel:D;Switzerland:R;Belgium:F;Belgium:T;Belgium:R;Taiwan:M,Belgium:F;North Korea:D;Taiwan:M;Switzerland:R;India:F
0.7751219561793732,11,India:F;Pakistan:M;Pakistan:E;Pakistan:F;North Korea:D;Israel:D;Switzerland:R;Belgium:F;Belgium:T;Belgium:R;Taiwan:M,Belgium:F;North Korea:D;Taiwan:M;Switzerland:R;India:F
0.7753064852463207,11,India:F;Pakistan:M;Pakistan:E;Pakistan:F;North Korea:D;Israel:D;Switzerland:R;Belgium:F;Belgium:T;Belgium:R;Taiwan:M,Belgium:F;North Korea:D;Taiwan:M;Switzerland:R;India:F
0.775688875348026,11,India:F;Pakistan:M;Pakistan:E;Pakistan:F;North Korea:D;Israel:D;Switzerland:R;Belgium:F;Belgium:T;Belgium:R;Taiwan:M,Belgium:F;North Korea:D;Taiwan:M;Switzerland:R;India:F
0.7760159219246249,11,India:F;Pakistan:M;Pakistan:E;Pakistan:F;North Korea:D;Israel:D;Switzerland:R;Belgium:F;Belgium:T;Belgium:R;Taiwan:M,Belgium:F;North Korea:D;Taiwan:M;Switzerland:R;India:F
0.7779054651513652,11,India:F;Pakistan:M;Pakistan:E;Pakistan:F;North Korea:D;Israel:D;Switzerland:R;Belgium:F;Belgium:T;Belgium:R;Taiwan:M,Belgium:F;North Korea:D;Taiwan:M;Switzerland:R;India:F
0.7779951420880095,11,India:F;Pakistan:M;Pakistan:E;Pakistan:F;North Korea:D;Israel:D;Switzerland:R;Belgium:F;Belgium:T;Belgium:R;Taiwan:M,Belgium:F;North Korea:D;Taiwan:M;Switzerland:R;India:F
0.7784573422765871,11,India:F;Pakistan:M;Pakistan:E;Pakistan:F;North Korea:D;Israel:D;Switzerland:R;Belgium:F;Belgium:T;Belgium:R;Taiwan:M,Belgium:F;North Korea:D;Taiwan:M;Switzerland:R;India:F
0.7793156608230515,11,India:F;Pakistan:M;Pakistan:E;Pakistan:F;North Korea:D;Israel:D;Switzerland:R;Belgium:F;Belgium:T;Belgium:R;Taiwan:M,Belgium:F;North Korea:D;Taiwan:M;Switzerland:R;India:F
0.7801067450302359,11,India:F;Pakistan:M;Pakistan:E;Pakistan:F;North Korea:D;Israel:D;Switzerland:R;Belgium:F;Belgium:T;Belgium:R;Taiwan:M,Belgium:F;North Korea:D;Taiwan:M;Switzerland:R;India:F
0.7806042673942609,11,India:F;Pakistan:M;Pakistan:E;Pakistan:F;North Korea:D;Israel:D;Switzerland:R;Belgium:F;Belgium:T;Belgium:R;Taiwan:M,Belgium:F;North Korea:D;Taiwan:M;Switzerland:R;India:F
0.780814118017098,11,India:F;Pakistan:M;Pakistan:E;Pakistan:F;North Korea:D;Israel:D;Switzerland:R;Belgium:F;Belgium:T;Belgium:R;Taiwan:M,Belgium:F;North Korea:D;Taiwan:M;Switzerland:R;India:F
0.7820538121800994,11,India:F;Pakistan:M;Pakistan:E;Pakistan:F;North Korea:D;Israel:D;Switzerland:R;Belgium:F;Belgium:T;Belgium:R;Taiwan:M,Belgium:F;North Korea:D;Taiwan:M;Switzerland:R;India:F
0.7821828667681494,11,India:F;Pakistan:M;Pakistan:E;Pakistan:F;North Korea:D;Israel:D;Switzerland:R;Belgium:F;Belgium:T;Belgium:R;Taiwan:M,Belgium:F;North Korea:D;Taiwan:M;Switzerland:R;India:F
0.7822261961388917,11,India:F;Pakistan:M;Pakistan:E;Pakistan:F;North Korea:D;Israel:D;Switzerland:R;Belgium:F;Belgium:T;Belgium:R;Taiwan:M,Belgium:F;North Korea:D;Taiwan:M;Switzerland:R;India:F
0.7833665154996663,11,India:F;Pakistan:M;Pakistan:E;Pakistan:F;North Korea:D;Israel:D;Switzerland:R;Belgium:F;Belgium:T;Belgium:R;Taiwan:M,Belgium:F;North Korea:D;Taiwan:M;Switzerland:R;India:F
0.7834876212778925,12,India:F;Pakistan:M;Pakistan:E;Pakistan:F;Pakistan:S;North Korea:D;Israel:D;Switzerland:R;Belgium:F;Belgium:T;Belgium:R;Taiwan:M,Belgium:F;North Korea:D;Taiwan:M;Switzerland:R;India:F
0.7837998631011923,12,India:F;Pakistan:M;Pakistan:E;Pakistan:F;Pakistan:S;North Korea:D;Israel:D;Switzerland:R;Belgium:F;Belgium:T;Belgium:R;Taiwan:M,Belgium:F;North Korea:D;Taiwan:M;Switzerland:R;India:F
0.7842873100603779,12,India:F;Pakistan:M;Pakistan:E;Pakistan:F;Pakistan:S;North Korea:D;Israel:D;Switzerland:R;Belgium:F;Belgium:T;Belgium:R;Taiwan:M,Belgium:F;North Korea:D;Taiwan:M;Switzerland:R;India:F
0.7846091069582878,12,India:F;Pakistan:M;Pakistan:E;Pakistan:F;Pakistan:S;North Korea:D;Israel:D;Switzerland:R;Belgium:F;Belgium:T;Belgium:R;Taiwan:M,Belgium:F;North Korea:D;Taiwan:M;Switzerland:R;India:F
0.7849511962188359,12,India:F;Pakistan:M;Pakistan:E;Pakistan:F;Pakistan:S;North Korea:D;Israel:D;Switzerland:R;Belgium:F;Belgium:T;Belgium:R;Taiwan:M,Belgium:F;North Korea:D;Taiwan:M;Switzerland:R;India:F
0.785691499946091,12,India:F;Pakistan:M;Pakistan:E;Pakistan:F;Pakistan:S;North Korea:D;Israel:D;Switzerland:R;Belgium:F;Belgium:T;Belgium:R;Taiwan:M,Belgium:F;North Korea:D;Taiwan:M;Switzerland:R;India:F
0.7862806771028605,12,India:F;Pakistan:M;Pakistan:E;Pakistan:F;Pakistan:S;North Korea:D;Israel:D;Switzerland:R;Belgium:F;Belgium:T;Belgium:R;Taiwan:M,Belgium:F;North Korea:D;Taiwan:M;Switzerland:R;India:F
0.7876313982874895,12,India:F;Pakistan:M;Pakistan:E;Pakistan:F;Pakistan:S;North Korea:D;Israel:D;Switzerland:R;Belgium:F;Belgium:T;Belgium:R;Taiwan:M,Belgium:F;North Korea:D;Taiwan:M;Switzerland:R;India:F
0.7880926045189075,12,India:F;Pakistan:M;Pakistan:E;Pakistan:F;Pakistan:S;North Korea:D;Israel:D;Switzerland:R;Belgium:F;Belgium:T;Belgium:R;Taiwan:M,Belgium:F;North Korea:D;Taiwan:M;Switzerland:R;India:F
0.7889867681613546,12,India:F;Pakistan:M;Pakistan:E;Pakistan:F;Pakistan:S;North Korea:D;Israel:D;Switzerland:R;Belgium:F;Belgium:T;Belgium:R;Taiwan:M,Belgium:F;North Korea:D;Taiwan:M;Switzerland:R;India:F
0.7896321162842158,12,India:F;Pakistan:M;Pakistan:E;Pakistan:F;Pakistan:S;North Korea:D;Israel:D;Switzerland:R;Belgium:F;Belgium:T;Belgium:R;Taiwan:M,Belgium:F;North Korea:D;Taiwan:M;Switzerland:R;India:F
0.7899175800952855,12,India:F;Pakistan:M;Pakistan:E;Pakistan:F;Pakistan:S;North Korea:D;Israel:D;Switzerland:R;Belgium:F;Belgium:T;Belgium:R;Taiwan:M,Belgium:F;North Korea:D;Taiwan:M;Switzerland:R;India:F
0.7909956242705766,12,India:F;Pakistan:M;Pakistan:E;Pakistan:F;Pakistan:S;North Korea:D;Israel:D;Switzerland:R;Belgium:F;Belgium:T;Belgium:R;Taiwan:M,Belgium:F;North Korea:D;Taiwan:M;Switzerland:R;India:F
0.7910668866657343,12,India:F;Pakistan:M;Pakistan:E;Pakistan:F;Pakistan:S;North Korea:D;Israel:D;Switzerland:R;Belgium:F;Belgium:T;Belgium:R;Taiwan:M,Belgium:F;North Korea:D;Taiwan:M;Switzerland:R;India:F
0.7913085068847311,12,India:F;Pakistan:M;Pakistan:E;Pakistan:F;Pakistan:S;North Korea:D;Israel:D;Switzerland:R;Belgium:F;Belgium:T;Belgium:R;Taiwan:M,Belgium:F;North Korea:D;Taiwan:M;Switzerland:R;India:F
0.7915684875114193,12,India:F;Pakistan:M;Pakistan:E;Pakistan:F;Pakistan:S;North Korea:D;Israel:D;Switzerland:R;Belgium:F;Belgium:T;Belgium:R;Taiwan:M,Belgium:F;North Korea:D;Taiwan:M;Switzerland:R;India:F
0.7919136816619865,12,India:F;Pakistan:M;Pakistan:E;Pakistan:F;Pakistan:S;North Korea:D;Israel:D;Switzerland:R;Belgium:F;Belgium:T;Belgium:R;Taiwan:M,Belgium:F;North Korea:D;Taiwan:M;Switzerland:R;India:F
0.7937126883847496,12,India:F;Pakistan:M;Pakistan:E;Pakistan:F;Pakistan:S;North Korea:D;Israel:D;Switzerland:R;Belgium:F;Belgium:T;Belgium:R;Taiwan:M,Belgium:F;North Korea:D;Taiwan:M;Switzerland:R;India:F
0.7937487702130919,12,India:F;Pakistan:M;Pakistan:E;Pakistan:F;Pakistan:S;North Korea:D;Israel:D;Switzerland:R;Belgium:F;Belgium:T;Belgium:R;Taiwan:M,Belgium:F;North Korea:D;Taiwan:M;Switzerland:R;India:F
0.7954656471964333,12,India:F;Pakistan:M;Pakistan:E;Pakistan:F;Pakistan:S;North Korea:D;Israel:D;Switzerland:R;Belgium:F;Belgium:T;Belgium:R;Taiwan:M,Belgium:F;North Korea:D;Taiwan:M;Switzerland:R;India:F
0.7955888761309285,12,India:F;Pakistan:M;Pakistan:E;Pakistan:F;Pakistan:S;North Korea:D;Israel:D;Switzerland:R;Belgium:F;Belgium:T;Belgium:R;Taiwan:M,Belgium:F;North Korea:D;Taiwan:M;Switzerland:R;India:F
0.7976556343787986,12,India:F;Pakistan:M;Pakistan:E;Pakistan:F;Pakistan:S;North Korea:D;Israel:D;Switzerland:R;Belgium:F;Belgium:T;Belgium:R;Taiwan:M,Belgium:F;North Korea:D;Taiwan:M;Switzerland:R;India:F
0.7982925966484201,12,India:F;Pakistan:M;Pakistan:E;Pakistan:F;Pakistan:S;North Korea:D;Israel:D;Switzerland:R;Belgium:F;Belgium:T;Belgium:R;Taiwan:M,Belgium:F;North Korea:D;Taiwan:M;Switzerland:R;India:F
0.7996796910485452,12,India:F;Pakistan:M;Pakistan:E;Pakistan:F;Pakistan:S;North Korea:D;Israel:D;Switzerland:R;Belgium:F;Belgium:T;Belgium:R;Taiwan:M,Belgium:F;North Korea:D;Taiwan:M;Switzerland:R;India:F
0.7996928401397091,12,India:F;Pakistan:M;Pakistan:E;Pakistan:F;Pakistan:S;North Korea:D;Israel:D;Switzerland:R;Belgium:F;Belgium:T;Belgium:R;Taiwan:M,Belgium:F;North Korea:D;Taiwan:M;Switzerland:R;India:F
0.7997746464827271,12,India:F;Pakistan:M;Pakistan:E;Pakistan:F;Pakistan:S;North Korea:D;Israel:D;Switzerland:R;Belgium:F;Belgium:T;Belgium:R;Taiwan:M,Belgium:F;North Korea:D;Taiwan:M;Switzerland:R;India:F
0.8002381139073982,12,India:F;Pakistan:M;Pakistan:E;Pakistan:F;Pakistan:S;North Korea:D;Israel:D;Switzerland:R;Belgium:F;Belgium:T;Belgium:R;Taiwan:M,Belgium:F;North Korea:D;Taiwan:M;Switzerland:R;India:F
0.8006510558440624,12,India:F;Pakistan:M;Pakistan:E;Pakistan:F;Pakistan:S;North Korea:D;Israel:D;Switzerland:R;Belgium:F;Belgium:T;Belgium:R;Taiwan:M,Belgium:F;North Korea:D;Taiwan:M;Switzerland:R;India:F
0.8019169008612677,12,India:F;Pakistan:M;Pakistan:E;Pakistan:F;Pakistan:S;North Korea:D;Israel:D;Switzerland:R;Belgium:F;Belgium:T;Belgium:R;Taiwan:M,Belgium:F;North Korea:D;Taiwan:M;Switzerland:R;India:F
0.8022606813190777,12,India:F;Pakistan:M;Pakistan:E;Pakistan:F;Pakistan:S;North Korea:D;Israel:D;Switzerland:R;Belgium:F;Belgium:T;Belgium:R;Taiwan:M,Belgium:F;North Korea:D;Taiwan:M;Switzerland:R;India:F
0.8046063594956026,12,India:F;Pakistan:M;Pakistan:E;Pakistan:F;Pakistan:S;North Korea:D;Israel:D;Switzerland:R;Belgium:F;Belgium:T;Belgium:R;Taiwan:M,Belgium:F;North Korea:D;Taiwan:M;Switzerland:R;India:F
0.8046087628356503,12,India:F;Pakistan:M;Pakistan:E;Pakistan:F;Pakistan:S;North Korea:D;Israel:D;Switzerland:R;Belgium:F;Belgium:T;Belgium:R;Taiwan:M,Belgium:F;North Korea:D;Taiwan:M;Switzerland:R;India:F
0.805681017238489,12,India:F;Pakistan:M;Pakistan:E;Pakistan:F;Pakistan:S;North Korea:D;Israel:D;Switzerland:R;Belgium:F;Belgium:T;Belgium:R;Taiwan:M,Belgium:F;North Korea:D;Taiwan:M;Switzerland:R;India:F
0.8058702036230015,12,India:F;Pakistan:M;Pakistan:E;Pakistan:F;Pakistan:S;North Korea:D;Israel:D;Switzerland:R;Belgium:F;Belgium:T;Belgium:R;Taiwan:M,Belgium:F;North Korea:D;Taiwan:M;Switzerland:R;India:F
0.8062811637258366,12,India:F;Pakistan:M;Pakistan:E;Pakistan:F;Pakistan:S;North Korea:D;Israel:D;Switzerland:R;Belgium:F;Belgium:T;Belgium:R;Taiwan:M,Belgium:F;North Korea:D;Taiwan:M;Switzerland:R;India:F
0.8065588393063021,12,India:F;Pakistan:M;Pakistan:E;Pakistan:F;Pakistan:S;North Korea:D;Israel:D;Switzerland:R;Belgium:F;Belgium:T;Belgium:R;Taiwan:M,Belgium:F;North Korea:D;Taiwan:M;Switzerland:R;India:F
0.8069647550208306,12,India:F;Pakistan:M;Pakistan:E;Pakistan:F;Pakistan:S;North Korea:D;Israel:D;Switzerland:R;Belgium:F;Belgium:T;Belgium:R;Taiwan:M,Belgium:F;North Korea:D;Taiwan:M;Switzerland:R;India:F
0.8075943877957146,12,India:F;Pakistan:M;Pakistan:E;Pakistan:F;Pakistan:S;North Korea:D;Israel:D;Switzerland:R;Belgium:F;Belgium:T;Belgium:R;Taiwan:M,Belgium:F;North Korea:D;Taiwan:M;Switzerland:R;India:F
0.8084296245320632,12,India:F;Pakistan:M;Pakistan:E;Pakistan:F;Pakistan:S;North Korea:D;Israel:D;Switzerland:R;Belgium:F;Belgium:T;Belgium:R;Taiwan:M,Belgium:F;North Korea:D;Taiwan:M;Switzerland:R;India:F
0.8084651759638267,12,India:F;Pakistan:M;Pakistan:E;Pakistan:F;Pakistan:S;North Korea:D;Israel:D;Switzerland:R;Belgium:F;Belgium:T;Belgium:R;Taiwan:M,Belgium:F;North Korea:D;Taiwan:M;Switzerland:R;India:F
0.808769083662823,12,India:F;Pakistan:M;Pakistan:E;Pakistan:F;Pakistan:S;North Korea:D;Israel:D;Switzerland:R;Belgium:F;Belgium:T;Belgium:R;Taiwan:M,Belgium:F;North Korea:D;Taiwan:M;Switzerland:R;India:F
0.812974070013599,12,India:F;Pakistan:M;Pakistan:E;Pakistan:F;Pakistan:S;North Korea:D;Israel:D;Switzerland:R;Belgium:F;Belgium:T;Belgium:R;Taiwan:M,Belgium:F;North Korea:D;Taiwan:M;Switzerland:R;India:F
0.8143151177383685,12,India:F;Pakistan:M;Pakistan:E;Pakistan:F;Pakistan:S;North Korea:D;Israel:D;Switzerland:R;Belgium:F;Belgium:T;Belgium:R;Taiwan:M,Belgium:F;North Korea:D;Taiwan:M;Switzerland:R;India:F
0.8145212206725932,12,India:F;Pakistan:M;Pakistan:E;Pakistan:F;Pakistan:S;North Korea:D;Israel:D;Switzerland:R;Belgium:F;Belgium:T;Belgium:R;Taiwan:M,Belgium:F;North Korea:D;Taiwan:M;Switzerland:R;India:F
0.8148816033730533,12,India:F;Pakistan:M;Pakistan:E;Pakistan:F;Pakistan:S;North Korea:D;Israel:D;Switzerland:R;Belgium:F;Belgium:T;Belgium:R;Taiwan:M,Belgium:F;North Korea:D;Taiwan:M;Switzerland:R;India:F
0.815942773776428,12,India:F;Pakistan:M;Pakistan:E;Pakistan:F;Pakistan:S;North Korea:D;Israel:D;Switzerland:R;Belgium:F;Belgium:T;Belgium:R;Taiwan:M,Belgium:F;North Korea:D;Taiwan:M;Switzerland:R;India:F
0.8169954566188815,12,India:F;Pakistan:M;Pakistan:E;Pakistan:F;Pakistan:S;North Korea:D;Israel:D;Switzerland:R;Belgium:F;Belgium:T;Belgium:R;Taiwan:M,Belgium:F;North Korea:D;Taiwan:M;Switzerland:R;India:F
0.8173082947476921,12,India:F;Pakistan:M;Pakistan:E;Pakistan:F;Pakistan:S;North Korea:D;Israel:D;Switzerland:R;Belgium:F;Belgium:T;Belgium:R;Taiwan:M,Belgium:F;North Korea:D;Taiwan:M;Switzerland:R;India:F
0.8185434854382473,12,India:F;Pakistan:M;Pakistan:E;Pakistan:F;Pakistan:S;North Korea:D;Israel:D;Switzerland:R;Belgium:F;Belgium:T;Belgium:R;Taiwan:M,Belgium:F;North Korea:D;Taiwan:M;Switzerland:R;India:F
0.8186619707351839,12,India:F;Pakistan:M;Pakistan:E;Pakistan:F;Pakistan:S;North Korea:D;Israel:D;Switzerland:R;Belgium:F;Belgium:T;Belgium:R;Taiwan:M,Belgium:F;North Korea:D;Taiwan:M;Switzerland:R;India:F
0.8194648015810384,12,India:F;Pakistan:M;Pakistan:E;Pakistan:F;Pakistan:S;North Korea:D;Israel:D;Switzerland:R;Belgium:F;Belgium:T;Belgium:R;Taiwan:M,Belgium:F;North Korea:D;Taiwan:M;Switzerland:R;India:F
0.8201595110678229,12,India:F;Pakistan:M;Pakistan:E;Pakistan:F;Pakistan:S;North Korea:D;Israel:D;Switzerland:R;Belgium:F;Belgium:T;Belgium:R;Taiwan:M,Belgium:F;North Korea:D;Taiwan:M;Switzerland:R;India:F
0.8207374732379449,12,India:F;Pakistan:M;Pakistan:E;Pakistan:F;Pakistan:S;North Korea:D;Israel:D;Switzerland:R;Belgium:F;Belgium:T;Belgium:R;Taiwan:M,Belgium:F;North Korea:D;Taiwan:M;Switzerland:R;India:F
0.8213644014048701,12,India:F;Pakistan:M;Pakistan:E;Pakistan:F;Pakistan:S;North Korea:D;Israel:D;Switzerland:R;Belgium:F;Belgium:T;Belgium:R;Taiwan:M,Belgium:F;North Korea:D;Taiwan:M;Switzerland:R;India:F
0.8215511192660757,12,India:F;Pakistan:M;Pakistan:E;Pakistan:F;Pakistan:S;North Korea:D;Israel:D;Switzerland:R;Belgium:F;Belgium:T;Belgium:R;Taiwan:M,Belgium:F;North Korea:D;Taiwan:M;Switzerland:R;India:F
0.8229128865630366,12,India:F;Pakistan:M;Pakistan:E;Pakistan:F;Pakistan:S;North Korea:D;Israel:D;Switzerland:R;Belgium:F;Belgium:T;Belgium:R;Taiwan:M,Belgium:F;North Korea:D;Taiwan:M;Switzerland:R;India:F
0.8236979432177163,12,India:F;Pakistan:M;Pakistan:E;Pakistan:F;Pakistan:S;North Korea:D;Israel:D;Switzerland:R;Belgium:F;Belgium:T;Belgium:R;Taiwan:M,Belgium:F;North Korea:D;Taiwan:M;Switzerland:R;India:F
0.8248006080114717,12,India:F;Pakistan:M;Pakistan:E;Pakistan:F;Pakistan:S;North Korea:D;Israel:D;Switzerland:R;Belgium:F;Belgium:T;Belgium:R;Taiwan:M,Belgium:F;North Korea:D;Taiwan:M;Switzerland:R;India:F
0.8248781721454219,12,India:F;Pakistan:M;Pakistan:E;Pakistan:F;Pakistan:S;North Korea:D;Israel:D;Switzerland:R;Belgium:F;Belgium:T;Belgium:R;Taiwan:M,Belgium:F;North Korea:D;Taiwan:M;Switzerland:R;India:F
0.8257668849125313,12,India:F;Pakistan:M;Pakistan:E;Pakistan:F;Pakistan:S;North Korea:D;Israel:D;Switzerland:R;Belgium:F;Belgium:T;Belgium:R;Taiwan:M,Belgium:F;North Korea:D;Taiwan:M;Switzerland:R;India:F
0.8278909593266837,12,India:F;Pakistan:M;Pakistan:E;Pakistan:F;Pakistan:S;North Korea:D;Israel:D;Switzerland:R;Belgium:F;Belgium:T;Belgium:R;Taiwan:M,Belgium:F;North Korea:D;Taiwan:M;Switzerland:R;India:F
0.8295793517121421,12,India:F;Pakistan:M;Pakistan:E;Pakistan:F;Pakistan:S;North Korea:D;Israel:D;Switzerland:R;Belgium:F;Belgium:T;Belgium:R;Taiwan:M,Belgium:F;North Korea:D;Taiwan:M;Switzerland:R;India:F
0.8296717955440693,12,India:F;Pakistan:M;Pakistan:E;Pakistan:F;Pakistan:S;North Korea:D;Israel:D;Switzerland:R;Belgium:F;Belgium:T;Belgium:R;Taiwan:M,Belgium:F;North Korea:D;Taiwan:M;Switzerland:R;India:F
0.8297760057921695,12,India:F;Pakistan:M;Pakistan:E;Pakistan:F;Pakistan:S;North Korea:D;Israel:D;Switzerland:R;Belgium:F;Belgium:T;Belgium:R;Taiwan:M,Belgium:F;North Korea:D;Taiwan:M;Switzerland:R;India:F
0.8299806708899832,12,India:F;Pakistan:M;Pakistan:E;Pakistan:F;Pakistan:S;North Korea:D;Israel:D;Switzerland:R;Belgium:F;Belgium:T;Belgium:R;Taiwan:M,Belgium:F;North Korea:D;Taiwan:M;Switzerland:R;India:F
0.8300569296289845,12,India:F;Pakistan:M;Pakistan:E;Pakistan:F;Pakistan:S;North Korea:D;Israel:D;Switzerland:R;Belgium:F;Belgium:T;Belgium:R;Taiwan:M,Belgium:F;North Korea:D;Taiwan:M;Switzerland:R;India:F
0.8308683978239975,13,India:N;India:F;Pakistan:M;Pakistan:E;Pakistan:F;Pakistan:S;North Korea:D;Israel:D;Switzerland:R;Belgium:F;Belgium:T;Belgium:R;Taiwan:M,Belgium:F;North Korea:D;Taiwan:M;Switzerland:R;India:F
0.830917774874407,13,India:N;India:F;Pakistan:M;Pakistan:E;Pakistan:F;Pakistan:S;North Korea:D;Israel:D;Switzerland:R;Belgium:F;Belgium:T;Belgium:R;Taiwan:M,Belgium:F;North Korea:D;Taiwan:M;Switzerland:R;India:F
0.8322035448786188,13,India:N;India:F;Pakistan:M;Pakistan:E;Pakistan:F;Pakistan:S;North Korea:D;Israel:D;Switzerland:R;Belgium:F;Belgium:T;Belgium:R;Taiwan:M,Belgium:F;North Korea:D;Taiwan:M;Switzerland:R;India:F
0.832254093116351,13,India:N;India:F;Pakistan:M;Pakistan:E;Pakistan:F;Pakistan:S;North Korea:D;Israel:D;Switzerland:R;Belgium:F;Belgium:T;Belgium:R;Taiwan:M,Belgium:F;North Korea:D;Taiwan:M;Switzerland:R;India:F
0.8328668097402109,13,India:N;India:F;Pakistan:M;Pakistan:E;Pakistan:F;Pakistan:S;North Korea:D;Israel:D;Switzerland:R;Belgium:F;Belgium:T;Belgium:R;Taiwan:M,Belgium:F;North Korea:D;Taiwan:M;Switzerland:R;India:F
0.833043192996151,13,India:N;India:F;Pakistan:M;Pakistan:E;Pakistan:F;Pakistan:S;North Korea:D;Israel:D;Switzerland:R;Belgium:F;Belgium:T;Belgium:R;Taiwan:M,Belgium:F;North Korea:D;Taiwan:M;Switzerland:R;India:F
0.8336732455161554,13,India:N;India:F;Pakistan:M;Pakistan:E;Pakistan:F;Pakistan:S;North Korea:D;Israel:D;Switzerland:R;Belgium:F;Belgium:T;Belgium:R;Taiwan:M,Belgium:F;North Korea:D;Taiwan:M;Switzerland:R;India:F
0.8342851146841719,13,India:N;India:F;Pakistan:M;Pakistan:E;Pakistan:F;Pakistan:S;North Korea:D;Israel:D;Switzerland:R;Belgium:F;Belgium:T;Belgium:R;Taiwan:M,Belgium:F;North Korea:D;Taiwan:M;Switzerland:R;India:F
0.8346641305096912,13,India:N;India:F;Pakistan:M;Pakistan:E;Pakistan:F;Pakistan:S;North Korea:D;Israel:D;Switzerland:R;Belgium:F;Belgium:T;Belgium:R;Taiwan:M,Belgium:F;North Korea:D;Taiwan:M;Switzerland:R;India:F
0.8351702403278843,13,India:N;India:F;Pakistan:M;Pakistan:E;Pakistan:F;Pakistan:S;North Korea:D;Israel:D;Switzerland:R;Belgium:F;Belgium:T;Belgium:R;Taiwan:M,Belgium:F;North Korea:D;Taiwan:M;Switzerland:R;India:F
0.835714189120129,13,India:N;India:F;Pakistan:M;Pakistan:E;Pakistan:F;Pakistan:S;North Korea:D;Israel:D;Switzerland:R;Belgium:F;Belgium:T;Belgium:R;Taiwan:M,Belgium:F;North Korea:D;Taiwan:M;Switzerland:R;India:F
0.8375569521277209,13,India:N;India:F;Pakistan:M;Pakistan:E;Pakistan:F;Pakistan:S;North Korea:D;Israel:D;Switzerland:R;Belgium:F;Belgium:T;Belgium:R;Taiwan:M,Belgium:F;North Korea:D;Taiwan:M;Switzerland:R;India:F
0.8379218431858063,13,India:N;India:F;Pakistan:M;Pakistan:E;Pakistan:F;Pakistan:S;North Korea:D;Israel:D;Switzerland:R;Belgium:F;Belgium:T;Belgium:R;Taiwan:M,Belgium:F;North Korea:D;Taiwan:M;Switzerland:R;India:F
0.8379274062173824,14,India:N;India:F;Pakistan:M;Pakistan:E;Pakistan:F;Pakistan:S;North Korea:D;Israel:L;Israel:D;Switzerland:R;Belgium:F;Belgium:T;Belgium:R;Taiwan:M,Belgium:F;North Korea:D;Taiwan:M;Switzerland:R;India:F
0.8386291113776567,14,India:N;India:F;Pakistan:M;Pakistan:E;Pakistan:F;Pakistan:S;North Korea:D;Israel:L;Israel:D;Switzerland:R;Belgium:F;Belgium:T;Belgium:R;Taiwan:M,Belgium:F;North Korea:D;Taiwan:M;Switzerland:R;India:F
0.8392709757584796,14,India:N;India:F;Pakistan:M;Pakistan:E;Pakistan:F;Pakistan:S;North Korea:D;Israel:L;Israel:D;Switzerland:R;Belgium:F;Belgium:T;Belgium:R;Taiwan:M,Belgium:F;North Korea:D;Taiwan:M;Switzerland:R;India:F
0.8396174282302253,14,India:N;India:F;Pakistan:M;Pakistan:E;Pakistan:F;Pakistan:S;North Korea:D;Israel:L;Israel:D;Switzerland:R;Belgium:F;Belgium:T;Belgium:R;Taiwan:M,Belgium:F;North Korea:D;Taiwan:M;Switzerland:R;India:F
0.8396550275723719,14,India:N;India:F;Pakistan:M;Pakistan:E;Pakistan:F;Pakistan:S;North Korea:D;Israel:L;Israel:D;Switzerland:R;Belgium:F;Belgium:T;Belgium:R;Taiwan:M,Belgium:F;North Korea:D;Taiwan:M;Switzerland:R;India:F
0.8401558549108792,14,India:N;India:F;Pakistan:M;Pakistan:E;Pakistan:F;Pakistan:S;North Korea:D;Israel:L;Israel:D;Switzerland:R;Belgium:F;Belgium:T;Belgium:R;Taiwan:M,Belgium:F;North Korea:D;Taiwan:M;Switzerland:R;India:F
0.8412471429624242,14,India:N;India:F;Pakistan:M;Pakistan:E;Pakistan:F;Pakistan:S;North Korea:D;Israel:L;Israel:D;Switzerland:R;Belgium:F;Belgium:T;Belgium:R;Taiwan:M,Belgium:F;North Korea:D;Taiwan:M;Switzerland:R;India:F
0.84157301708548,14,India:N;India:F;Pakistan:M;Pakistan:E;Pakistan:F;Pakistan:S;North Korea:D;Israel:L;Israel:D;Switzerland:R;Belgium:F;Belgium:T;Belgium:R;Taiwan:M,Belgium:F;North Korea:D;Taiwan:M;Switzerland:R;India:F
0.8416992932370233,14,India:N;India:F;Pakistan:M;Pakistan:E;Pakistan:F;Pakistan:S;North Korea:D;Israel:L;Israel:D;Switzerland:R;Belgium:F;Belgium:T;Belgium:R;Taiwan:M,Belgium:F;North Korea:D;Taiwan:M;Switzerland:R;India:F
0.8437541572292597,14,India:N;India:F;Pakistan:M;Pakistan:E;Pakistan:F;Pakistan:S;North Korea:D;Israel:L;Israel:D;Switzerland:R;Belgium:F;Belgium:T;Belgium:R;Taiwan:M,Belgium:F;North Korea:D;Taiwan:M;Switzerland:R;India:F
0.8438390448887044,14,India:N;India:F;Pakistan:M;Pakistan:E;Pakistan:F;Pakistan:S;North Korea:D;Israel:L;Israel:D;Switzerland:R;Belgium:F;Belgium:T;Belgium:R;Taiwan:M,Belgium:F;North Korea:D;Taiwan:M;Switzerland:R;India:F
0.8444308664662161,14,India:N;India:F;Pakistan:M;Pakistan:E;Pakistan:F;Pakistan:S;North Korea:D;Israel:L;Israel:D;Switzerland:R;Belgium:F;Belgium:T;Belgium:R;Taiwan:M,Belgium:F;North Korea:D;Taiwan:M;Switzerland:R;India:F
0.8455636823559863,14,India:N;India:F;Pakistan:M;Pakistan:E;Pakistan:F;Pakistan:S;North Korea:D;Israel:L;Israel:D;Switzerland:R;Belgium:F;Belgium:T;Belgium:R;Taiwan:M,Belgium:F;North Korea:D;Taiwan:M;Switzerland:R;India:F
0.8459485649326857,14,India:N;India:F;Pakistan:M;Pakistan:E;Pakistan:F;Pakistan:S;North Korea:D;Israel:L;Israel:D;Switzerland:R;Belgium:F;Belgium:T;Belgium:R;Taiwan:M,Belgium:F;North Korea:D;Taiwan:M;Switzerland:R;India:F
0.8462159632031416,14,India:N;India:F;Pakistan:M;Pakistan:E;Pakistan:F;Pakistan:S;North Korea:D;Israel:L;Israel:D;Switzerland:R;Belgium:F;Belgium:T;Belgium:R;Taiwan:M,Belgium:F;North Korea:D;Taiwan:M;Switzerland:R;India:F
0.8481553483387447,14,India:N;India:F;Pakistan:M;Pakistan:E;Pakistan:F;Pakistan:S;North Korea:D;Israel:L;Israel:D;Switzerland:R;Belgium:F;Belgium:T;Belgium:R;Taiwan:M,Belgium:F;North Korea:D;Taiwan:M;Switzerland:R;India:F
0.8490670475239545,14,India:N;India:F;Pakistan:M;Pakistan:E;Pakistan:F;Pakistan:S;North Korea:D;Israel:L;Israel:D;Switzerland:R;Belgium:F;Belgium:T;Belgium:R;Taiwan:M,Belgium:F;North Korea:D;Taiwan:M;Switzerland:R;India:F
0.8492131731614724,14,India:N;India:F;Pakistan:M;Pakistan:E;Pakistan:F;Pakistan:S;North Korea:D;Israel:L;Israel:D;Switzerland:R;Belgium:F;Belgium:T;Belgium:R;Taiwan:M,Belgium:F;North Korea:D;Taiwan:M;Switzerland:R;India:F
0.8505997939125374,14,India:N;India:F;Pakistan:M;Pakistan:E;Pakistan:F;Pakistan:S;North Korea:D;Israel:L;Israel:D;Switzerland:R;Belgium:F;Belgium:T;Belgium:R;Taiwan:M,Belgium:F;North Korea:D;Taiwan:M;Switzerland:R;India:F
0.8506099867183944,14,India:N;India:F;Pakistan:M;Pakistan:E;Pakistan:F;Pakistan:S;North Korea:D;Israel:L;Israel:D;Switzerland:R;Belgium:F;Belgium:T;Belgium:R;Taiwan:M,Belgium:F;North Korea:D;Taiwan:M;Switzerland:R;India:F
0.851300152627646,14,India:N;India:F;Pakistan:M;Pakistan:E;Pakistan:F;Pakistan:S;North Korea:D;Israel:L;Israel:D;Switzerland:R;Belgium:F;Belgium:T;Belgium:R;Taiwan:M,Belgium:F;North Korea:D;Taiwan:M;Switzerland:R;India:F
0.8513742095470068,14,India:N;India:F;Pakistan:M;Pakistan:E;Pakistan:F;Pakistan:S;North Korea:D;Israel:L;Israel:D;Switzerland:R;Belgium:F;Belgium:T;Belgium:R;Taiwan:M,Belgium:F;North Korea:D;Taiwan:M;Switzerland:R;India:F
0.8552592111518995,14,India:N;India:F;Pakistan:M;Pakistan:E;Pakistan:F;Pakistan:S;North Korea:D;Israel:L;Israel:D;Switzerland:R;Belgium:F;Belgium:T;Belgium:R;Taiwan:M,Belgium:F;North Korea:D;Taiwan:M;Switzerland:R;India:F
0.8564548343967143,14,India:N;India:F;Pakistan:M;Pakistan:E;Pakistan:F;Pakistan:S;North Korea:D;Israel:L;Israel:D;Switzerland:R;Belgium:F;Belgium:T;Belgium:R;Taiwan:M,Belgium:F;North Korea:D;Taiwan:M;Switzerland:R;India:F
0.8572848504123819,14,India:N;India:F;Pakistan:M;Pakistan:E;Pakistan:F;Pakistan:S;North Korea:D;Israel:L;Israel:D;Switzerland:R;Belgium:F;Belgium:T;Belgium:R;Taiwan:M,Belgium:F;North Korea:D;Taiwan:M;Switzerland:R;India:F
0.8573301534315702,14,India:N;India:F;Pakistan:M;Pakistan:E;Pakistan:F;Pakistan:S;North Korea:D;Israel:L;Israel:D;Switzerland:R;Belgium:F;Belgium:T;Belgium:R;Taiwan:M,Belgium:F;North Korea:D;Taiwan:M;Switzerland:R;India:F
0.8575073637020305,14,India:N;India:F;Pakistan:M;Pakistan:E;Pakistan:F;Pakistan:S;North Korea:D;Israel:L;Israel:D;Switzerland:R;Belgium:F;Belgium:T;Belgium:R;Taiwan:M,Belgium:F;North Korea:D;Taiwan:M;Switzerland:R;India:F
0.8582789218344682,14,India:N;India:F;Pakistan:M;Pakistan:E;Pakistan:F;Pakistan:S;North Korea:D;Israel:L;Israel:D;Switzerland:R;Belgium:F;Belgium:T;Belgium:R;Taiwan:M,Belgium:F;North Korea:D;Taiwan:M;Switzerland:R;India:F
0.858281013440583,14,India:N;India:F;Pakistan:M;Pakistan:E;Pakistan:F;Pakistan:S;North Korea:D;Israel:L;Israel:D;Switzerland:R;Belgium:F;Belgium:T;Belgium:R;Taiwan:M,Belgium:F;North Korea:D;Taiwan:M;Switzerland:R;India:F
0.8585072666825831,14,India:N;India:F;Pakistan:M;Pakistan:E;Pakistan:F;Pakistan:S;North Korea:D;Israel:L;Israel:D;Switzerland:R;Belgium:F;Belgium:T;Belgium:R;Taiwan:M,Belgium:F;North Korea:D;Taiwan:M;Switzerland:R;India:F
0.8589761564405428,14,India:N;India:F;Pakistan:M;Pakistan:E;Pakistan:F;Pakistan:S;North Korea:D;Israel:L;Israel:D;Switzerland:R;Belgium:F;Belgium:T;Belgium:R;Taiwan:M,Belgium:F;North Korea:D;Taiwan:M;Switzerland:R;India:F
0.8593772229147795,14,India:N;India:F;Pakistan:M;Pakistan:E;Pakistan:F;Pakistan:S;North Korea:D;Israel:L;Israel:D;Switzerland:R;Belgium:F;Belgium:T;Belgium:R;Taiwan:M,Belgium:F;North Korea:D;Taiwan:M;Switzerland:R;India:F
0.8609942466925253,14,India:N;India:F;Pakistan:M;Pakistan:E;Pakistan:F;Pakistan:S;North Korea:D;Israel:L;Israel:D;Switzerland:R;Belgium:F;Belgium:T;Belgium:R;Taiwan:M,Belgium:F;North Korea:D;Taiwan:M;Switzerland:R;India:F
0.8614817710441147,14,India:N;India:F;Pakistan:M;Pakistan:E;Pakistan:F;Pakistan:S;North Korea:D;Israel:L;Israel:D;Switzerland:R;Belgium:F;Belgium:T;Belgium:R;Taiwan:M,Belgium:F;North Korea:D;Taiwan:M;Switzerland:R;India:F
0.8616951344491577,14,India:N;India:F;Pakistan:M;Pakistan:E;Pakistan:F;Pakistan:S;North Korea:D;Israel:L;Israel:D;Switzerland:R;Belgium:F;Belgium:T;Belgium:R;Taiwan:M,Belgium:F;North Korea:D;Taiwan:M;Switzerland:R;India:F
0.8618051717156464,14,India:N;India:F;Pakistan:M;Pakistan:E;Pakistan:F;Pakistan:S;North Korea:D;Israel:L;Israel:D;Switzerland:R;Belgium:F;Belgium:T;Belgium:R;Taiwan:M,Belgium:F;North Korea:D;Taiwan:M;Switzerland:R;India:F
0.8623723535790845,14,India:N;India:F;Pakistan:M;Pakistan:E;Pakistan:F;Pakistan:S;North Korea:D;Israel:L;Israel:D;Switzerland:R;Belgium:F;Belgium:T;Belgium:R;Taiwan:M,Belgium:F;North Korea:D;Taiwan:M;Switzerland:R;India:F
0.8624598013680889,14,India:N;India:F;Pakistan:M;Pakistan:E;Pakistan:F;Pakistan:S;North Korea:D;Israel:L;Israel:D;Switzerland:R;Belgium:F;Belgium:T;Belgium:R;Taiwan:M,Belgium:F;North Korea:D;Taiwan:M;Switzerland:R;India:F
0.8634258186247005,14,India:N;India:F;Pakistan:M;Pakistan:E;Pakistan:F;Pakistan:S;North Korea:D;Israel:L;Israel:D;Switzerland:R;Belgium:F;Belgium:T;Belgium:R;Taiwan:M,Belgium:F;North Korea:D;Taiwan:M;Switzerland:R;India:F
0.8643969848094414,14,India:N;India:F;Pakistan:M;Pakistan:E;Pakistan:F;Pakistan:S;North Korea:D;Israel:L;Israel:D;Switzerland:R;Belgium:F;Belgium:T;Belgium:R;Taiwan:M,Belgium:F;North Korea:D;Taiwan:M;Switzerland:R;India:F
0.8650078719123079,14,India:N;India:F;Pakistan:M;Pakistan:E;Pakistan:F;Pakistan:S;North Korea:D;Israel:L;Israel:D;Switzerland:R;Belgium:F;Belgium:T;Belgium:R;Taiwan:M,Belgium:F;North Korea:D;Taiwan:M;Switzerland:R;India:F
0.8652655640473754,14,India:N;India:F;Pakistan:M;Pakistan:E;Pakistan:F;Pakistan:S;North Korea:D;Israel:L;Israel:D;Switzerland:R;Belgium:F;Belgium:T;Belgium:R;Taiwan:M,Belgium:F;North Korea:D;Taiwan:M;Switzerland:R;India:F
0.8667881880303236,14,India:N;India:F;Pakistan:M;Pakistan:E;Pakistan:F;Pakistan:S;North Korea:D;Israel:L;Israel:D;Switzerland:R;Belgium:F;Belgium:T;Belgium:R;Taiwan:M,Belgium:F;North Korea:D;Taiwan:M;Switzerland:R;India:F
0.8669999558262067,14,India:N;India:F;Pakistan:M;Pakistan:E;Pakistan:F;Pakistan:S;North Korea:D;Israel:L;Israel:D;Switzerland:R;Belgium:F;Belgium:T;Belgium:R;Taiwan:M,Belgium:F;North Korea:D;Taiwan:M;Switzerland:R;India:F
0.8684010539619695,14,India:N;India:F;Pakistan:M;Pakistan:E;Pakistan:F;Pakistan:S;North Korea:D;Israel:L;Israel:D;Switzerland:R;Belgium:F;Belgium:T;Belgium:R;Taiwan:M,Belgium:F;North Korea:D;Taiwan:M;Switzerland:R;India:F
0.8685498813393643,14,India:N;India:F;Pakistan:M;Pakistan:E;Pakistan:F;Pakistan:S;North Korea:D;Israel:L;Israel:D;Switzerland:R;Belgium:F;Belgium:T;Belgium:R;Taiwan:M,Belgium:F;North Korea:D;Taiwan:M;Switzerland:R;India:F
0.8689336196133092,14,India:N;India:F;Pakistan:M;Pakistan:E;Pakistan:F;Pakistan:S;North Korea:D;Israel:L;Israel:D;Switzerland:R;Belgium:F;Belgium:T;Belgium:R;Taiwan:M,Belgium:F;North Korea:D;Taiwan:M;Switzerland:R;India:F
0.8692748816221609,14,India:N;India:F;Pakistan:M;Pakistan:E;Pakistan:F;Pakistan:S;North Korea:D;Israel:L;Israel:D;Switzerland:R;Belgium:F;Belgium:T;Belgium:R;Taiwan:M,Belgium:F;North Korea:D;Taiwan:M;Switzerland:R;India:F
0.8695327475040479,14,India:N;India:F;Pakistan:M;Pakistan:E;Pakistan:F;Pakistan:S;North Korea:D;Israel:L;Israel:D;Switzerland:R;Belgium:F;Belgium:T;Belgium:R;Taiwan:M,Belgium:F;North Korea:D;Taiwan:M;Switzerland:R;India:F
0.8699283169425396,14,India:N;India:F;Pakistan:M;Pakistan:E;Pakistan:F;Pakistan:S;North Korea:D;Israel:L;Israel:D;Switzerland:R;Belgium:F;Belgium:T;Belgium:R;Taiwan:M,Belgium:F;North Korea:D;Taiwan:M;Switzerland:R;India:F
0.8703488694989499,14,India:N;India:F;Pakistan:M;Pakistan:E;Pakistan:F;Pakistan:S;North Korea:D;Israel:L;Israel:D;Switzerland:R;Belgium:F;Belgium:T;Belgium:R;Taiwan:M,Belgium:F;North Korea:D;Taiwan:M;Switzerland:R;India:F
0.8712374137792802,14,India:N;India:F;Pakistan:M;Pakistan:E;Pakistan:F;Pakistan:S;North Korea:D;Israel:L;Israel:D;Switzerland:R;Belgium:F;Belgium:T;Belgium:R;Taiwan:M,Belgium:F;North Korea:D;Taiwan:M;Switzerland:R;India:F
0.8723300786103225,14,India:N;India:F;Pakistan:M;Pakistan:E;Pakistan:F;Pakistan:S;North Korea:D;Israel:L;Israel:D;Switzerland:R;Belgium:F;Belgium:T;Belgium:R;Taiwan:M,Belgium:F;North Korea:D;Taiwan:M;Switzerland:R;India:F
0.8736451967809561,14,India:N;India:F;Pakistan:M;Pakistan:E;Pakistan:F;Pakistan:S;North Korea:D;Israel:L;Israel:D;Switzerland:R;Belgium:F;Belgium:T;Belgium:R;Taiwan:M,Belgium:F;North Korea:D;Taiwan:M;Switzerland:R;India:F
0.874014458118563,14,India:N;India:F;Pakistan:M;Pakistan:E;Pakistan:F;Pakistan:S;North Korea:D;Israel:L;Israel:D;Switzerland:R;Belgium:F;Belgium:T;Belgium:R;Taiwan:M,Belgium:F;North Korea:D;Taiwan:M;Switzerland:R;India:F
0.8742126722400438,14,India:N;India:F;Pakistan:M;Pakistan:E;Pakistan:F;Pakistan:S;North Korea:D;Israel:L;Israel:D;Switzerland:R;Belgium:F;Belgium:T;Belgium:R;Taiwan:M,Belgium:F;North Korea:D;Taiwan:M;Switzerland:R;India:F
0.8751268299034984,14,India:N;India:F;Pakistan:M;Pakistan:E;Pakistan:F;Pakistan:S;North Korea:D;Israel:L;Israel:D;Switzerland:R;Belgium:F;Belgium:T;Belgium:R;Taiwan:M,Belgium:F;North Korea:D;Taiwan:M;Switzerland:R;India:F
0.8753130721521983,14,India:N;India:F;Pakistan:M;Pakistan:E;Pakistan:F;Pakistan:S;North Korea:D;Israel:L;Israel:D;Switzerland:R;Belgium:F;Belgium:T;Belgium:R;Taiwan:M,Belgium:F;North Korea:D;Taiwan:M;Switzerland:R;India:F
0.8760145980231228,14,India:N;India:F;Pakistan:M;Pakistan:E;Pakistan:F;Pakistan:S;North Korea:D;Israel:L;Israel:D;Switzerland:R;Belgium:F;Belgium:T;Belgium:R;Taiwan:M,Belgium:F;North Korea:D;Taiwan:M;Switzerland:R;India:F
0.8761074375331734,14,India:N;India:F;Pakistan:M;Pakistan:E;Pakistan:F;Pakistan:S;North Korea:D;Israel:L;Israel:D;Switzerland:R;Belgium:F;Belgium:T;Belgium:R;Taiwan:M,Belgium:F;North Korea:D;Taiwan:M;Switzerland:R;India:F
0.8764588631215394,14,India:N;India:F;Pakistan:M;Pakistan:E;Pakistan:F;Pakistan:S;North Korea:D;Israel:L;Israel:D;Switzerland:R;Belgium:F;Belgium:T;Belgium:R;Taiwan:M,Belgium:F;North Korea:D;Taiwan:M;Switzerland:R;India:F
0.8769873279835411,14,India:N;India:F;Pakistan:M;Pakistan:E;Pakistan:F;Pakistan:S;North Korea:D;Israel:L;Israel:D;Switzerland:R;Belgium:F;Belgium:T;Belgium:R;Taiwan:M,Belgium:F;North Korea:D;Taiwan:M;Switzerland:R;India:F
0.8784917896660652,14,India:N;India:F;Pakistan:M;Pakistan:E;Pakistan:F;Pakistan:S;North Korea:D;Israel:L;Israel:D;Switzerland:R;Belgium:F;Belgium:T;Belgium:R;Taiwan:M,Belgium:F;North Korea:D;Taiwan:M;Switzerland:R;India:F
0.8788760412883974,14,India:N;India:F;Pakistan:M;Pakistan:E;Pakistan:F;Pakistan:S;North Korea:D;Israel:L;Israel:D;Switzerland:R;Belgium:F;Belgium:T;Belgium:R;Taiwan:M,Belgium:F;North Korea:D;Taiwan:M;Switzerland:R;India:F
0.881178016033797,14,India:N;India:F;Pakistan:M;Pakistan:E;Pakistan:F;Pakistan:S;North Korea:D;Israel:L;Israel:D;Switzerland:R;Belgium:F;Belgium:T;Belgium:R;Taiwan:M,Belgium:F;North Korea:D;Taiwan:M;Switzerland:R;India:F
0.8821884984094527,14,India:N;India:F;Pakistan:M;Pakistan:E;Pakistan:F;Pakistan:S;North Korea:D;Israel:L;Israel:D;Switzerland:R;Belgium:F;Belgium:T;Belgium:R;Taiwan:M,Belgium:F;North Korea:D;Taiwan:M;Switzerland:R;India:F
0.886604180083771,14,India:N;India:F;Pakistan:M;Pakistan:E;Pakistan:F;Pakistan:S;North Korea:D;Israel:L;Israel:D;Switzerland:R;Belgium:F;Belgium:T;Belgium:R;Taiwan:M,Belgium:F;North Korea:D;Taiwan:M;Switzerland:R;India:F
0.8867814832653771,14,India:N;India:F;Pakistan:M;Pakistan:E;Pakistan:F;Pakistan:S;North Korea:D;Israel:L;Israel:D;Switzerland:R;Belgium:F;Belgium:T;Belgium:R;Taiwan:M,Belgium:F;North Korea:D;Taiwan:M;Switzerland:R;India:F
0.887039310172334,14,India:N;India:F;Pakistan:M;Pakistan:E;Pakistan:F;Pakistan:S;North Korea:D;Israel:L;Israel:D;Switzerland:R;Belgium:F;Belgium:T;Belgium:R;Taiwan:M,Belgium:F;North Korea:D;Taiwan:M;Switzerland:R;India:F
0.8884934633303817,14,India:N;India:F;Pakistan:M;Pakistan:E;Pakistan:F;Pakistan:S;North Korea:D;Israel:L;Israel:D;Switzerland:R;Belgium:F;Belgium:T;Belgium:R;Taiwan:M,Belgium:F;North Korea:D;Taiwan:M;Switzerland:R;India:F
0.8885096953616357,14,India:N;India:F;Pakistan:M;Pakistan:E;Pakistan:F;Pakistan:S;North Korea:D;Israel:L;Israel:D;Switzerland:R;Belgium:F;Belgium:T;Belgium:R;Taiwan:M,Belgium:F;North Korea:D;Taiwan:M;Switzerland:R;India:F
0.888610683377615,14,India:N;India:F;Pakistan:M;Pakistan:E;Pakistan:F;Pakistan:S;North Korea:D;Israel:L;Israel:D;Switzerland:R;Belgium:F;Belgium:T;Belgium:R;Taiwan:M,Belgium:F;North Korea:D;Taiwan:M;Switzerland:R;India:F
0.889182866398041,14,India:N;India:F;Pakistan:M;Pakistan:E;Pakistan:F;Pakistan:S;North Korea:D;Israel:L;Israel:D;Switzerland:R;Belgium:F;Belgium:T;Belgium:R;Taiwan:M,Belgium:F;North Korea:D;Taiwan:M;Switzerland:R;India:F
0.8896927342231299,14,India:N;India:F;Pakistan:M;Pakistan:E;Pakistan:F;Pakistan:S;North Korea:D;Israel:L;Israel:D;Switzerland:R;Belgium:F;Belgium:T;Belgium:R;Taiwan:M,Belgium:F;North Korea:D;Taiwan:M;Switzerland:R;India:F
0.8902826207492933,14,India:N;India:F;Pakistan:M;Pakistan:E;Pakistan:F;Pakistan:S;North Korea:D;Israel:L;Israel:D;Switzerland:R;Belgium:F;Belgium:T;Belgium:R;Taiwan:M,Belgium:F;North Korea:D;Taiwan:M;Switzerland:R;India:F
0.8912560633896754,14,India:N;India:F;Pakistan:M;Pakistan:E;Pakistan:F;Pakistan:S;North Korea:D;Israel:L;Israel:D;Switzerland:R;Belgium:F;Belgium:T;Belgium:R;Taiwan:M,Belgium:F;North Korea:D;Taiwan:M;Switzerland:R;India:F
0.8916807300724553,14,India:N;India:F;Pakistan:M;Pakistan:E;Pakistan:F;Pakistan:S;North Korea:D;Israel:L;Israel:D;Switzerland:R;Belgium:F;Belgium:T;Belgium:R;Taiwan:M,Belgium:F;North Korea:D;Taiwan:M;Switzerland:R;India:F
0.8919379001558342,14,India:N;India:F;Pakistan:M;Pakistan:E;Pakistan:F;Pakistan:S;North Korea:D;Israel:L;Israel:D;Switzerland:R;Belgium:F;Belgium:T;Belgium:R;Taiwan:M,Belgium:F;North Korea:D;Taiwan:M;Switzerland:R;India:F
0.8935570869751837,14,India:N;India:F;Pakistan:M;Pakistan:E;Pakistan:F;Pakistan:S;North Korea:D;Israel:L;Israel:D;Switzerland:R;Belgium:F;Belgium:T;Belgium:R;Taiwan:M,Belgium:F;North Korea:D;Taiwan:M;Switzerland:R;India:F
0.8945793930898263,14,India:N;India:F;Pakistan:M;Pakistan:E;Pakistan:F;Pakistan:S;North Korea:D;Israel:L;Israel:D;Switzerland:R;Belgium:F;Belgium:T;Belgium:R;Taiwan:M,Belgium:F;North Korea:D;Taiwan:M;Switzerland:R;India:F
0.8945823639774625,14,India:N;India:F;Pakistan:M;Pakistan:E;Pakistan:F;Pakistan:S;North Korea:D;Israel:L;Israel:D;Switzerland:R;Belgium:F;Belgium:T;Belgium:R;Taiwan:M,Belgium:F;North Korea:D;Taiwan:M;Switzerland:R;India:F
0.8959080287310046,14,India:N;India:F;Pakistan:M;Pakistan:E;Pakistan:F;Pakistan:S;North Korea:D;Israel:L;Israel:D;Switzerland:R;Belgium:F;Belgium:T;Belgium:R;Taiwan:M,Belgium:F;North Korea:D;Taiwan:M;Switzerland:R;India:F
0.8961419673343587,14,India:N;India:F;Pakistan:M;Pakistan:E;Pakistan:F;Pakistan:S;North Korea:D;Israel:L;Israel:D;Switzerland:R;Belgium:F;Belgium:T;Belgium:R;Taiwan:M,Belgium:F;North Korea:D;Taiwan:M;Switzerland:R;India:F
0.8966501828347053,14,India:N;India:F;Pakistan:M;Pakistan:E;Pakistan:F;Pakistan:S;North Korea:D;Israel:L;Israel:D;Switzerland:R;Belgium:F;Belgium:T;Belgium:R;Taiwan:M,Belgium:F;North Korea:D;Taiwan:M;Switzerland:R;India:F
0.8969936043555786,14,India:N;India:F;Pakistan:M;Pakistan:E;Pakistan:F;Pakistan:S;North Korea:D;Israel:L;Israel:D;Switzerland:R;Belgium:F;Belgium:T;Belgium:R;Taiwan:M,Belgium:F;North Korea:D;Taiwan:M;Switzerland:R;India:F
0.8974956774572762,14,India:N;India:F;Pakistan:M;Pakistan:E;Pakistan:F;Pakistan:S;North Korea:D;Israel:L;Israel:D;Switzerland:R;Belgium:F;Belgium:T;Belgium:R;Taiwan:M,Belgium:F;North Korea:D;Taiwan:M;Switzerland:R;India:F
0.8982745760893848,14,India:N;India:F;Pakistan:M;Pakistan:E;Pakistan:F;Pakistan:S;North Korea:D;Israel:L;Israel:D;Switzerland:R;Belgium:F;Belgium:T;Belgium:R;Taiwan:M,Belgium:F;North Korea:D;Taiwan:M;Switzerland:R;India:F
0.899308031291522,14,India:N;India:F;Pakistan:M;Pakistan:E;Pakistan:F;Pakistan:S;North Korea:D;Israel:L;Israel:D;Switzerland:R;Belgium:F;Belgium:T;Belgium:R;Taiwan:M,Belgium:F;North Korea:D;Taiwan:M;Switzerland:R;India:F
0.9049351739462972,14,India:N;India:F;Pakistan:M;Pakistan:E;Pakistan:F;Pakistan:S;North Korea:D;Israel:L;Israel:D;Switzerland:R;Belgium:F;Belgium:T;Belgium:R;Taiwan:M,Belgium:F;North Korea:D;Taiwan:M;Switzerland:R;India:F
0.9065970813705596,14,India:N;India:F;Pakistan:M;Pakistan:E;Pakistan:F;Pakistan:S;North Korea:D;Israel:L;Israel:D;Switzerland:R;Belgium:F;Belgium:T;Belgium:R;Taiwan:M,Belgium:F;North Korea:D;Taiwan:M;Switzerland:R;India:F
0.9072992909963452,14,India:N;India:F;Pakistan:M;Pakistan:E;Pakistan:F;Pakistan:S;North Korea:D;Israel:L;Israel:D;Switzerland:R;Belgium:F;Belgium:T;Belgium:R;Taiwan:M,Belgium:F;North Korea:D;Taiwan:M;Switzerland:R;India:F
0.9086150046778988,14,India:N;India:F;Pakistan:M;Pakistan:E;Pakistan:F;Pakistan:S;North Korea:D;Israel:L;Israel:D;Switzerland:R;Belgium:F;Belgium:T;Belgium:R;Taiwan:M,Belgium:F;North Korea:D;Taiwan:M;Switzerland:R;India:F
0.9099205789830256,14,India:N;India:F;Pakistan:M;Pakistan:E;Pakistan:F;Pakistan:S;North Korea:D;Israel:L;Israel:D;Switzerland:R;Belgium:F;Belgium:T;Belgium:R;Taiwan:M,Belgium:F;North Korea:D;Taiwan:M;Switzerland:R;India:F
0.910308645601525,14,India:N;India:F;Pakistan:M;Pakistan:E;Pakistan:F;Pakistan:S;North Korea:D;Israel:L;Israel:D;Switzerland:R;Belgium:F;Belgium:T;Belgium:R;Taiwan:M,Belgium:F;North Korea:D;Taiwan:M;Switzerland:R;India:F
0.9118411940847894,14,India:N;India:F;Pakistan:M;Pakistan:E;Pakistan:F;Pakistan:S;North Korea:D;Israel:L;Israel:D;Switzerland:R;Belgium:F;Belgium:T;Belgium:R;Taiwan:M,Belgium:F;North Korea:D;Taiwan:M;Switzerland:R;India:F
0.911988231050022,14,India:N;India:F;Pakistan:M;Pakistan:E;Pakistan:F;Pakistan:S;North Korea:D;Israel:L;Israel:D;Switzerland:R;Belgium:F;Belgium:T;Belgium:R;Taiwan:M,Belgium:F;North Korea:D;Taiwan:M;Switzerland:R;India:F
0.9124718021217806,14,India:N;India:F;Pakistan:M;Pakistan:E;Pakistan:F;Pakistan:S;North Korea:D;Israel:L;Israel:D;Switzerland:R;Belgium:F;Belgium:T;Belgium:R;Taiwan:M,Belgium:F;North Korea:D;Taiwan:M;Switzerland:R;India:F
0.912612645792859,14,India:N;India:F;Pakistan:M;Pakistan:E;Pakistan:F;Pakistan:S;North Korea:D;Israel:L;Israel:D;Switzerland:R;Belgium:F;Belgium:T;Belgium:R;Taiwan:M,Belgium:F;North Korea:D;Taiwan:M;Switzerland:R;India:F
0.9129846496806795,14,India:N;India:F;Pakistan:M;Pakistan:E;Pakistan:F;Pakistan:S;North Korea:D;Israel:L;Israel:D;Switzerland:R;Belgium:F;Belgium:T;Belgium:R;Taiwan:M,Belgium:F;North Korea:D;Taiwan:M;Switzerland:R;India:F
0.9138470553289979,14,India:N;India:F;Pakistan:M;Pakistan:E;Pakistan:F;Pakistan:S;North Korea:D;Israel:L;Israel:D;Switzerland:R;Belgium:F;Belgium:T;Belgium:R;Taiwan:M,Belgium:F;North Korea:D;Taiwan:M;Switzerland:R;India:F
0.9139719243034682,14,India:N;India:F;Pakistan:M;Pakistan:E;Pakistan:F;Pakistan:S;North Korea:D;Israel:L;Israel:D;Switzerland:R;Belgium:F;Belgium:T;Belgium:R;Taiwan:M,Belgium:F;North Korea:D;Taiwan:M;Switzerland:R;India:F
0.9145646591732687,14,India:N;India:F;Pakistan:M;Pakistan:E;Pakistan:F;Pakistan:S;North Korea:D;Israel:L;Israel:D;Switzerland:R;Belgium:F;Belgium:T;Belgium:R;Taiwan:M,Belgium:F;North Korea:D;Taiwan:M;Switzerland:R;India:F
0.9153431903584713,14,India:N;India:F;Pakistan:M;Pakistan:E;Pakistan:F;Pakistan:S;North Korea:D;Israel:L;Israel:D;Switzerland:R;Belgium:F;Belgium:T;Belgium:R;Taiwan:M,Belgium:F;North Korea:D;Taiwan:M;Switzerland:R;India:F
0.9155750863906192,14,India:N;India:F;Pakistan:M;Pakistan:E;Pakistan:F;Pakistan:S;North Korea:D;Israel:L;Israel:D;Switzerland:R;Belgium:F;Belgium:T;Belgium:R;Taiwan:M,Belgium:F;North Korea:D;Taiwan:M;Switzerland:R;India:F
0.9172667111952708,14,India:N;India:F;Pakistan:M;Pakistan:E;Pakistan:F;Pakistan:S;North Korea:D;Israel:L;Israel:D;Switzerland:R;Belgium:F;Belgium:T;Belgium:R;Taiwan:M,Belgium:F;North Korea:D;Taiwan:M;Switzerland:R;India:F
0.919612752707503,14,India:N;India:F;Pakistan:M;Pakistan:E;Pakistan:F;Pakistan:S;North Korea:D;Israel:L;Israel:D;Switzerland:R;Belgium:F;Belgium:T;Belgium:R;Taiwan:M,Belgium:F;North Korea:D;Taiwan:M;Switzerland:R;India:F
0.9208141097907031,14,India:N;India:F;Pakistan:M;Pakistan:E;Pakistan:F;Pakistan:S;North Korea:D;Israel:L;Israel:D;Switzerland:R;Belgium:F;Belgium:T;Belgium:R;Taiwan:M,Belgium:F;North Korea:D;Taiwan:M;Switzerland:R;India:F
0.9232882522662089,14,India:N;India:F;Pakistan:M;Pakistan:E;Pakistan:F;Pakistan:S;North Korea:D;Israel:L;Israel:D;Switzerland:R;Belgium:F;Belgium:T;Belgium:R;Taiwan:M,Belgium:F;North Korea:D;Taiwan:M;Switzerland:R;India:F
0.9247773741058173,14,India:N;India:F;Pakistan:M;Pakistan:E;Pakistan:F;Pakistan:S;North Korea:D;Israel:L;Israel:D;Switzerland:R;Belgium:F;Belgium:T;Belgium:R;Taiwan:M,Belgium:F;North Korea:D;Taiwan:M;Switzerland:R;India:F
0.9255572495989915,14,India:N;India:F;Pakistan:M;Pakistan:E;Pakistan:F;Pakistan:S;North Korea:D;Israel:L;Israel:D;Switzerland:R;Belgium:F;Belgium:T;Belgium:R;Taiwan:M,Belgium:F;North Korea:D;Taiwan:M;Switzerland:R;India:F
0.925672322813316,14,India:N;India:F;Pakistan:M;Pakistan:E;Pakistan:F;Pakistan:S;North Korea:D;Israel:L;Israel:D;Switzerland:R;Belgium:F;Belgium:T;Belgium:R;Taiwan:M,Belgium:F;North Korea:D;Taiwan:M;Switzerland:R;India:F
0.9258020463098163,14,India:N;India:F;Pakistan:M;Pakistan:E;Pakistan:F;Pakistan:S;North Korea:D;Israel:L;Israel:D;Switzerland:R;Belgium:F;Belgium:T;Belgium:R;Taiwan:M,Belgium:F;North Korea:D;Taiwan:M;Switzerland:R;India:F
0.926056829465206,14,India:N;India:F;Pakistan:M;Pakistan:E;Pakistan:F;Pakistan:S;North Korea:D;Israel:L;Israel:D;Switzerland:R;Belgium:F;Belgium:T;Belgium:R;Taiwan:M,Belgium:F;North Korea:D;Taiwan:M;Switzerland:R;India:F
0.9271621099233932,14,India:N;India:F;Pakistan:M;Pakistan:E;Pakistan:F;Pakistan:S;North Korea:D;Israel:L;Israel:D;Switzerland:R;Belgium:F;Belgium:T;Belgium:R;Taiwan:M,Belgium:F;North Korea:D;Taiwan:M;Switzerland:R;India:F
0.9272235957481717,14,India:N;India:F;Pakistan:M;Pakistan:E;Pakistan:F;Pakistan:S;North Korea:D;Israel:L;Israel:D;Switzerland:R;Belgium:F;Belgium:T;Belgium:R;Taiwan:M,Belgium:F;North Korea:D;Taiwan:M;Switzerland:R;India:F
0.9286411748136085,14,India:N;India:F;Pakistan:M;Pakistan:E;Pakistan:F;Pakistan:S;North Korea:D;Israel:L;Israel:D;Switzerland:R;Belgium:F;Belgium:T;Belgium:R;Taiwan:M,Belgium:F;North Korea:D;Taiwan:M;Switzerland:R;India:F
0.9288249744134524,14,India:N;India:F;Pakistan:M;Pakistan:E;Pakistan:F;Pakistan:S;North Korea:D;Israel:L;Israel:D;Switzerland:R;Belgium:F;Belgium:T;Belgium:R;Taiwan:M,Belgium:F;North Korea:D;Taiwan:M;Switzerland:R;India:F
0.9298710350056153,14,India:N;India:F;Pakistan:M;Pakistan:E;Pakistan:F;Pakistan:S;North Korea:D;Israel:L;Israel:D;Switzerland:R;Belgium:F;Belgium:T;Belgium:R;Taiwan:M,Belgium:F;North Korea:D;Taiwan:M;Switzerland:R;India:F
0.9306561356494562,14,India:N;India:F;Pakistan:M;Pakistan:E;Pakistan:F;Pakistan:S;North Korea:D;Israel:L;Israel:D;Switzerland:R;Belgium:F;Belgium:T;Belgium:R;Taiwan:M,Belgium:F;North Korea:D;Taiwan:M;Switzerland:R;India:F
0.9314187103858245,14,India:N;India:F;Pakistan:M;Pakistan:E;Pakistan:F;Pakistan:S;North Korea:D;Israel:L;Israel:D;Switzerland:R;Belgium:F;Belgium:T;Belgium:R;Taiwan:M,Belgium:F;North Korea:D;Taiwan:M;Switzerland:R;India:F
0.9318911444904127,14,India:N;India:F;Pakistan:M;Pakistan:E;Pakistan:F;Pakistan:S;North Korea:D;Israel:L;Israel:D;Switzerland:R;Belgium:F;Belgium:T;Belgium:R;Taiwan:M,Belgium:F;North Korea:D;Taiwan:M;Switzerland:R;India:F
0.9332002783596279,14,India:N;India:F;Pakistan:M;Pakistan:E;Pakistan:F;Pakistan:S;North Korea:D;Israel:L;Israel:D;Switzerland:R;Belgium:F;Belgium:T;Belgium:R;Taiwan:M,Belgium:F;North Korea:D;Taiwan:M;Switzerland:R;India:F
0.9339629703564694,14,India:N;India:F;Pakistan:M;Pakistan:E;Pakistan:F;Pakistan:S;North Korea:D;Israel:L;Israel:D;Switzerland:R;Belgium:F;Belgium:T;Belgium:R;Taiwan:M,Belgium:F;North Korea:D;Taiwan:M;Switzerland:R;India:F
0.9353160812294341,14,India:N;India:F;Pakistan:M;Pakistan:E;Pakistan:F;Pakistan:S;North Korea:D;Israel:L;Israel:D;Switzerland:R;Belgium:F;Belgium:T;Belgium:R;Taiwan:M,Belgium:F;North Korea:D;Taiwan:M;Switzerland:R;India:F
0.9354986241757618,14,India:N;India:F;Pakistan:M;Pakistan:E;Pakistan:F;Pakistan:S;North Korea:D;Israel:L;Israel:D;Switzerland:R;Belgium:F;Belgium:T;Belgium:R;Taiwan:M,Belgium:F;North Korea:D;Taiwan:M;Switzerland:R;India:F
0.9359538668408246,14,India:N;India:F;Pakistan:M;Pakistan:E;Pakistan:F;Pakistan:S;North Korea:D;Israel:L;Israel:D;Switzerland:R;Belgium:F;Belgium:T;Belgium:R;Taiwan:M,Belgium:F;North Korea:D;Taiwan:M;Switzerland:R;India:F
0.9359608077078532,14,India:N;India:F;Pakistan:M;Pakistan:E;Pakistan:F;Pakistan:S;North Korea:D;Israel:L;Israel:D;Switzerland:R;Belgium:F;Belgium:T;Belgium:R;Taiwan:M,Belgium:F;North Korea:D;Taiwan:M;Switzerland:R;India:F
0.9381168430355076,14,India:N;India:F;Pakistan:M;Pakistan:E;Pakistan:F;Pakistan:S;North Korea:D;Israel:L;Israel:D;Switzerland:R;Belgium:F;Belgium:T;Belgium:R;Taiwan:M,Belgium:F;North Korea:D;Taiwan:M;Switzerland:R;India:F
0.9387420596155132,14,India:N;India:F;Pakistan:M;Pakistan:E;Pakistan:F;Pakistan:S;North Korea:D;Israel:L;Israel:D;Switzerland:R;Belgium:F;Belgium:T;Belgium:R;Taiwan:M,Belgium:F;North Korea:D;Taiwan:M;Switzerland:R;India:F
0.9395521121881443,14,India:N;India:F;Pakistan:M;Pakistan:E;Pakistan:F;Pakistan:S;North Korea:D;Israel:L;Israel:D;Switzerland:R;Belgium:F;Belgium:T;Belgium:R;Taiwan:M,Belgium:F;North Korea:D;Taiwan:M;Switzerland:R;India:F
0.940104691152082,14,India:N;India:F;Pakistan:M;Pakistan:E;Pakistan:F;Pakistan:S;North Korea:D;Israel:L;Israel:D;Switzerland:R;Belgium:F;Belgium:T;Belgium:R;Taiwan:M,Belgium:F;North Korea:D;Taiwan:M;Switzerland:R;India:F
0.9406693881320833,14,India:N;India:F;Pakistan:M;Pakistan:E;Pakistan:F;Pakistan:S;North Korea:D;Israel:L;Israel:D;Switzerland:R;Belgium:F;Belgium:T;Belgium:R;Taiwan:M,Belgium:F;North Korea:D;Taiwan:M;Switzerland:R;India:F
0.9440824070961839,14,India:N;India:F;Pakistan:M;Pakistan:E;Pakistan:F;Pakistan:S;North Korea:D;Israel:L;Israel:D;Switzerland:R;Belgium:F;Belgium:T;Belgium:R;Taiwan:M,Belgium:F;North Korea:D;Taiwan:M;Switzerland:R;India:F
0.9454985911560216,14,India:N;India:F;Pakistan:M;Pakistan:E;Pakistan:F;Pakistan:S;North Korea:D;Israel:L;Israel:D;Switzerland:R;Belgium:F;Belgium:T;Belgium:R;Taiwan:M,Belgium:F;North Korea:D;Taiwan:M;Switzerland:R;India:F
0.9459798522398808,14,India:N;India:F;Pakistan:M;Pakistan:E;Pakistan:F;Pakistan:S;North Korea:D;Israel:L;Israel:D;Switzerland:R;Belgium:F;Belgium:T;Belgium:R;Taiwan:M,Belgium:F;North Korea:D;Taiwan:M;Switzerland:R;India:F
0.9462145275900675,14,India:N;India:F;Pakistan:M;Pakistan:E;Pakistan:F;Pakistan:S;North Korea:D;Israel:L;Israel:D;Switzerland:R;Belgium:F;Belgium:T;Belgium:R;Taiwan:M,Belgium:F;North Korea:D;Taiwan:M;Switzerland:R;India:F
0.9463142402403738,14,India:N;India:F;Pakistan:M;Pakistan:E;Pakistan:F;Pakistan:S;North Korea:D;Israel:L;Israel:D;Switzerland:R;Belgium:F;Belgium:T;Belgium:R;Taiwan:M,Belgium:F;North Korea:D;Taiwan:M;Switzerland:R;India:F
0.9487402365673391,14,India:N;India:F;Pakistan:M;Pakistan:E;Pakistan:F;Pakistan:S;North Korea:D;Israel:L;Israel:D;Switzerland:R;Belgium:F;Belgium:T;Belgium:R;Taiwan:M,Belgium:F;North Korea:D;Taiwan:M;Switzerland:R;India:F
0.9500640348826311,14,India:N;India:F;Pakistan:M;Pakistan:E;Pakistan:F;Pakistan:S;North Korea:D;Israel:L;Israel:D;Switzerland:R;Belgium:F;Belgium:T;Belgium:R;Taiwan:M,Belgium:F;North Korea:D;Taiwan:M;Switzerland:R;India:F
0.9513362964893494,14,India:N;India:F;Pakistan:M;Pakistan:E;Pakistan:F;Pakistan:S;North Korea:D;Israel:L;Israel:D;Switzerland:R;Belgium:F;Belgium:T;Belgium:R;Taiwan:M,Belgium:F;North Korea:D;Taiwan:M;Switzerland:R;India:F
0.9517998930184735,14,India:N;India:F;Pakistan:M;Pakistan:E;Pakistan:F;Pakistan:S;North Korea:D;Israel:L;Israel:D;Switzerland:R;Belgium:F;Belgium:T;Belgium:R;Taiwan:M,Belgium:F;North Korea:D;Taiwan:M;Switzerland:R;India:F
0.9518126555000576,14,India:N;India:F;Pakistan:M;Pakistan:E;Pakistan:F;Pakistan:S;North Korea:D;Israel:L;Israel:D;Switzerland:R;Belgium:F;Belgium:T;Belgium:R;Taiwan:M,Belgium:F;North Korea:D;Taiwan:M;Switzerland:R;India:F
0.9527696477653307,14,India:N;India:F;Pakistan:M;Pakistan:E;Pakistan:F;Pakistan:S;North Korea:D;Israel:L;Israel:D;Switzerland:R;Belgium:F;Belgium:T;Belgium:R;Taiwan:M,Belgium:F;North Korea:D;Taiwan:M;Switzerland:R;India:F
0.9589686471391492,14,India:N;India:F;Pakistan:M;Pakistan:E;Pakistan:F;Pakistan:S;North Korea:D;Israel:L;Israel:D;Switzerland:R;Belgium:F;Belgium:T;Belgium:R;Taiwan:M,Belgium:F;North Korea:D;Taiwan:M;Switzerland:R;India:F
0.959137027391508,14,India:N;India:F;Pakistan:M;Pakistan:E;Pakistan:F;Pakistan:S;North Korea:D;Israel:L;Israel:D;Switzerland:R;Belgium:F;Belgium:T;Belgium:R;Taiwan:M,Belgium:F;North Korea:D;Taiwan:M;Switzerland:R;India:F
0.9596482269599143,14,India:N;India:F;Pakistan:M;Pakistan:E;Pakistan:F;Pakistan:S;North Korea:D;Israel:L;Israel:D;Switzerland:R;Belgium:F;Belgium:T;Belgium:R;Taiwan:M,Belgium:F;North Korea:D;Taiwan:M;Switzerland:R;India:F
0.9601781198981476,14,India:N;India:F;Pakistan:M;Pakistan:E;Pakistan:F;Pakistan:S;North Korea:D;Israel:L;Israel:D;Switzerland:R;Belgium:F;Belgium:T;Belgium:R;Taiwan:M,Belgium:F;North Korea:D;Taiwan:M;Switzerland:R;India:F
0.9604572603622432,14,India:N;India:F;Pakistan:M;Pakistan:E;Pakistan:F;Pakistan:S;North Korea:D;Israel:L;Israel:D;Switzerland:R;Belgium:F;Belgium:T;Belgium:R;Taiwan:M,Belgium:F;North Korea:D;Taiwan:M;Switzerland:R;India:F
0.9607958823927613,14,India:N;India:F;Pakistan:M;Pakistan:E;Pakistan:F;Pakistan:S;North Korea:D;Israel:L;Israel:D;Switzerland:R;Belgium:F;Belgium:T;Belgium:R;Taiwan:M,Belgium:F;North Korea:D;Taiwan:M;Switzerland:R;India:F
0.9614253062427706,14,India:N;India:F;Pakistan:M;Pakistan:E;Pakistan:F;Pakistan:S;North Korea:D;Israel:L;Israel:D;Switzerland:R;Belgium:F;Belgium:T;Belgium:R;Taiwan:M,Belgium:F;North Korea:D;Taiwan:M;Switzerland:R;India:F
0.9614279307890463,14,India:N;India:F;Pakistan:M;Pakistan:E;Pakistan:F;Pakistan:S;North Korea:D;Israel:L;Israel:D;Switzerland:R;Belgium:F;Belgium:T;Belgium:R;Taiwan:M,Belgium:F;North Korea:D;Taiwan:M;Switzerland:R;India:F
0.9617118423181908,14,India:N;India:F;Pakistan:M;Pakistan:E;Pakistan:F;Pakistan:S;North Korea:D;Israel:L;Israel:D;Switzerland:R;Belgium:F;Belgium:T;Belgium:R;Taiwan:M,Belgium:F;North Korea:D;Taiwan:M;Switzerland:R;India:F
0.9623002810335212,15,India:N;India:F;Pakistan:M;Pakistan:E;Pakistan:F;Pakistan:S;North Korea:D;Israel:L;Israel:D;Switzerland:R;Belgium:F;Belgium:T;Belgium:I;Belgium:R;Taiwan:M,Belgium:F;North Korea:D;Taiwan:M;Switzerland:R;India:F
0.9628036654422732,15,India:N;India:F;Pakistan:M;Pakistan:E;Pakistan:F;Pakistan:S;North Korea:D;Israel:L;Israel:D;Switzerland:R;Belgium:F;Belgium:T;Belgium:I;Belgium:R;Taiwan:M,Belgium:F;North Korea:D;Taiwan:M;Switzerland:R;India:F
0.9648337894039433,15,India:N;India:F;Pakistan:M;Pakistan:E;Pakistan:F;Pakistan:S;North Korea:D;Israel:L;Israel:D;Switzerland:R;Belgium:F;Belgium:T;Belgium:I;Belgium:R;Taiwan:M,Belgium:F;North Korea:D;Taiwan:M;Switzerland:R;India:F
0.9654460417846344,15,India:N;India:F;Pakistan:M;Pakistan:E;Pakistan:F;Pakistan:S;North Korea:D;Israel:L;Israel:D;Switzerland:R;Belgium:F;Belgium:T;Belgium:I;Belgium:R;Taiwan:M,Belgium:F;North Korea:D;Taiwan:M;Switzerland:R;India:F
0.9657140183044431,15,India:N;India:F;Pakistan:M;Pakistan:E;Pakistan:F;Pakistan:S;North Korea:D;Israel:L;Israel:D;Switzerland:R;Belgium:F;Belgium:T;Belgium:I;Belgium:R;Taiwan:M,Belgium:F;North Korea:D;Taiwan:M;Switzerland:R;India:F
0.9665646865302777,15,India:N;India:F;Pakistan:M;Pakistan:E;Pakistan:F;Pakistan:S;North Korea:D;Israel:L;Israel:D;Switzerland:R;Belgium:F;Belgium:T;Belgium:I;Belgium:R;Taiwan:M,Belgium:F;North Korea:D;Taiwan:M;Switzerland:R;India:F
0.9666745431804654,15,India:N;India:F;Pakistan:M;Pakistan:E;Pakistan:F;Pakistan:S;North Korea:D;Israel:L;Israel:D;Switzerland:R;Belgium:F;Belgium:T;Belgium:I;Belgium:R;Taiwan:M,Belgium:F;North Korea:D;Taiwan:M;Switzerland:R;India:F
0.9678882855340079,15,India:N;India:F;Pakistan:M;Pakistan:E;Pakistan:F;Pakistan:S;North Korea:D;Israel:L;Israel:D;Switzerland:R;Belgium:F;Belgium:T;Belgium:I;Belgium:R;Taiwan:M,Belgium:F;North Korea:D;Taiwan:M;Switzerland:R;India:F
0.9691088284696088,15,India:N;India:F;Pakistan:M;Pakistan:E;Pakistan:F;Pakistan:S;North Korea:D;Israel:L;Israel:D;Switzerland:R;Belgium:F;Belgium:T;Belgium:I;Belgium:R;Taiwan:M,Belgium:F;North Korea:D;Taiwan:M;Switzerland:R;India:F
0.9694277591893057,15,India:N;India:F;Pakistan:M;Pakistan:E;Pakistan:F;Pakistan:S;North Korea:D;Israel:L;Israel:D;Switzerland:R;Belgium:F;Belgium:T;Belgium:I;Belgium:R;Taiwan:M,Belgium:F;North Korea:D;Taiwan:M;Switzerland:R;India:F
0.9698767498364663,15,India:N;India:F;Pakistan:M;Pakistan:E;Pakistan:F;Pakistan:S;North Korea:D;Israel:L;Israel:D;Switzerland:R;Belgium:F;Belgium:T;Belgium:I;Belgium:R;Taiwan:M,Belgium:F;North Korea:D;Taiwan:M;Switzerland:R;India:F
0.9723818314392065,15,India:N;India:F;Pakistan:M;Pakistan:E;Pakistan:F;Pakistan:S;North Korea:D;Israel:L;Israel:D;Switzerland:R;Belgium:F;Belgium:T;Belgium:I;Belgium:R;Taiwan:M,Belgium:F;North Korea:D;Taiwan:M;Switzerland:R;India:F
0.9741445760288143,15,India:N;India:F;Pakistan:M;Pakistan:E;Pakistan:F;Pakistan:S;North Korea:D;Israel:L;Israel:D;Switzerland:R;Belgium:F;Belgium:T;Belgium:I;Belgium:R;Taiwan:M,Belgium:F;North Korea:D;Taiwan:M;Switzerland:R;India:F
0.9743318588926626,15,India:N;India:F;Pakistan:M;Pakistan:E;Pakistan:F;Pakistan:S;North Korea:D;Israel:L;Israel:D;Switzerland:R;Belgium:F;Belgium:T;Belgium:I;Belgium:R;Taiwan:M,Belgium:F;North Korea:D;Taiwan:M;Switzerland:R;India:F
0.9752443037040377,15,India:N;India:F;Pakistan:M;Pakistan:E;Pakistan:F;Pakistan:S;North Korea:D;Israel:L;Israel:D;Switzerland:R;Belgium:F;Belgium:T;Belgium:I;Belgium:R;Taiwan:M,Belgium:F;North Korea:D;Taiwan:M;Switzerland:R;India:F
0.9755688840163188,15,India:N;India:F;Pakistan:M;Pakistan:E;Pakistan:F;Pakistan:S;North Korea:D;Israel:L;Israel:D;Switzerland:R;Belgium:F;Belgium:T;Belgium:I;Belgium:R;Taiwan:M,Belgium:F;North Korea:D;Taiwan:M;Switzerland:R;India:F
0.9765963058422855,15,India:N;India:F;Pakistan:M;Pakistan:E;Pakistan:F;Pakistan:S;North Korea:D;Israel:L;Israel:D;Switzerland:R;Belgium:F;Belgium:T;Belgium:I;Belgium:R;Taiwan:M,Belgium:F;North Korea:D;Taiwan:M;Switzerland:R;India:F
0.9790914430451009,15,India:N;India:F;Pakistan:M;Pakistan:E;Pakistan:F;Pakistan:S;North Korea:D;Israel:L;Israel:D;Switzerland:R;Belgium:F;Belgium:T;Belgium:I;Belgium:R;Taiwan:M,Belgium:F;North Korea:D;Taiwan:M;Switzerland:R;India:F
0.9797141412247546,15,India:N;India:F;Pakistan:M;Pakistan:E;Pakistan:F;Pakistan:S;North Korea:D;Israel:L;Israel:D;Switzerland:R;Belgium:F;Belgium:T;Belgium:I;Belgium:R;Taiwan:M,Belgium:F;North Korea:D;Taiwan:M;Switzerland:R;India:F
0.9807484706052773,15,India:N;India:F;Pakistan:M;Pakistan:E;Pakistan:F;Pakistan:S;North Korea:D;Israel:L;Israel:D;Switzerland:R;Belgium:F;Belgium:T;Belgium:I;Belgium:R;Taiwan:M,Belgium:F;North Korea:D;Taiwan:M;Switzerland:R;India:F
0.9812138438751891,15,India:N;India:F;Pakistan:M;Pakistan:E;Pakistan:F;Pakistan:S;North Korea:D;Israel:L;Israel:D;Switzerland:R;Belgium:F;Belgium:T;Belgium:I;Belgium:R;Taiwan:M,Belgium:F;North Korea:D;Taiwan:M;Switzerland:R;India:F
0.9826160370982665,15,India:N;India:F;Pakistan:M;Pakistan:E;Pakistan:F;Pakistan:S;North Korea:D;Israel:L;Israel:D;Switzerland:R;Belgium:F;Belgium:T;Belgium:I;Belgium:R;Taiwan:M,Belgium:F;North Korea:D;Taiwan:M;Switzerland:R;India:F
0.9828508463785757,15,India:N;India:F;Pakistan:M;Pakistan:E;Pakistan:F;Pakistan:S;North Korea:D;Israel:L;Israel:D;Switzerland:R;Belgium:F;Belgium:T;Belgium:I;Belgium:R;Taiwan:M,Belgium:F;North Korea:D;Taiwan:M;Switzerland:R;India:F
0.9837354217823436,15,India:N;India:F;Pakistan:M;Pakistan:E;Pakistan:F;Pakistan:S;North Korea:D;Israel:L;Israel:D;Switzerland:R;Belgium:F;Belgium:T;Belgium:I;Belgium:R;Taiwan:M,Belgium:F;North Korea:D;Taiwan:M;Switzerland:R;India:F
0.9842956993219292,15,India:N;India:F;Pakistan:M;Pakistan:E;Pakistan:F;Pakistan:S;North Korea:D;Israel:L;Israel:D;Switzerland:R;Belgium:F;Belgium:T;Belgium:I;Belgium:R;Taiwan:M,Belgium:F;North Korea:D;Taiwan:M;Switzerland:R;India:F
0.9849622550063768,15,India:N;India:F;Pakistan:M;Pakistan:E;Pakistan:F;Pakistan:S;North Korea:D;Israel:L;Israel:D;Switzerland:R;Belgium:F;Belgium:T;Belgium:I;Belgium:R;Taiwan:M,Belgium:F;North Korea:D;Taiwan:M;Switzerland:R;India:F
0.9859631318107327,15,India:N;India:F;Pakistan:M;Pakistan:E;Pakistan:F;Pakistan:S;North Korea:D;Israel:L;Israel:D;Switzerland:R;Belgium:F;Belgium:T;Belgium:I;Belgium:R;Taiwan:M,Belgium:F;North Korea:D;Taiwan:M;Switzerland:R;India:F
0.986080867037793,15,India:N;India:F;Pakistan:M;Pakistan:E;Pakistan:F;Pakistan:S;North Korea:D;Israel:L;Israel:D;Switzerland:R;Belgium:F;Belgium:T;Belgium:I;Belgium:R;Taiwan:M,Belgium:F;North Korea:D;Taiwan:M;Switzerland:R;India:F
0.9864563278615013,15,India:N;India:F;Pakistan:M;Pakistan:E;Pakistan:F;Pakistan:S;North Korea:D;Israel:L;Israel:D;Switzerland:R;Belgium:F;Belgium:T;Belgium:I;Belgium:R;Taiwan:M,Belgium:F;North Korea:D;Taiwan:M;Switzerland:R;India:F
0.9870827548284787,15,India:N;India:F;Pakistan:M;Pakistan:E;Pakistan:F;Pakistan:S;North Korea:D;Israel:L;Israel:D;Switzerland:R;Belgium:F;Belgium:T;Belgium:I;Belgium:R;Taiwan:M,Belgium:F;North Korea:D;Taiwan:M;Switzerland:R;India:F
0.9873453082790143,15,India:N;India:F;Pakistan:M;Pakistan:E;Pakistan:F;Pakistan:S;North Korea:D;Israel:L;Israel:D;Switzerland:R;Belgium:F;Belgium:T;Belgium:I;Belgium:R;Taiwan:M,Belgium:F;North Korea:D;Taiwan:M;Switzerland:R;India:F
0.9873969751191068,15,India:N;India:F;Pakistan:M;Pakistan:E;Pakistan:F;Pakistan:S;North Korea:D;Israel:L;Israel:D;Switzerland:R;Belgium:F;Belgium:T;Belgium:I;Belgium:R;Taiwan:M,Belgium:F;North Korea:D;Taiwan:M;Switzerland:R;India:F
0.9905178554132925,15,India:N;India:F;Pakistan:M;Pakistan:E;Pakistan:F;Pakistan:S;North Korea:D;Israel:L;Israel:D;Switzerland:R;Belgium:F;Belgium:T;Belgium:I;Belgium:R;Taiwan:M,Belgium:F;North Korea:D;Taiwan:M;Switzerland:R;India:F
0.9915278011645222,15,India:N;India:F;Pakistan:M;Pakistan:E;Pakistan:F;Pakistan:S;North Korea:D;Israel:L;Israel:D;Switzerland:R;Belgium:F;Belgium:T;Belgium:I;Belgium:R;Taiwan:M,Belgium:F;North Korea:D;Taiwan:M;Switzerland:R;India:F
0.9926339950312426,15,India:N;India:F;Pakistan:M;Pakistan:E;Pakistan:F;Pakistan:S;North Korea:D;Israel:L;Israel:D;Switzerland:R;Belgium:F;Belgium:T;Belgium:I;Belgium:R;Taiwan:M,Belgium:F;North Korea:D;Taiwan:M;Switzerland:R;India:F
0.9963396103704996,15,India:N;India:F;Pakistan:M;Pakistan:E;Pakistan:F;Pakistan:S;North Korea:D;Israel:L;Israel:D;Switzerland:R;Belgium:F;Belgium:T;Belgium:I;Belgium:R;Taiwan:M,Belgium:F;North Korea:D;Taiwan:M;Switzerland:R;India:F
0.9971093441491768,15,India:N;India:F;Pakistan:M;Pakistan:E;Pakistan:F;Pakistan:S;North Korea:D;Israel:L;Israel:D;Switzerland:R;Belgium:F;Belgium:T;Belgium:I;Belgium:R;Taiwan:M,Belgium:F;North Korea:D;Taiwan:M;Switzerland:R;India:F
0.9973336049543557,15,India:N;India:F;Pakistan:M;Pakistan:E;Pakistan:F;Pakistan:S;North Korea:D;Israel:L;Israel:D;Switzerland:R;Belgium:F;Belgium:T;Belgium:I;Belgium:R;Taiwan:M,Belgium:F;North Korea:D;Taiwan:M;Switzerland:R;India:F
0.9976597356326177,15,India:N;India:F;Pakistan:M;Pakistan:E;Pakistan:F;Pakistan:S;North Korea:D;Israel:L;Israel:D;Switzerland:R;Belgium:F;Belgium:T;Belgium:I;Belgium:R;Taiwan:M,Belgium:F;North Korea:D;Taiwan:M;Switzerland:R;India:F
0.999499567354932,15,India:N;India:F;Pakistan:M;Pakistan:E;Pakistan:F;Pakistan:S;North Korea:D;Israel:L;Israel:D;Switzerland:R;Belgium:F;Belgium:T;Belgium:I;Belgium:R;Taiwan:M,Belgium:F;North Korea:D;Taiwan:M;Switzerland:R;India:F
0.9995201087818327,15,India:N;India:F;Pakistan:M;Pakistan:E;Pakistan:F;Pakistan:S;North Korea:D;Israel:L;Israel:D;Switzerland:R;Belgium:F;Belgium:T;Belgium:I;Belgium:R;Taiwan:M,Belgium:F;North Korea:D;Taiwan:M;Switzerland:R;India:F
0.9996479099244909,15,India:N;India:F;Pakistan:M;Pakistan:E;Pakistan:F;Pakistan:S;North Korea:D;Israel:L;Israel:D;Switzerland:R;Belgium:F;Belgium:T;Belgium:I;Belgium:R;Taiwan:M,Belgium:F;North Korea:D;Taiwan:M;Switzerland:R;India:F
1.0,15,India:N;India:F;Pakistan:M;Pakistan:E;Pakistan:F;Pakistan:S;North Korea:D;Israel:L;Israel:D;Switzerland:R;Belgium:F;Belgium:T;Belgium:I;Belgium:R;Taiwan:M,Belgium:F;North Korea:D;Taiwan:M;Switzerland:R;India:F
