lambda,state_a,capability_a,state_b,capability_b,rank_crossover
0.00039532165937001293,Pakistan,A,Pakistan,S,1
0.0004312793663666919,United States,S,Pakistan,A,1
0.0004743766146764915,India,A,Pakistan,S,1
0.0004744328796423255,Pakistan,A,North Korea,S,1
0.0005270781820415554,Pakistan,S,Taiwan,A,1
0.0005271129107558969,United States,S,India,A,1
0.0005271823819158545,Russia,S,Pakistan,A,1
0.0005929531881502359,China,A,Pakistan,S,1
0.0005929971405933708,United States,S,Taiwan,A,1
0.0005930410995529068,India,A,North Korea,S,1
0.0005931290370269806,Pakistan,A,Israel,S,1
0.0006776464360068885,Pakistan,S,Belgium,A,1
0.0006777038414559923,United States,S,China,A,1
0.0006777612566318935,North Korea,S,Taiwan,A,1
0.0006778186815370645,Russia,S,India,A,1
0.0006779335605451091,United Kingdom,S,Pakistan,A,1
0.000790565186854649,France,A,Pakistan,S,1
0.0007906433187400259,United States,S,Belgium,A,1
0.0007907214660705425,China,A,North Korea,S,1
0.0007907996288507791,Russia,S,Taiwan,A,1
0.0007908778070853178,India,A,Israel,S,1
0.0007910342099356386,Pakistan,A,Switzerland,S,1
0.0009486407261089341,Pakistan,S,Switzerland,A,1
0.000948753229352983,United States,S,France,A,1
0.000948865759284651,North Korea,S,Belgium,A,1
0.0009489783159134352,Russia,S,China,A,1
0.0009490908992488375,Israel,S,Taiwan,A,1
0.000949203509300364,United Kingdom,S,India,A,1
0.0009494288095898373,France,S,Pakistan,A,1
0.00118573060561475,United Kingdom,A,Pakistan,S,1
0.0011859063763004717,United States,S,Switzerland,A,1
0.0011860821991058136,France,A,North Korea,S,1
0.0011862580740539612,Russia,S,Belgium,A,1
0.0011864340011681137,China,A,Israel,S,1
0.0011866099804714832,United Kingdom,S,Taiwan,A,1
0.0011867860119872966,India,A,Switzerland,S,1
0.0011871382317492304,Pakistan,A,Belgium,S,1
0.0015808179388020049,Pakistan,S,Israel,A,1
0.001581130373709298,United States,S,United Kingdom,A,1
0.001581442932141085,North Korea,S,Switzerland,A,1
0.0015817556141706356,Russia,S,France,A,1
0.0015820684198712771,Israel,S,Belgium,A,1
0.0015823813493163956,United Kingdom,S,China,A,1
0.0015826944025794341,Switzerland,S,Taiwan,A,1
0.001583007579733895,France,S,India,A,1
0.0015836343060113805,China,S,Pakistan,A,1
0.002370758441018991,Russia,A,Pakistan,S,1
0.0023714612112295,United States,S,Israel,A,1
0.0023721643982116273,United Kingdom,A,North Korea,S,1
0.0023728680023362273,Russia,S,Switzerland,A,1
0.002373572023974593,France,A,Israel,S,1
0.002374276463498461,United Kingdom,S,Belgium,A,1
0.0023749813212800065,China,A,Switzerland,S,1
0.002375686597691848,France,S,Taiwan,A,1
0.002376392293107047,India,A,Belgium,S,1
0.0023778049424419798,Pakistan,A,Taiwan,S,1
0.004738708298863218,Pakistan,S,North Korea,A,1
0.004741516882037982,United States,S,Russia,A,1
0.0047443287964232545,North Korea,S,Israel,A,1
0.004747144047949186,Russia,S,United Kingdom,A,1
0.004749962642560013,Israel,S,Switzerland,A,1
0.004752784586214094,United Kingdom,S,France,A,1
0.0047556098848839596,Switzerland,S,Belgium,A,1
0.004758438544556348,France,S,China,A,1
0.00476127057123225,Belgium,S,Taiwan,A,1
0.00476410597092695,China,S,India,A,1
0.0047697869135056165,India,S,Pakistan,A,1
0.0062407090457367725,United States,D,Taiwan,M,1
0.006807080754202893,Pakistan,D,Taiwan,M,1
0.006812877730312737,United States,D,India,M,1
0.0074935273472741875,India,M,Pakistan,D,1
0.008316620260374958,India,D,Taiwan,M,1
0.008342638719700425,United States,D,Pakistan,M,1
0.009353766801468955,Taiwan,M,Taiwan,D,1
0.00936471622293286,India,M,India,D,1
0.009386692149997048,Pakistan,M,Pakistan,D,1
0.00939771883670109,United States,M,United States,D,1
0.01068644925331269,China,D,Taiwan,M,1
0.010700743372190144,India,M,Taiwan,D,1
0.010743856089756728,United States,M,Pakistan,D,1
0.010758304298901379,United States,D,North Korea,M,1
0.012461975201132182,Belgium,D,Taiwan,M,1
0.012481418091473545,China,D,India,M,1
0.012520486447990045,India,D,Pakistan,M,1
0.012559800149881556,Pakistan,D,North Korea,M,1
0.012579549728702557,United States,D,Russia,M,1
0.013347635112439523,North Korea,D,Belgium,E,1
0.014556640651573114,France,E,North Korea,D,1
0.014583175907979506,Russia,D,Belgium,E,1
0.014945057994253426,France,D,Taiwan,M,1
0.01497302959370688,India,M,Belgium,D,1
0.015029288087533626,Pakistan,M,Taiwan,D,1
0.015057576168801236,United States,M,India,D,1
0.015114473000916884,Russia,M,Pakistan,D,1
0.015143082965746438,United States,D,Israel,M,1
0.01600647970240231,North Korea,D,Switzerland,E,1
0.01603856983271267,Russia,D,France,E,1
0.016070788891450458,Israel,D,Belgium,E,1
0.016757181841117307,India,N,Pakistan,A,1
0.017777073325909255,United Kingdom,E,North Korea,D,1
0.017816664344468595,Russia,D,Switzerland,E,1
0.01783565574276775,India,N,India,S,1
0.01785643210161162,France,E,Israel,D,1
0.017896377783456006,United Kingdom,D,Belgium,E,1
0.01826033154937728,United Kingdom,I,France,T,1
0.018663889186173926,Switzerland,D,Taiwan,M,1
0.01870753360293791,France,D,India,M,1
0.01879543767340218,China,D,Pakistan,M,1
0.01883970022482234,United States,M,Taiwan,D,1
0.018884171741648175,India,D,North Korea,M,1
0.018973747618802213,Pakistan,D,Israel,M,1
0.01901885498812011,United States,D,United Kingdom,M,1
0.019610477174048832,India,N,Taiwan,S,1
0.01967113080918504,Belgium,E,Taiwan,M,1
0.01991209801950976,France,T,Israel,I,1
0.019961783142331546,United Kingdom,I,Belgium,T,1
0.019988103429763013,North Korea,D,Israel,E,1
0.020038169054212848,Russia,D,United Kingdom,E,1
0.020088486114313076,Israel,D,Switzerland,E,1
0.020091784125335733,India,N,India,A,1
0.02013905650894248,United Kingdom,D,France,E,1
0.020189882156148926,Switzerland,D,Belgium,E,1
0.020193213547182433,Pakistan,N,Pakistan,A,1
0.02144982582979886,France,E,Taiwan,M,1
0.02150749232535067,India,M,Belgium,E,1
0.021777556074878895,China,S,India,N,1
0.021864196442486328,China,E,Israel,R,1
0.021892409726251928,Russia,I,France,T,1
0.021896770612346177,India,S,Pakistan,N,1
0.021952483822545936,Israel,I,Belgium,T,1
0.022012888519936113,United Kingdom,I,China,T,1
0.02231175228064302,India,N,Taiwan,A,1
0.02250000775539965,United States,N,Pakistan,A,1
0.022827251296160412,Russia,E,North Korea,D,1
0.02289257311106316,Russia,D,Israel,E,1
0.02295826984492923,United Kingdom,E,Israel,D,1
0.02302434473485742,United Kingdom,D,Switzerland,E,1
0.02309080105532013,France,E,Switzerland,D,1
0.023157642118704292,France,D,Belgium,E,1
0.02358216258077755,Switzerland,E,Taiwan,M,1
0.02365188289926154,France,E,India,M,1
0.023840004243258623,Russia,R,China,E,1
0.023911259810175656,Israel,R,Taiwan,E,1
0.02431011616740132,France,T,North Korea,I,1
0.024384214051932977,Russia,I,Belgium,T,1
0.02445876502215124,China,T,Israel,I,1
0.02448308865186369,India,N,Belgium,S,1
0.024533773246519158,United Kingdom,I,Taiwan,T,1
0.024633866938889453,Pakistan,N,Taiwan,S,1
0.024709954655771485,United States,N,India,S,1
0.02484654115733022,United Kingdom,D,Taiwan,M,1
0.024923950402264364,India,M,Switzerland,D,1
0.0250802249730911,Pakistan,M,Belgium,D,1
0.025083232226228724,China,A,India,N,1
0.025159099457405115,United States,M,China,D,1
0.025238471609577397,North Korea,M,Taiwan,D,1
0.02524151693397804,India,A,Pakistan,N,1
0.025318346154655613,Russia,M,India,D,1
0.02540181200092179,Pakistan,A,North Korea,N,1
0.025479621624701566,United Kingdom,M,Pakistan,D,1
0.02556103230363073,United States,D,Switzerland,M,1
0.025928225951887377,Russia,L,Switzerland,T,1
0.02618524995581738,United Kingdom,E,Taiwan,M,1
0.02620838446766154,China,E,North Korea,R,1
0.026271239828512233,India,M,Switzerland,E,1
0.026294526600479103,Russia,R,Taiwan,E,1
0.026381236867299193,India,E,Israel,R,1
0.02644492507070713,Pakistan,M,Belgium,E,1
0.026606486805503097,North Korea,E,North Korea,D,1
0.026695270224879046,Russia,E,Russia,D,1
0.026784648152417434,Israel,E,Israel,D,1
0.026874626579562584,United Kingdom,E,United Kingdom,D,1
0.026965211578539098,Switzerland,E,Switzerland,D,1
0.027056409303717884,France,E,France,D,1
0.027148225993009974,Belgium,E,Belgium,D,1
0.02732811975814033,United States,I,France,T,1
0.027421793013572556,North Korea,I,Belgium,T,1
0.027516110649920142,Russia,I,China,T,1
0.027611079339202798,Israel,I,Taiwan,T,1
0.02770670584587008,United Kingdom,I,India,T,1
0.027956227930458752,France,S,India,N,1
0.02815299078730223,China,S,Pakistan,N,1
0.02825241453306077,United States,N,Taiwan,S,1
0.028268679295147002,Russia,L,United Kingdom,T,1
0.02835254300782621,India,S,North Korea,N,1
0.028368923294466993,Israel,L,Switzerland,T,1
0.028640893751792008,India,N,Belgium,A,1
0.02884744792454633,Pakistan,N,Taiwan,A,1
0.028951846284297044,United States,N,India,A,1
0.029099242626888285,United States,R,China,E,1
0.02916292642506171,Russia,N,Pakistan,A,1
0.029205474776457484,North Korea,R,Taiwan,E,1
0.029312485408110215,Russia,R,India,E,1
0.029434320417875127,Israel,E,Taiwan,M,1
0.029543017749192716,United Kingdom,E,India,M,1
0.029762838767687753,France,E,Pakistan,M,1
0.02987398057609216,United States,M,Belgium,E,1
0.031073586993030308,Russia,L,Israel,T,1
0.031194753604261324,United Kingdom,T,Israel,L,1
0.031201683889517936,France,T,Pakistan,I,1
0.03131686885521073,United Kingdom,L,Switzerland,T,1
0.031323853511451165,United States,I,Belgium,T,1
0.03144698359990873,China,T,North Korea,I,1
0.03157108552600468,Russia,I,Taiwan,T,1
0.03169617084106344,India,T,Israel,I,1
0.03188536628773256,United States,E,North Korea,D,1
0.03201295940480462,Russia,D,North Korea,E,1
0.032141577782900915,Russia,E,Israel,D,1
0.032271233829435794,United Kingdom,D,Israel,E,1
0.03240194015283574,United Kingdom,E,Switzerland,D,1
0.032533709566626684,France,D,Switzerland,E,1
0.03257765140852622,India,N,Switzerland,S,1
0.032666555093621444,France,E,Belgium,D,1
0.0327069058868126,China,E,Pakistan,R,1
0.03280048997021015,China,D,Belgium,E,1
0.03284117252920325,United States,R,Taiwan,E,1
0.03284515591851927,Pakistan,N,Belgium,S,1
0.032976546084123995,India,E,North Korea,R,1
0.03298056238273695,United States,N,China,S,1
0.03311708991396724,North Korea,N,Taiwan,S,1
0.033250669139929204,Pakistan,E,Israel,R,1
0.03325475249251239,Russia,N,India,S,1
0.03337454784047762,France,A,India,N,1
0.033603898052479916,Russia,E,Taiwan,M,1
0.03365535591197071,China,A,Pakistan,N,1
0.03372380784561825,Israel,H,Taiwan,N,1
0.03374564620934666,India,M,Israel,E,1
0.033797539439318104,United States,N,Taiwan,A,1
0.03394092942693234,India,A,North Korea,N,1
0.03403276058389454,Pakistan,M,Switzerland,E,1
0.03417815771623896,United States,M,France,E,1
0.034231390731180526,Pakistan,A,Israel,N,1
0.03432480253054743,North Korea,M,Belgium,E,1
0.034496431995573576,Russia,T,Russia,L,1
0.034645826671034545,Israel,T,Israel,L,1
0.034796520950234146,United Kingdom,T,United Kingdom,L,1
0.03494853186538839,Switzerland,T,Switzerland,L,1
0.03550042928387835,North Korea,D,Israel,R,1
0.03652066309875456,Pakistan,I,Belgium,T,1
0.036688147533226856,United States,I,China,T,1
0.03676143275216846,China,N,Israel,H,1
0.03685717521848608,North Korea,I,Taiwan,T,1
0.036931137945172526,United Kingdom,H,Taiwan,N,1
0.037027767583206535,Russia,I,India,T,1
0.03715441689243353,Israel,D,Taiwan,M,1
0.03732777837234785,United Kingdom,D,India,M,1
0.03737373406790225,United Kingdom,I,Pakistan,T,1
0.03751077043188484,Pakistan,R,Taiwan,E,1
0.03767940044964468,France,D,Pakistan,M,1
0.03768748123899885,United States,R,India,E,1
0.037857707414366094,United States,M,Belgium,D,1
0.03803770997624022,China,D,North Korea,M,1
0.038045945200489706,Russia,R,Pakistan,E,1
0.038219432437052364,Russia,M,Taiwan,D,1
0.038227746544259845,United States,E,Israel,R,1
0.038402899565217335,India,D,Israel,M,1
0.03869651960382803,Russia,R,North Korea,D,1
0.03876669497449275,Russia,L,North Korea,T,1
0.0387751692982637,Pakistan,D,Switzerland,M,1
0.03888460697333186,Russia,D,Israel,R,1
0.03895546681192863,Russia,T,Israel,L,1
0.03896402387605566,United States,D,France,M,1
0.03902960704358757,United Kingdom,S,India,N,1
0.03914608606901342,United Kingdom,L,Israel,T,1
0.03914973174479598,North Korea,E,Taiwan,M,1
0.039338579998821746,United Kingdom,T,Switzerland,L,1
0.03934226161837008,Russia,E,India,M,1
0.03941418710222312,France,S,Pakistan,N,1
0.039532976393125814,France,L,Switzerland,T,1
0.039609333311489796,United States,N,Belgium,S,1
0.03973305871609677,United Kingdom,E,Pakistan,M,1
0.03977743797343005,Pakistan,E,North Korea,D,1
0.03980642153882341,China,S,North Korea,N,1
0.0399313832153355,United States,M,Switzerland,E,1
0.03997620685952603,United States,E,Russia,D,1
0.039982737119933026,India,N,Switzerland,A,1
0.04000548091848649,Russia,N,Taiwan,S,1
0.04013169748927628,France,E,North Korea,M,1
0.04017697222862615,North Korea,E,Israel,D,1
0.04020654117043551,India,S,Israel,N,1
0.04033403163378251,Russia,M,Belgium,E,1
0.04037976431229785,Russia,E,United Kingdom,D,1
0.040386427094364866,Pakistan,N,Belgium,A,1
0.04040044656989189,Israel,H,Belgium,N,1
0.04058461395557684,Israel,E,Switzerland,D,1
0.04059134451636139,United States,N,China,A,1
0.04060550664509923,United Kingdom,H,China,N,1
0.040791552632607204,United Kingdom,E,France,D,1
0.04079835201163691,North Korea,N,Taiwan,A,1
0.04081265898203664,Switzerland,H,Taiwan,N,1
0.04100061246276269,Switzerland,E,Belgium,D,1
0.04100748172093208,Russia,N,India,A,1
0.041211826227266046,France,E,China,D,1
0.041425227386324814,Belgium,E,Taiwan,D,1
0.04143223967370123,United Kingdom,N,Pakistan,A,1
0.041959781148741236,Israel,R,Taiwan,M,1
0.04252503229556387,North Korea,R,North Korea,D,1
0.04275228759690984,Russia,R,Russia,D,1
0.042981984869236795,Israel,R,Israel,D,1
0.04349067074283843,China,E,India,R,1
0.043546485079131246,France,T,India,I,1
0.043968728112165324,India,E,Pakistan,R,1
0.044025777039872226,China,T,Pakistan,I,1
0.0442435379800822,United States,T,Russia,L,1
0.04426940138927885,United States,I,Taiwan,T,1
0.04445741207822481,Pakistan,E,North Korea,R,1
0.04448958506087708,North Korea,T,Israel,L,1
0.04451573701805282,India,T,North Korea,I,1
0.04465540848472825,Russia,L,United Kingdom,I,1
0.04470585037980512,United States,E,Russia,R,1
0.044738384078872484,Russia,T,United Kingdom,L,1
0.04483906512613343,France,N,Israel,H,1
0.04495708094659402,North Korea,E,Israel,R,1
0.04498998146266976,Israel,T,Switzerland,L,1
0.0450167251930801,Pakistan,T,Israel,I,1
0.04509179939233436,United Kingdom,H,Belgium,N,1
0.04524442469118797,United Kingdom,T,France,L,1
0.04527147186910733,United States,T,United Kingdom,I,1
0.0453473988689296,China,N,Switzerland,H,1
0.04550176232353341,Switzerland,T,Belgium,L,1
0.04560591255736968,France,H,Taiwan,N,1
0.04573069648007945,Russia,R,Taiwan,M,1
0.04599361146582524,India,M,Israel,R,1
0.04688789566688336,United States,E,Taiwan,M,1
0.0471643251615551,India,M,North Korea,E,1
0.04719428758940692,United States,R,North Korea,D,1
0.04747435236926138,Russia,D,North Korea,R,1
0.04772707903015244,Pakistan,M,Israel,E,1
0.047757760965818664,Russia,R,Israel,D,1
0.048013522176079154,United States,M,United Kingdom,E,1
0.04804457362367166,United Kingdom,D,Israel,R,1
0.04830342436821464,North Korea,M,Switzerland,E,1
0.04859684864358828,Russia,M,France,E,1
0.048665600568055335,Russia,L,Israel,I,1
0.0486682897903594,India,N,Israel,S,1
0.048893859580291306,Israel,M,Belgium,E,1
0.04896345506136135,United Kingdom,I,Israel,L,1
0.049267733877778906,Pakistan,N,Switzerland,S,1
0.04957302771993158,United States,N,France,S,1
0.04985384058725259,United Kingdom,A,India,N,1
0.049882128738768586,North Korea,N,Belgium,S,1
0.05019510859740764,Russia,N,China,S,1
0.05024632114654756,North Korea,R,Taiwan,M,1
0.05037336406215619,Israel,H,Switzerland,N,1
0.05048303386795608,France,A,Pakistan,N,1
0.050512040768891535,Israel,N,Taiwan,S,1
0.050563902406389326,Russia,R,India,M,1
0.0506925583995943,United Kingdom,H,France,N,1
0.05080362400184358,United States,N,Belgium,A,1
0.05083300059369073,United Kingdom,N,India,S,1
0.0510158237275458,Switzerland,H,Belgium,N,1
0.05103709258073799,Pakistan,A,Israel,H,1
0.051128311943823945,China,A,North Korea,N,1
0.0513432384276994,France,H,China,N,1
0.05145717676701047,Russia,N,Taiwan,A,1
0.05152248027622386,Russia,L,Pakistan,T,1
0.05167488290692612,Belgium,H,Taiwan,N,1
0.05179029959212653,India,A,Israel,N,1
0.051856451903774754,United States,T,Israel,L,1
0.05207556482921938,China,E,Taiwan,R,1
0.05219478142535122,United Kingdom,L,North Korea,T,1
0.05241676893532308,India,R,Taiwan,E,1
0.0524696543719816,Pakistan,A,Switzerland,N,1
0.05253755469836417,Russia,T,Switzerland,L,1
0.05288485985050306,France,L,Israel,T,1
0.053015385308679004,Pakistan,R,North Korea,D,1
0.053212973611006194,Russia,D,Pakistan,E,1
0.0532367873552749,United Kingdom,T,Belgium,L,1
0.05336905795506009,United States,R,Russia,D,1
0.05346711039890584,Russia,I,Russia,L,1
0.053467746375545355,United States,R,Pakistan,E,1
0.05356929630483487,United States,E,Israel,D,1
0.053593430110579494,China,L,Switzerland,T,1
0.053727481086546,North Korea,R,Israel,D,1
0.05382685620681028,Israel,I,Israel,L,1
0.05382750077044834,United States,E,North Korea,R,1
0.053930423157078196,United Kingdom,D,North Korea,E,1
0.054090751062126935,Russia,R,United Kingdom,D,1
0.05419147580377587,United Kingdom,I,United Kingdom,L,1
0.05419212912950718,Russia,R,North Korea,E,1
0.054285360309368605,France,T,Taiwan,I,1
0.05429645198601995,Russia,E,Switzerland,D,1
0.05445896686459863,Israel,R,Switzerland,D,1
0.054561731177192666,Russia,E,Israel,R,1
0.05465623951628066,India,I,Belgium,T,1
0.05466748328368359,France,D,Israel,E,1
0.055043620307814956,United Kingdom,E,Belgium,D,1
0.05516062279546968,India,S,Israel,H,1
0.05541341169174016,Pakistan,I,Taiwan,T,1
0.05542496917768858,China,D,Switzerland,E,1
0.0557514317088855,United States,R,Taiwan,M,1
0.055799919681952914,United States,I,India,T,1
0.05581163897392433,France,E,Taiwan,D,1
0.05600161915872268,United Kingdom,H,Pakistan,A,1
0.05614268610014369,India,M,North Korea,R,1
0.05620374184251156,India,D,Belgium,E,1
0.056589339836384166,Russia,I,Pakistan,T,1
0.05694190396013834,Pakistan,M,Israel,R,1
0.05699248572926588,United States,T,Israel,I,1
0.05740141690851566,United Kingdom,I,North Korea,T,1
0.05746617448073644,United Kingdom,N,Israel,H,1
0.057881956305780746,United Kingdom,H,Switzerland,N,1
0.05830379854576663,France,N,Switzerland,H,1
0.058438615601651235,Pakistan,E,Taiwan,M,1
0.05873183467792727,France,H,Belgium,N,1
0.058868640835750254,United States,E,India,M,1
0.0591662021281663,China,N,Belgium,H,1
0.059319798825655044,Russia,L,North Korea,I,1
0.05960704241816321,China,H,Taiwan,N,1
0.05974796115218432,Russia,E,Pakistan,M,1
0.05976293951934469,Russia,I,Israel,L,1
0.06019754623391442,United States,M,Israel,E,1
0.06021275089308429,United Kingdom,L,Israel,I,1
0.06059312621054421,Israel,H,Taiwan,S,1
0.0606539485932534,United Kingdom,E,North Korea,M,1
0.06066938471164417,United Kingdom,I,Switzerland,L,1
0.060935136754979816,Russia,D,Pakistan,R,1
0.06105556969055879,United Kingdom,H,India,S,1
0.0610886218145267,India,A,Israel,H,1
0.06111732447536414,Russia,M,Switzerland,E,1
0.061402835527481145,United States,R,Israel,D,1
0.06158783493681016,France,E,Israel,M,1
0.06187776933917373,United Kingdom,D,North Korea,R,1
0.06203604595203482,Pakistan,A,Switzerland,H,1
0.06206564603219482,United Kingdom,M,Belgium,E,1
0.062147173986060615,Pakistan,T,Israel,L,1
0.0623601073817404,Russia,R,Switzerland,D,1
0.06261127728656345,Pakistan,R,Taiwan,M,1
0.06263373771042147,United States,T,United Kingdom,L,1
0.06285002416371469,France,D,Israel,R,1
0.06310516415293764,United States,R,India,M,1
0.06312798038109373,North Korea,T,Switzerland,L,1
0.06363008522758049,Russia,T,France,L,1
0.06411668767815581,Russia,R,Pakistan,M,1
0.0641402413555771,Israel,T,Belgium,L,1
0.06462893806327033,Russia,S,India,N,1
0.0646347081022257,United States,M,Israel,R,1
0.06465864398443787,United Kingdom,T,China,L,1
0.06488327894907142,China,E,China,R,1
0.06518549469625218,Switzerland,T,Taiwan,L,1
0.0654138117736252,Taiwan,E,Taiwan,R,1
0.06562626018475476,United States,A,North Korea,L,1
0.06569031183703854,United Kingdom,S,Pakistan,N,1
0.06595309216824799,India,E,India,R,1
0.06604698986091878,Pakistan,S,North Korea,L,1
0.06619677383216852,India,N,Israel,A,1
0.06623417982793448,United States,N,Switzerland,S,1
0.06661129341246366,United States,I,Russia,L,1
0.0667871286642015,France,S,North Korea,N,1
0.06688372224201417,Israel,N,Israel,H,1
0.06705877556970768,Pakistan,E,Pakistan,R,1
0.06717058334192307,North Korea,I,Israel,L,1
0.06721256746772948,China,S,Israel,H,1
0.06731071182394142,Pakistan,N,Switzerland,A,1
0.06734938769185538,Russia,N,Belgium,S,1
0.0674476156912365,United Kingdom,N,United Kingdom,H,1
0.06762563712252745,United States,E,United States,R,1
0.06773934475471984,Russia,I,United Kingdom,L,1
0.06776126195765728,Israel,H,Taiwan,A,1
0.06778204311094133,United Kingdom,H,Taiwan,S,1
0.06788185885386468,United States,N,France,A,1
0.06792119404563957,China,S,Israel,N,1
0.0680210983033944,Switzerland,N,Switzerland,H,1
0.06820216397149083,North Korea,E,North Korea,R,1
0.06831782030251522,Israel,I,Switzerland,L,1
0.06834011349928742,United Kingdom,H,India,A,1
0.06836125127103773,India,S,Switzerland,H,1
0.06846278146236105,North Korea,N,Belgium,A,1
0.06850279298249361,United Kingdom,N,Taiwan,S,1
0.0686044167755868,France,N,France,H,1
0.06878860543993895,Russia,E,Russia,R,1
0.0689062609970798,United Kingdom,I,France,L,1
0.06905373278950204,Russia,N,China,A,1
0.06909443823230223,India,S,Switzerland,N,1
0.06919782634036419,Belgium,N,Belgium,H,1
0.06938521950089024,Israel,E,Israel,R,1
0.06952800137563481,France,H,Pakistan,A,1
0.0696549747915918,Israel,N,Taiwan,A,1
0.06980159113809606,China,N,China,H,1
0.07026677862834729,United Kingdom,N,India,A,1
0.07037626169238813,India,R,North Korea,D,1
0.07041598460900408,Taiwan,N,Taiwan,H,1
0.07148566254950625,United States,L,United States,A,1
0.07152320493025331,France,N,Pakistan,A,1
0.071636641448728,Pakistan,R,Israel,D,1
0.07194326992964765,United States,L,Pakistan,S,1
0.07203900843455949,India,M,Pakistan,R,1
0.07205452160687909,France,T,China,I,1
0.07213019691403451,North Korea,L,North Korea,A,1
0.0722839135484002,United States,R,United Kingdom,D,1
0.07259612021369502,United States,S,North Korea,L,1
0.07270940175182283,Belgium,T,Taiwan,I,1
0.0729429891385064,North Korea,R,Switzerland,D,1
0.07336020758785514,Pakistan,M,North Korea,R,1
0.07337629506645371,China,T,India,I,1
0.07361419405820989,Russia,R,France,D,1
0.07362496066431432,Russia,D,Taiwan,M,1
0.07403914850081106,United States,M,Russia,R,1
0.0742978662512512,Israel,R,Belgium,D,1
0.07430883378486706,India,M,Israel,D,1
0.0747307738587244,North Korea,M,Israel,R,1
0.0747474681358045,India,T,Pakistan,I,1
0.07545565189825713,Israel,H,Belgium,S,1
0.07571541482873219,Pakistan,M,Switzerland,D,1
0.07594651762249395,Russia,L,Pakistan,I,1
0.07607033776222961,China,A,Israel,H,1
0.07617086292310997,Pakistan,T,North Korea,I,1
0.07617412291101067,United Kingdom,H,China,S,1
0.07643886487410473,United States,M,France,D,1
0.07667441194473837,United States,I,Israel,L,1
0.0767891743243913,Russia,L,India,T,1
0.07680061888964002,United Kingdom,H,Taiwan,A,1
0.07690308471362066,United States,T,Russia,I,1
0.07690640767991745,Switzerland,H,Taiwan,S,1
0.07717627321406682,North Korea,M,Belgium,D,1
0.0774163940053941,United Kingdom,L,North Korea,I,1
0.07754505744004353,India,A,Switzerland,H,1
0.07764952067189602,North Korea,T,Israel,I,1
0.07765290845935577,France,H,India,S,1
0.07792804775211132,Russia,M,China,D,1
0.07817287678410073,Russia,I,Switzerland,L,1
0.07829217213802683,United Kingdom,L,Pakistan,T,1
0.07829946348959196,India,M,Pakistan,E,1
0.07841058875090967,Russia,T,United Kingdom,I,1
0.07849394900568692,United States,A,Pakistan,L,1
0.07869461244163457,Israel,M,Taiwan,D,1
0.07877154340142967,India,E,North Korea,D,1
0.07894428956169001,France,L,Israel,I,1
0.0789955170274939,Pakistan,L,Pakistan,S,1
0.07906595278625163,United States,T,Switzerland,L,1
0.07907808612270192,Pakistan,A,Belgium,H,1
0.07927174302501155,United States,L,North Korea,A,1
0.07947640808317936,United Kingdom,M,India,D,1
0.07973107873250564,United Kingdom,I,Belgium,L,1
0.07978333272989067,United States,L,United States,S,1
0.07985518103291235,France,L,North Korea,T,1
0.079862766430671,Pakistan,M,North Korea,E,1
0.07999295536003606,Russia,N,Israel,H,1
0.08006510558440624,Russia,A,North Korea,L,1
0.0803539444572523,Pakistan,E,Israel,D,1
0.08058702036230016,North Korea,L,North Korea,S,1
0.08066032413112037,Russia,T,Belgium,L,1
0.08066806326756502,United States,M,Russia,E,1
0.08080089313978378,United Kingdom,H,Israel,N,1
0.08108754478309038,France,M,Pakistan,D,1
0.08116922791115368,United States,E,United Kingdom,D,1
0.08148186837031522,China,L,Israel,T,1
0.0814897659671522,North Korea,M,Israel,E,1
0.08162531796407328,United Kingdom,N,Switzerland,H,1
0.08191785954615081,United States,D,Belgium,M,1
0.08200122492552538,North Korea,E,Switzerland,D,1
0.08232032005568768,United Kingdom,T,Taiwan,L,1
0.0823283810299756,Russia,M,United Kingdom,E,1
0.08246673969520851,France,H,Switzerland,N,1
0.08285045477264963,Russia,E,France,D,1
0.08304838923818504,India,R,Taiwan,M,1
0.08317620654870109,India,L,Switzerland,T,1
0.08318443602305935,Israel,M,Switzerland,E,1
0.08332568943780745,France,N,Belgium,H,1
0.08345447325856384,India,N,North Korea,L,1
0.08371745846088652,Israel,E,Belgium,D,1
0.08405848068666881,United Kingdom,M,France,E,1
0.08415538695411043,North Korea,D,Taiwan,R,1
0.08420272065671494,China,H,Belgium,N,1
0.08460279988400701,United Kingdom,E,China,D,1
0.08495108811158622,Switzerland,M,Belgium,E,1
0.08505006459112774,Russia,D,India,R,1
0.08509841036626506,China,N,Taiwan,H,1
0.08550706704423346,Switzerland,E,Taiwan,D,1
0.08571791476961217,United States,R,Pakistan,M,1
0.0860032652962828,France,S,Israel,H,1
0.08601336039626288,India,H,Taiwan,N,1
0.08604579416002198,China,E,Belgium,R,1
0.08643087335456096,France,E,India,D,1
0.08664630736837516,United States,M,North Korea,R,1
0.08670197713236556,Israel,H,Belgium,A,1
0.08689772895626592,United Kingdom,D,Pakistan,R,1
0.08693788302352902,United Kingdom,H,Belgium,S,1
0.08698134148567686,China,R,Taiwan,E,1
0.08759503061166524,Russia,R,North Korea,M,1
0.08765192654877048,United Kingdom,H,China,A,1
0.08785199632690115,United States,R,Switzerland,D,1
0.08789303734847709,China,S,Switzerland,H,1
0.08793745622433065,India,E,Taiwan,R,1
0.0879828456731682,Pakistan,L,North Korea,A,1
0.08855002503167932,United States,S,Pakistan,L,1
0.08856475971647516,Russia,M,Israel,R,1
0.08862292278862118,Switzerland,H,Taiwan,A,1
0.08882745498301312,France,D,North Korea,R,1
0.08886941267439305,France,H,Taiwan,S,1
0.08896122842711805,United States,L,Russia,A,1
0.0893108169694565,Pakistan,I,Israel,L,1
0.08954113373588907,United States,L,North Korea,S,1
0.08961567314888669,France,H,India,A,1
0.08982481873836806,Russia,R,Belgium,D,1
0.08986772415742487,India,S,Belgium,H,1
0.08996161540432514,North Korea,L,Israel,A,1
0.09031912633962644,United States,I,United Kingdom,L,1
0.09055467982294367,Russia,S,North Korea,L,1
0.0908448338298788,China,D,Israel,R,1
0.09086889319985185,United States,L,India,N,1
0.09093621862865445,United States,E,Pakistan,R,1
0.0913504630917726,North Korea,I,Switzerland,L,1
0.09166942751230883,China,H,Pakistan,A,1
0.09198177801306046,United States,R,North Korea,E,1
0.09240562517325529,Russia,I,France,L,1
0.09305166015659427,Russia,E,North Korea,R,1
0.09320649688529309,United States,A,Switzerland,T,1
0.09348544782966807,Israel,I,Belgium,L,1
0.0936375868973797,Pakistan,S,Switzerland,T,1
0.09414672377478782,Russia,R,Israel,E,1
0.09459080580988131,United Kingdom,I,China,L,1
0.09526786848717213,United Kingdom,E,Israel,R,1
0.09616651463018117,India,N,North Korea,S,1
0.09763843461288993,United States,A,India,L,1
0.09825926867612898,India,L,Pakistan,S,1
0.09848027617712443,Russia,A,India,N,1
0.09853546775555781,Pakistan,N,Israel,S,1
0.09924595624559206,Taiwan,M,Taiwan,R,1
0.09949376916035471,North Korea,N,Israel,H,1
0.09972922541151646,India,N,Pakistan,L,1
0.09976425747753717,United States,N,United Kingdom,S,1
0.0999788716198323,Israel,H,Switzerland,S,1
0.1000813819805078,Russia,A,Pakistan,L,1
0.10049264229309512,India,M,India,R,1
0.1007337754528752,Pakistan,L,North Korea,S,1
0.10074672812431237,Russia,N,United Kingdom,H,1
0.10078820097541888,France,A,Israel,H,1
0.10096606773591216,United Kingdom,A,Pakistan,N,1
0.10102408153778307,North Korea,N,Switzerland,S,1
0.101244156181473,United Kingdom,H,France,S,1
0.10134927896824152,United States,L,Israel,A,1
0.10146487874067635,United States,A,United Kingdom,T,1
0.10173455638377438,Russia,L,Taiwan,T,1
0.1019331680725252,United Kingdom,T,Pakistan,S,1
0.10201836230291166,United States,L,Russia,S,1
0.1020316474550916,Israel,N,Switzerland,H,1
0.10207418516147598,United Kingdom,H,Belgium,A,1
0.10225662388764789,United States,N,Switzerland,A,1
0.10227928385001821,Pakistan,N,North Korea,L,1
0.10231613067882409,Russia,N,France,S,1
0.10254187690655661,Switzerland,H,Belgium,S,1
0.10264971327153738,United Kingdom,A,North Korea,L,1
0.1027683003827667,North Korea,A,Switzerland,T,1
0.10304496055244772,India,T,Israel,L,1
0.10308239792853173,Pakistan,M,Pakistan,R,1
0.10324872680030137,United States,S,Switzerland,T,1
0.10333613521305515,North Korea,L,Israel,S,1
0.10334976581385225,United Kingdom,N,France,H,1
0.10339340992005804,China,A,Switzerland,H,1
0.10358059918425307,France,A,North Korea,N,1
0.10364165734845333,Israel,N,Belgium,S,1
0.10387329726430088,France,H,China,S,1
0.10442798380116497,United States,M,United States,R,1
0.10464383727897707,China,R,North Korea,D,1
0.1047023867071441,Switzerland,N,Belgium,H,1
0.10474718094726441,France,H,Taiwan,A,1
0.1049393087439632,Russia,N,Belgium,A,1
0.10500197974921299,United Kingdom,N,China,S,1
0.10523974720751413,Belgium,H,Taiwan,S,1
0.10552370885011392,Russia,L,India,I,1
0.10576971970100613,Pakistan,T,Switzerland,L,1
0.10580916350269931,North Korea,M,North Korea,R,1
0.10603077061735801,Russia,D,Taiwan,R,1
0.10609088278659719,France,N,China,H,1
0.1061368732304452,India,A,Belgium,H,1
0.1063341376059955,China,A,Israel,N,1
0.10639848621102259,Switzerland,N,Taiwan,S,1
0.1066426276038357,China,H,India,S,1
0.10711699939192494,France,T,Belgium,I,1
0.10718686022115899,United States,T,France,L,1
0.10722736827035963,Russia,M,Russia,R,1
0.107454962173092,India,R,Israel,D,1
0.10751670049532863,Belgium,N,Taiwan,H,1
0.10776654544001316,United Kingdom,N,Taiwan,A,1
0.10783263991744182,France,N,India,S,1
0.10838295160755174,United Kingdom,L,Pakistan,I,1
0.10857072061873721,China,I,Belgium,T,1
0.10864249116042028,North Korea,T,Belgium,L,1
0.10868410711774078,Israel,M,Israel,R,1
0.10898136509412829,China,N,India,H,1
0.10902989630095083,Pakistan,A,Taiwan,H,1
0.10923807164142885,India,A,Switzerland,N,1
0.10987147596537744,United States,I,Switzerland,L,1
0.11006444259968057,China,T,Taiwan,I,1
0.11013820224337664,Russia,T,China,L,1
0.11042129108731485,Pakistan,R,Switzerland,D,1
0.11119902175705834,United States,A,Taiwan,L,1
0.11132896711103782,United States,A,Israel,T,1
0.1114014562684914,France,L,North Korea,I,1
0.11147114933099923,India,N,Switzerland,T,1
0.11159983936390583,India,I,Taiwan,T,1
0.11167567196139526,Israel,T,Taiwan,L,1
0.11184147598056257,Pakistan,S,Israel,T,1
0.1119036082474113,Pakistan,S,Taiwan,L,1
0.11196672994726507,United States,R,France,D,1
0.11230506893287513,Pakistan,A,Belgium,N,1
0.11276646178677005,India,L,North Korea,A,1
0.11290009853055548,United Kingdom,T,North Korea,A,1
0.11297464881846622,Russia,I,Belgium,L,1
0.11310865095927104,United States,A,United Kingdom,I,1
0.11325667385601816,United Kingdom,T,India,L,1
0.11342720929353065,United States,S,United Kingdom,T,1
0.11349111642642937,United States,S,India,L,1
0.11354710029977114,United Kingdom,I,Pakistan,S,1
0.11355604228734853,North Korea,R,Belgium,D,1
0.11364364872224243,United States,L,Pakistan,N,1
0.11451620995394879,Russia,A,Switzerland,T,1
0.11459291054672904,China,L,Israel,I,1
0.11505855565265884,North Korea,S,Switzerland,T,1
0.11519112329586254,Russia,R,China,D,1
0.11519428260316392,India,E,Taiwan,M,1
0.11528127176635103,United States,N,North Korea,L,1
0.11603775351105171,Pakistan,L,Israel,A,1
0.11625820632646554,United Kingdom,I,Taiwan,L,1
0.11647428100784403,United States,I,Pakistan,T,1
0.11680520469782274,Russia,S,Pakistan,L,1
0.11687397891020294,Israel,R,Taiwan,D,1
0.11774562067465819,United States,L,United Kingdom,A,1
0.1181951174229028,United States,T,North Korea,I,1
0.11853590604401182,United States,L,Israel,S,1
0.11937788264364493,United Kingdom,S,Israel,H,1
0.11950451229637811,North Korea,L,Switzerland,A,1
0.11988724279601332,North Korea,L,Israel,H,1
0.11996756497657103,Russia,I,North Korea,T,1
0.12031866630963936,United Kingdom,S,North Korea,L,1
0.12033940158091272,Israel,H,Switzerland,A,1
0.12039509246782884,United States,E,Pakistan,M,1
0.12118625242108842,United Kingdom,H,Switzerland,S,1
0.12129759059212676,United Kingdom,T,India,N,1
0.12179398089110965,Russia,T,Israel,I,1
0.1221772436290534,United Kingdom,H,France,A,1
0.12223464895072828,United States,M,North Korea,E,1
0.12305025228786792,France,S,Switzerland,H,1
0.12307487302704405,United States,A,Israel,I,1
0.12329267658289335,China,R,Taiwan,M,1
0.12331749652573841,United States,A,Russia,T,1
0.1235507269908925,Pakistan,S,Israel,I,1
0.12367686815571334,United Kingdom,I,Israel,T,1
0.12388343702156848,Russia,T,Pakistan,S,1
0.1238893201434788,India,N,India,L,1
0.12407209190406963,Switzerland,H,Belgium,A,1
0.12413129206438964,Russia,E,North Korea,M,1
0.12497248933051325,France,H,Belgium,S,1
0.12499788538611212,United Kingdom,I,North Korea,A,1
0.1252225545731269,India,M,Taiwan,R,1
0.1252481576819635,North Korea,A,Israel,T,1
0.12548875536013335,United States,S,United Kingdom,I,1
0.12583199959622815,United States,S,Israel,T,1
0.12602664051968457,France,H,China,A,1
0.12608772103000324,Russia,M,Israel,E,1
0.12695573612784888,China,S,Belgium,H,1
0.12724023328216533,Russia,A,United Kingdom,T,1
0.12769523648579892,France,R,China,E,1
0.12784283961406537,United Kingdom,T,North Korea,S,1
0.12784910481252273,Pakistan,N,Pakistan,L,1
0.1280437560718416,Belgium,H,Taiwan,A,1
0.12810680796306462,United Kingdom,E,Israel,M,1
0.128184297569492,United Kingdom,R,France,F,1
0.1290029440941149,China,H,Taiwan,S,1
0.12913387701657064,United States,A,China,L,1
0.12929670108322075,Israel,A,Switzerland,T,1
0.12976655789814284,Belgium,R,Taiwan,E,1
0.12991899120855238,Russia,S,Switzerland,T,1
0.12992546155656787,United States,N,United States,L,1
0.12994830610785038,China,L,Pakistan,S,1
0.13012649166652066,China,H,India,A,1
0.13019161194174245,United Kingdom,M,Switzerland,E,1
0.13043069721689418,United States,L,Israel,H,1
0.13104039428674746,Russia,L,Taiwan,I,1
0.1311172581342227,India,S,Taiwan,H,1
0.13125252036950952,North Korea,A,Taiwan,L,1
0.13139254591749785,United States,M,Pakistan,R,1
0.13156751323127014,United States,N,Israel,H,1
0.13168321814734146,United Kingdom,I,India,N,1
0.13190618433649598,China,R,India,E,1
0.13207037460386234,North Korea,N,North Korea,L,1
0.13209397972183756,United States,S,Taiwan,L,1
0.1323453944716588,France,E,Switzerland,M,1
0.13259246314358455,United Kingdom,H,North Korea,L,1
0.13302396249778944,India,N,Israel,T,1
0.13322258682492732,India,I,Israel,L,1
0.13344184264067707,Russia,A,India,L,1
0.1335865810404121,United States,R,North Korea,M,1
0.13376744448402833,United Kingdom,H,North Korea,N,1
0.1343117006038336,India,L,North Korea,S,1
0.13450206202998946,India,H,Pakistan,A,1
0.13457163651151036,France,M,Belgium,E,1
0.13496708391186635,United States,A,Russia,I,1
0.13548731079630863,Russia,I,Pakistan,S,1
0.135855133897176,Russia,M,North Korea,R,1
0.1360421966067888,Russia,N,Switzerland,H,1
0.13640432794298166,India,R,Pakistan,E,1
0.1372831725963029,North Korea,A,Israel,I,1
0.1375999863538988,Pakistan,N,Switzerland,T,1
0.1378125219941596,Pakistan,I,Switzerland,L,1
0.13782144287953554,United States,S,Israel,I,1
0.13804715947354226,United Kingdom,A,Pakistan,L,1
0.13819960766526448,United States,A,North Korea,T,1
0.13820206642709082,Russia,R,Israel,M,1
0.13831893106241136,North Korea,D,Belgium,R,1
0.13839565268072837,France,H,Israel,N,1
0.13883140067793637,Pakistan,S,North Korea,T,1
0.13897830368249145,Pakistan,L,Israel,S,1
0.13943121343595608,United Kingdom,R,Switzerland,F,1
0.13968013917818725,Russia,A,United Kingdom,I,1
0.14022817174450208,United States,I,France,L,1
0.1402374081211535,United Kingdom,I,North Korea,S,1
0.1404711142625458,United States,L,Switzerland,A,1
0.14062896615895695,Russia,T,North Korea,A,1
0.1406315121246398,United Kingdom,M,Israel,R,1
0.14075252338477626,Russia,D,China,R,1
0.14083196921800817,United Kingdom,N,Belgium,H,1
0.14096408215316844,India,N,Taiwan,L,1
0.14122008566218172,Pakistan,R,North Korea,E,1
0.14128321907753918,United States,S,Russia,T,1
0.14143535947506242,United States,L,United Kingdom,S,1
0.14190445218089948,France,F,Switzerland,R,1
0.14273001792788811,North Korea,I,Belgium,L,1
0.14298171435436155,France,A,North Korea,L,1
0.14300745289387956,Pakistan,L,Israel,H,1
0.14314526244243597,Russia,A,Israel,T,1
0.14322577364267,India,N,Israel,I,1
0.143273282897456,Israel,D,Taiwan,R,1
0.14335560066043818,China,H,Switzerland,N,1
0.14375777125865058,United States,R,Russia,E,1
0.14382319456582354,North Korea,S,Israel,T,1
0.14398085751762912,North Korea,L,Switzerland,S,1
0.1453227579080819,Russia,I,China,L,1
0.1456103739811253,United States,L,United Kingdom,H,1
0.14575324831517517,United Kingdom,T,Israel,A,1
0.1458859782770128,United Kingdom,D,India,R,1
0.1459713265602183,France,N,Taiwan,H,1
0.14638832874345534,North Korea,R,Israel,E,1
0.14645616882383805,Russia,S,United Kingdom,T,1
0.14695253175764933,China,M,Switzerland,I,1
0.14726025990612251,Russia,T,India,N,1
0.14801143668062766,Israel,I,Taiwan,L,1
0.1481172331994074,Israel,H,Israel,S,1
0.148309804747927,North Korea,L,Switzerland,H,1
0.1484580282980383,United Kingdom,A,Switzerland,T,1
0.1486842817916916,India,H,Belgium,N,1
0.14877940871645298,Israel,H,Switzerland,T,1
0.1488315454796601,United States,N,Pakistan,L,1
0.14911695140641837,Russia,R,United Kingdom,E,1
0.14918734469140102,Israel,S,Switzerland,T,1
0.14930132496975976,United Kingdom,A,Israel,H,1
0.1494033007955409,United States,A,North Korea,I,1
0.14997701249301118,Pakistan,S,North Korea,I,1
0.15068559307998428,Russia,L,China,T,1
0.15080147963746596,United Kingdom,I,India,L,1
0.15091130379651427,United Kingdom,H,United Kingdom,S,1
0.1514080563831314,France,D,Pakistan,R,1
0.15165288717652697,United States,L,North Korea,N,1
0.15194922709554962,Israel,R,Switzerland,E,1
0.15214067552445923,United Kingdom,H,Switzerland,A,1
0.1522465682749243,Russia,I,North Korea,A,1
0.15271738665173404,France,F,China,E,1
0.15284156266590282,United Kingdom,F,United Kingdom,R,1
0.15284236770434315,United States,S,Russia,I,1
0.15288887372655421,United Kingdom,T,Pakistan,N,1
0.1535783486487826,Israel,L,Taiwan,T,1
0.1538128153598349,Switzerland,H,Switzerland,S,1
0.1539665376231798,United States,A,Belgium,L,1
0.15406617497281214,United States,D,Switzerland,I,1
0.15432888596662905,United States,R,Belgium,D,1
0.15442440212184091,Pakistan,H,Taiwan,N,1
0.15450052558862237,North Korea,D,Taiwan,E,1
0.15458326192401986,Russia,N,North Korea,L,1
0.1549313142370123,Pakistan,S,Belgium,L,1
0.15509011488008706,France,A,Switzerland,H,1
0.15520015464243028,Russia,A,Israel,I,1
0.15581850565293537,Switzerland,F,Switzerland,R,1
0.15581934235683723,North Korea,S,Israel,I,1
0.15586767794293785,United States,N,Switzerland,T,1
0.15658434427605367,United Kingdom,L,India,T,1
0.1568280865498,France,H,France,S,1
0.15698623911821302,Russia,I,India,N,1
0.15698789801137383,China,L,North Korea,A,1
0.15716668112922688,United States,T,United States,A,1
0.1573646243626853,China,D,North Korea,R,1
0.15754308680285933,Russia,D,India,E,1
0.15788163902168767,United States,T,Pakistan,S,1
0.1579910340549878,United States,S,China,L,1
0.15815617224540385,France,H,Belgium,A,1
0.15827060748709892,United Kingdom,I,Israel,A,1
0.15891371790948638,France,F,France,R,1
0.15891458818456555,Russia,S,United Kingdom,I,1
0.1597782206890269,Switzerland,I,Belgium,M,1
0.15996394140575357,Belgium,H,Belgium,S,1
0.1601302111688125,Russia,A,Taiwan,L,1
0.16031622730123868,North Korea,T,North Korea,A,1
0.1605221886015808,Russia,R,Taiwan,D,1
0.1610601949670056,United States,S,North Korea,T,1
0.16117404072460031,North Korea,S,Taiwan,L,1
0.16134590355971393,China,A,Belgium,H,1
0.16146276756279418,United Kingdom,H,Pakistan,L,1
0.16175784957216252,United Kingdom,T,Israel,H,1
0.16271840315599143,Belgium,R,Taiwan,M,1
0.16296373674063044,France,L,Pakistan,T,1
0.16303438875737394,France,I,China,M,1
0.16322776090337096,China,H,China,S,1
0.1633990913237763,United Kingdom,I,Pakistan,N,1
0.16340088851673196,India,L,Israel,A,1
0.1634977910102038,China,L,India,N,1
0.16359458564849827,Russia,T,Russia,A,1
0.1638090622497179,India,D,Israel,R,1
0.16400244985105075,United Kingdom,D,Pakistan,E,1
0.16436936521808404,Russia,T,North Korea,S,1
0.16448793894589675,Russia,S,India,L,1
0.16466694570230858,China,H,Taiwan,A,1
0.16478867194214109,United States,L,Switzerland,H,1
0.16490890090662713,India,N,North Korea,T,1
0.16509604726956106,United Kingdom,H,Switzerland,T,1
0.16602453921668192,China,E,Switzerland,F,1
0.16609677847637008,China,R,India,M,1
0.16635241309740217,United States,T,Belgium,L,1
0.1666275409552408,Taiwan,H,Taiwan,S,1
0.16700982350800078,Israel,T,Israel,A,1
0.16729762534990442,United States,I,United States,A,1
0.16743491692177304,United States,E,Switzerland,D,1
0.16748573889864485,Pakistan,D,Switzerland,I,1
0.16775559160832718,France,T,China,M,1
0.16781736953087895,Russia,S,Israel,T,1
0.16793705474969278,United States,I,Pakistan,S,1
0.16799642315749425,France,F,North Korea,D,1
0.16812757753748683,India,A,Taiwan,H,1
0.1682544758960449,France,H,North Korea,L,1
0.16910600224989042,United Kingdom,R,Israel,F,1
0.1693613922970609,Switzerland,I,Belgium,E,1
0.16954307814498173,France,F,Taiwan,E,1
0.16961250263159308,United Kingdom,I,Israel,H,1
0.16988501078402726,China,L,North Korea,T,1
0.17017195781400152,India,H,India,S,1
0.17036013799581945,Pakistan,L,Switzerland,A,1
0.17046547308336366,India,L,Pakistan,N,1
0.17057069624238552,United Kingdom,T,United Kingdom,A,1
0.17087091258960593,North Korea,I,North Korea,A,1
0.1710141340884669,France,D,North Korea,E,1
0.1710671524523663,United States,D,France,I,1
0.1714131321484032,United Kingdom,T,Israel,S,1
0.17153800312755335,United States,S,North Korea,I,1
0.1715420901590814,United Kingdom,S,Pakistan,L,1
0.1719999829423735,Pakistan,N,Israel,T,1
0.17275779986139633,United Kingdom,F,Switzerland,R,1
0.17283318169275894,Russia,L,China,I,1
0.1732926147367503,India,R,Pakistan,M,1
0.17357089750840338,Russia,T,Taiwan,L,1
0.17367181886234725,India,N,North Korea,I,1
0.174066895538883,United States,L,France,A,1
0.17428672218601957,Switzerland,T,Switzerland,A,1
0.17460017397273406,Russia,I,Russia,A,1
0.1747497180528432,Russia,E,Belgium,D,1
0.17498596598294713,United States,D,France,T,1
0.1750567862124156,France,M,Switzerland,I,1
0.17516635892724705,United Kingdom,S,Switzerland,T,1
0.17522813896203493,France,F,Taiwan,M,1
0.17529676015144188,Russia,I,North Korea,S,1
0.17530102825839147,United States,L,Switzerland,S,1
0.17577923614468718,United States,N,United Kingdom,T,1
0.1765707976772071,France,R,Switzerland,F,1
0.17664954454632364,Israel,L,Taiwan,I,1
0.17717572554083572,India,L,Israel,H,1
0.17721697859524774,Israel,T,Israel,H,1
0.17742027198906932,India,L,Israel,T,1
0.17793854684462596,North Korea,L,Belgium,A,1
0.1780534651250313,Pakistan,L,North Korea,N,1
0.17849584977576657,Israel,I,Israel,A,1
0.17865214453880487,China,D,Israel,E,1
0.17897309302279896,France,I,Belgium,M,1
0.1792239319786238,Russia,S,Israel,I,1
0.17922839346687172,France,S,North Korea,L,1
0.17972829903441898,North Korea,N,Switzerland,T,1
0.18055591031593446,France,F,Belgium,R,1
0.18063825267925288,United Kingdom,L,India,I,1
0.181140178529568,Pakistan,R,North Korea,M,1
0.18123164414541004,United Kingdom,T,United Kingdom,H,1
0.18155454591530698,Pakistan,N,Israel,I,1
0.18187211229733685,United Kingdom,F,China,E,1
0.1821065529723695,United States,L,Russia,N,1
0.1821681793111941,United States,A,Pakistan,T,1
0.1823110160193333,France,T,Belgium,M,1
0.18256933331233915,United Kingdom,I,United Kingdom,A,1
0.1825717479756863,North Korea,D,Switzerland,F,1
0.18273284639967763,United Kingdom,E,Taiwan,D,1
0.18299145424516938,Pakistan,T,Pakistan,S,1
0.18306863807169427,China,M,Belgium,I,1
0.1833310969855877,United Kingdom,I,Israel,S,1
0.18404945360329897,France,E,Switzerland,I,1
0.18432129387214816,Israel,I,Israel,H,1
0.18533666817472358,United States,R,Russia,M,1
0.18538725593490873,Pakistan,L,Switzerland,H,1
0.18543242198467863,Switzerland,T,Switzerland,H,1
0.18565501270147688,Pakistan,L,Switzerland,T,1
0.1857704803150658,United States,N,United Kingdom,I,1
0.18610298005834183,Switzerland,F,Taiwan,E,1
0.18634846249188172,North Korea,L,Israel,N,1
0.18641299377058618,United States,T,North Korea,A,1
0.18656256742155827,China,M,Belgium,T,1
0.1868356109859117,Russia,D,France,F,1
0.18700432548530013,India,D,Switzerland,E,1
0.1872751737947594,United States,T,United States,S,1
0.18736381671173094,United States,T,India,N,1
0.18777234668938478,France,I,Pakistan,D,1
0.18781758854129682,United States,S,India,N,1
0.1883834371886083,France,I,Belgium,E,1
0.18866824065081567,United Kingdom,I,United Kingdom,H,1
0.18918161161976263,France,L,Pakistan,I,1
0.18924417982179162,Russia,F,United Kingdom,R,1
0.18973221013367375,North Korea,R,Israel,M,1
0.18978522622322236,United States,L,France,H,1
0.19006168367315773,United States,A,Pakistan,I,1
0.1901376125767054,France,T,Pakistan,D,1
0.19039971098099018,Switzerland,F,Taiwan,M,1
0.1905301837942293,France,T,Belgium,E,1
0.19053538031882725,France,F,India,E,1
0.19062381646586443,United States,A,France,L,1
0.19078378872917867,Pakistan,I,Pakistan,S,1
0.190860349923248,Russia,A,North Korea,T,1
0.19176425942109807,North Korea,T,North Korea,S,1
0.19180683745832394,France,L,Pakistan,S,1
0.192227888467932,India,N,North Korea,A,1
0.19228558615780927,United States,D,Belgium,I,1
0.19356628767381606,Switzerland,M,Switzerland,I,1
0.19376367721077586,United States,I,Belgium,L,1
0.19382931350423283,Israel,F,Switzerland,R,1
0.19415815661694777,Pakistan,N,Israel,H,1
0.1943261407726256,United States,I,India,N,1
0.19434131093927173,Russia,R,United Kingdom,M,1
0.1943969344970503,North Korea,L,Belgium,H,1
0.1946064628724469,India,N,Belgium,L,1
0.19468700107485332,United States,I,North Korea,A,1
0.19470323433806389,Israel,R,Switzerland,I,1
0.19476667131333403,United States,D,Belgium,T,1
0.195041696306746,France,F,India,M,1
0.19508173041942012,Russia,S,Israel,H,1
0.19527686922577986,North Korea,A,Belgium,L,1
0.19544474996486927,United States,I,United States,S,1
0.1955250985133781,Russia,T,Israel,A,1
0.1959431856796509,Russia,T,Israel,H,1
0.1961757541296986,Pakistan,D,Belgium,E,1
0.19647384202248042,Russia,T,Russia,S,1
0.19651853735225797,United States,S,Belgium,L,1
0.19657140907699827,Russia,T,Pakistan,N,1
0.1966221048947522,Israel,H,Israel,A,1
0.19707093551111562,Russia,S,Pakistan,N,1
0.1977646105953432,Russia,L,China,M,1
0.19836590669378693,France,M,France,I,1
0.1985732116719139,China,L,North Korea,I,1
0.19864214738685798,United Kingdom,F,France,R,1
0.19898753832070942,United States,N,United Kingdom,H,1
0.19917992182941033,Israel,R,Switzerland,M,1
0.19954305596883892,Russia,A,North Korea,I,1
0.19963223871451022,France,M,France,T,1
0.19991644540110579,United Kingdom,F,North Korea,D,1
0.1999577432396646,United Kingdom,H,Israel,S,1
0.2001627639610156,Russia,A,China,L,1
0.20033915445879072,North Korea,I,North Korea,S,1
0.200423578504823,United Kingdom,A,Israel,T,1
0.2008629002496215,United Kingdom,H,Israel,T,1
0.20106434706624587,China,E,Israel,F,1
0.20121332501637437,Israel,H,Taiwan,L,1
0.2014205763343289,Israel,T,Israel,S,1
0.2014675509057504,China,L,North Korea,S,1
0.20152311952277122,United States,N,Israel,T,1
0.20152712503241738,Switzerland,E,Switzerland,I,1
0.20157640195083776,United Kingdom,H,United Kingdom,A,1
0.20182341443729357,Russia,I,Israel,H,1
0.20193213547182431,Pakistan,N,Israel,A,1
0.20204816307556614,United States,N,Israel,S,1
0.20281762202685297,India,D,Switzerland,I,1
0.20340959785743806,Belgium,M,Belgium,I,1
0.2036275846044001,Russia,I,Taiwan,L,1
0.20370007492510636,Switzerland,F,Belgium,R,1
0.20395209217147936,France,R,North Korea,D,1
0.2040632949101832,North Korea,N,Switzerland,H,1
0.20424886415472038,Russia,I,Pakistan,N,1
0.20455856770003641,Pakistan,N,Taiwan,L,1
0.20464755580405064,Russia,I,Israel,A,1
0.2047413607397517,Belgium,M,Belgium,T,1
0.2050403116856213,Russia,D,Switzerland,F,1
0.20508375381311322,United Kingdom,S,Switzerland,H,1
0.2051603837915613,United States,D,Russia,L,1
0.20529942654307476,Israel,A,Taiwan,L,1
0.2054849906180908,Russia,I,Russia,S,1
0.20557380829293997,United Kingdom,T,Switzerland,A,1
0.2060360244274207,United Kingdom,T,Switzerland,H,1
0.2062479866627552,United Kingdom,F,Taiwan,E,1
0.20640474822763055,United Kingdom,H,India,L,1
0.20662283771641318,United Kingdom,T,United Kingdom,S,1
0.2066722704261103,Russia,S,Taiwan,L,1
0.20673074766921817,United Kingdom,T,North Korea,N,1
0.20673496287130969,France,E,France,I,1
0.20678681984011607,Switzerland,H,Switzerland,A,1
0.20695494677447593,France,E,France,T,1
0.20704677533047192,United Kingdom,H,Israel,I,1
0.20716119836850613,United States,N,United Kingdom,A,1
0.20728331469690667,United Kingdom,S,North Korea,N,1
0.2084474736108337,United Kingdom,F,Taiwan,M,1
0.20864659936940494,France,T,France,I,1
0.2087164643678494,China,M,China,I,1
0.20894598026363545,India,L,Israel,I,1
0.20902230738451183,France,F,China,R,1
0.20928767455795413,Russia,D,Belgium,R,1
0.2094047734142882,Russia,N,France,H,1
0.20960018922674245,United States,N,Israel,I,1
0.2099263468031044,United States,N,India,L,1
0.21002006748923485,United Kingdom,A,Israel,I,1
0.2101188634933413,China,M,China,T,1
0.21043373655209782,France,F,Israel,D,1
0.21047949441502825,France,H,Switzerland,S,1
0.21070667139381863,United Kingdom,A,India,L,1
0.21090214374673238,Israel,I,Israel,S,1
0.2109957071751214,France,A,Switzerland,T,1
0.21146776795110758,Russia,R,Switzerland,I,1
0.21148265511430916,France,H,Switzerland,T,1
0.21170597813203026,India,E,Switzerland,F,1
0.2121009502441371,Switzerland,T,Switzerland,S,1
0.2121530392125936,India,L,Israel,S,1
0.21221465957423702,Russia,N,Switzerland,T,1
0.21221910137677344,Belgium,E,Belgium,I,1
0.2122737464608904,France,H,France,A,1
0.2124509178232637,Belgium,E,Belgium,T,1
0.21254768954602785,United Kingdom,I,Switzerland,H,1
0.212668275211991,North Korea,N,Switzerland,A,1
0.21279697242204518,Russia,N,Switzerland,S,1
0.21365065128645475,Pakistan,D,Belgium,I,1
0.21372301194941185,Pakistan,D,Belgium,T,1
0.21402407071488674,India,M,Switzerland,F,1
0.21423399878384988,Belgium,T,Belgium,I,1
0.2147778601975003,Russia,L,Belgium,M,1
0.21482710624189627,United Kingdom,R,North Korea,F,1
0.214909924346184,China,R,Israel,D,1
0.21503340099065726,Israel,N,Belgium,H,1
0.21523946838968513,United Kingdom,I,North Korea,N,1
0.2156822680507665,United Kingdom,I,Switzerland,A,1
0.21616683005236845,France,S,Belgium,H,1
0.21627861611614657,France,T,Israel,R,1
0.2164527624553796,United Kingdom,M,Switzerland,I,1
0.21661265285290032,United Kingdom,I,United Kingdom,S,1
0.2168978358982523,India,N,Pakistan,T,1
0.21720936541130834,France,I,Israel,R,1
0.21763497108047902,France,H,Pakistan,L,1
0.21805979260190167,Belgium,H,Belgium,A,1
0.2184761432828577,Russia,N,France,A,1
0.21861196803877989,France,S,Israel,N,1
0.2190945189518456,North Korea,T,Israel,H,1
0.21951303926197863,United States,D,China,I,1
0.21958942614284843,United States,D,China,T,1
0.22012888519936114,China,T,China,I,1
0.2205563088713569,India,N,Pakistan,I,1
0.2205903500876001,France,T,Switzerland,M,1
0.22070312840470746,China,M,Israel,L,1
0.22075512944781236,Russia,F,Switzerland,R,1
0.2208425821746297,United Kingdom,D,Taiwan,R,1
0.2209026594883243,North Korea,D,Israel,F,1
0.22097297220827722,United Kingdom,N,China,H,1
0.22105725469017573,Russia,L,Belgium,E,1
0.22155384408008355,Russia,N,Pakistan,L,1
0.22217005460698772,China,H,Belgium,S,1
0.22242318355578247,France,A,Pakistan,L,1
0.22247210003305518,France,I,Switzerland,M,1
0.22265793422207564,Pakistan,T,North Korea,A,1
0.22267251250079623,United Kingdom,E,Switzerland,I,1
0.22277259796133975,Russia,L,Pakistan,D,1
0.22299806518232598,North Korea,I,Israel,H,1
0.22368295196112514,United States,S,Pakistan,T,1
0.22372116473256176,United States,L,Belgium,H,1
0.22393942971809347,Taiwan,M,Taiwan,E,1
0.22403549183358967,Pakistan,L,Switzerland,S,1
0.22417010338331578,China,H,China,A,1
0.22461013786575026,Israel,N,Belgium,A,1
0.22475369909929122,United Kingdom,N,Belgium,S,1
0.22478500761246778,Russia,F,China,E,1
0.2252637762897813,Russia,T,United Kingdom,H,1
0.22621730191854209,Pakistan,I,North Korea,A,1
0.22635735934553666,Taiwan,T,Taiwan,I,1
0.22647866942750045,France,T,Switzerland,E,1
0.2267327809220177,Switzerland,I,Taiwan,D,1
0.22684533661505696,France,M,Belgium,T,1
0.227019597013552,France,R,Israel,F,1
0.22709420059954227,United States,S,Pakistan,I,1
0.22711208457469706,India,R,Switzerland,D,1
0.2271756218685334,Russia,D,United Kingdom,F,1
0.22724998529386117,Switzerland,N,Taiwan,H,1
0.22786437253817463,United States,L,Israel,N,1
0.22851623773398047,China,S,Taiwan,H,1
0.22878404295333804,United States,L,Belgium,A,1
0.22883579758961783,France,M,Belgium,I,1
0.22903241990789758,United States,T,Russia,A,1
0.22904784488883234,France,I,Switzerland,E,1
0.22915374484530973,United States,D,Israel,L,1
0.2293333105898313,Pakistan,N,North Korea,T,1
0.22939232064115878,Russia,I,United Kingdom,H,1
0.229961288132057,France,T,India,D,1
0.23011711130531767,United States,T,North Korea,S,1
0.23015755424605236,China,H,North Korea,L,1
0.23027496416437385,Israel,F,Taiwan,M,1
0.23038856520632783,India,M,India,E,1
0.2304902411509774,United States,L,France,S,1
0.2306327235690726,Taiwan,H,Taiwan,A,1
0.23109852171872688,United Kingdom,N,China,A,1
0.23125049975407735,China,S,Switzerland,N,1
0.2312836445886553,Israel,F,Taiwan,E,1
0.23139124996736796,North Korea,R,Switzerland,I,1
0.2317905274808483,Israel,T,Switzerland,H,1
0.23279713396165733,China,L,Israel,H,1
0.2328002319636454,United States,I,Russia,A,1
0.23294856201568806,India,T,India,I,1
0.23307704171264776,France,E,Belgium,T,1
0.23334618459074294,France,I,India,D,1
0.2334272733196804,Pakistan,N,North Korea,I,1
0.23346540388149034,China,T,Belgium,M,1
0.2336499877718246,United Kingdom,F,Belgium,R,1
0.23372901353525583,United States,I,North Korea,S,1
0.23381526283566423,Israel,D,Switzerland,F,1
0.23389403736273662,France,N,India,H,1
0.23454492660477586,United Kingdom,N,North Korea,L,1
0.23478623480971067,Russia,R,France,T,1
0.2349938592609598,Russia,L,France,M,1
0.23523563296216618,India,H,Taiwan,S,1
0.23551942884396082,China,A,North Korea,L,1
0.23557427600733472,China,I,Belgium,M,1
0.2357826538817531,North Korea,T,Israel,A,1
0.23579900152974825,France,E,Belgium,I,1
0.2361015544803802,United States,N,Russia,T,1
0.2361640994955865,Israel,I,Switzerland,H,1
0.2369323858305686,Russia,S,North Korea,T,1
0.23709973066207277,United Kingdom,F,India,M,1
0.23732796359611996,North Korea,L,Belgium,S,1
0.23747902794475187,India,H,India,A,1
0.23797292048538451,Switzerland,N,Taiwan,A,1
0.23813407781703563,France,N,Taiwan,S,1
0.23816922539853405,United Kingdom,F,India,E,1
0.23828333480318054,Russia,R,France,I,1
0.23870677360164538,United Kingdom,T,France,H,1
0.23921207879925707,France,R,Taiwan,M,1
0.23977448559202663,United Kingdom,H,Taiwan,L,1
0.23977777208374823,North Korea,I,Israel,A,1
0.23994786384269537,Russia,L,France,E,1
0.24007143417221946,China,T,Belgium,E,1
0.24033490819131573,France,L,India,N,1
0.24044301808213894,United States,N,Russia,I,1
0.24048347534373402,China,M,Taiwan,T,1
0.24067932802816352,China,R,Switzerland,F,1
0.2407631811381341,Russia,S,North Korea,I,1
0.24078328290237128,Pakistan,R,Belgium,D,1
0.24085470098774614,United Kingdom,D,France,F,1
0.24188514769517838,Israel,R,Belgium,T,1
0.2421055231655944,Israel,L,Belgium,M,1
0.24272164807181282,China,M,Taiwan,I,1
0.24294286815619207,Russia,T,United Kingdom,A,1
0.2429602238027653,China,I,Belgium,E,1
0.24328144541007424,North Korea,N,Israel,T,1
0.24334785281099827,United Kingdom,I,France,H,1
0.2439882512698316,China,T,Pakistan,D,1
0.24416367096750366,Russia,T,Israel,S,1
0.24446929790145655,Pakistan,M,Pakistan,E,1
0.24526883820175055,France,N,India,A,1
0.2454400322854967,India,S,Belgium,N,1
0.24547693705101323,Israel,M,Switzerland,I,1
0.2455985912205552,Israel,R,Belgium,I,1
0.24604845263646127,Switzerland,T,Belgium,H,1
0.24646514905124986,United Kingdom,M,France,T,1
0.2465853531657867,India,M,Belgium,R,1
0.24681169939967046,Russia,F,North Korea,D,1
0.24718300791321166,India,L,Switzerland,H,1
0.24718650063518352,Russia,I,United Kingdom,A,1
0.24735373631142668,Pakistan,T,Pakistan,I,1
0.24736726984055035,Israel,L,Belgium,E,1
0.24738104918844434,Russia,L,Israel,R,1
0.24748966029675187,China,E,Switzerland,R,1
0.2478021034331654,China,I,Pakistan,D,1
0.24789355231742702,North Korea,N,Israel,I,1
0.24814474174013065,France,F,Taiwan,R,1
0.24823387841738748,Russia,I,Israel,S,1
0.24825524707595725,United States,R,China,D,1
0.24840809097590288,United States,F,United Kingdom,R,1
0.24842002820223288,China,N,Pakistan,H,1
0.24844966594340856,United States,T,Israel,H,1
0.24877546848166526,Israel,E,Switzerland,I,1
0.24913666724382466,United States,I,Israel,H,1
0.24966106346358566,United Kingdom,L,China,M,1
0.25006975863611264,United Kingdom,E,France,T,1
0.25019072931560926,United States,A,Switzerland,L,1
0.2505515831862344,Israel,T,Switzerland,A,1
0.2509117160282846,Russia,N,United Kingdom,T,1
0.2513491493443913,Pakistan,D,Israel,L,1
0.2516636221545465,United States,D,Taiwan,T,1
0.25171899786865154,Pakistan,S,Switzerland,L,1
0.25185025635832303,United Kingdom,S,Israel,T,1
0.2520393459205762,France,F,Pakistan,M,1
0.25217544206000647,United States,M,United States,E,1
0.25246799123092273,Pakistan,H,Pakistan,A,1
0.2532477472136477,United Kingdom,M,France,I,1
0.25324820776794893,France,F,Pakistan,E,1
0.2537673453263291,Russia,L,Belgium,I,1
0.25429964916824127,Switzerland,M,Belgium,T,1
0.2546685980842847,Russia,D,Israel,F,1
0.2548511969766616,China,E,North Korea,F,1
0.2550676609521799,Israel,I,Switzerland,A,1
0.25524573457707594,United States,T,United States,I,1
0.25539047297159784,France,R,Taiwan,E,1
0.2554594145954319,United States,R,Switzerland,I,1
0.25569820962504547,China,L,Pakistan,N,1
0.2557231966876469,United States,D,Taiwan,I,1
0.2558205865622836,Russia,N,United Kingdom,I,1
0.25618304218570276,United Kingdom,S,Israel,I,1
0.25620580139180943,North Korea,R,Taiwan,D,1
0.256368595138984,North Korea,F,Switzerland,R,1
0.2563813097263253,United States,H,Taiwan,N,1
0.25641287766844784,United Kingdom,H,North Korea,T,1
0.25675777848894366,France,T,North Korea,R,1
0.25675991448327645,United Kingdom,E,France,I,1
0.256860574505327,France,T,Taiwan,D,1
0.2570417570399223,China,D,Switzerland,I,1
0.25714468858295064,United Kingdom,H,North Korea,I,1
0.2572084389331051,Russia,F,Taiwan,M,1
0.2581388485810201,Switzerland,E,Belgium,T,1
0.2582677540331413,France,L,North Korea,A,1
0.2586523011290657,United Kingdom,T,France,A,1
0.2590361155619019,Israel,N,Switzerland,T,1
0.25941095524805774,Russia,L,Switzerland,M,1
0.2595023615736924,United States,D,United Kingdom,L,1
0.25989661221570076,United States,S,France,L,1
0.26003654001653503,United Kingdom,T,Switzerland,S,1
0.2603832238834849,North Korea,M,North Korea,E,1
0.2611234018031048,United States,A,India,I,1
0.2612904387905994,China,N,Pakistan,A,1
0.2615266258167061,Switzerland,M,Belgium,I,1
0.2620807885734949,China,I,Israel,L,1
0.26209691988191813,India,I,Pakistan,S,1
0.26236877952232995,Russia,L,Switzerland,E,1
0.2626485793666766,France,M,China,T,1
0.2627850918349957,Pakistan,M,Taiwan,R,1
0.26304217069012226,United Kingdom,F,Israel,D,1
0.2632369793873344,Russia,F,Taiwan,E,1
0.2634639615354793,Pakistan,L,Belgium,H,1
0.2634679295169037,United Kingdom,I,France,A,1
0.26365792982394926,North Korea,T,North Korea,I,1
0.26381236867299196,India,E,Belgium,R,1
0.2638859328357042,France,I,North Korea,R,1
0.2641407492077247,United States,N,Taiwan,L,1
0.2646581587155808,United Kingdom,I,Switzerland,S,1
0.2646824487539792,Russia,R,India,D,1
0.26485619651581066,Russia,F,France,R,1
0.2649034599781124,Russia,T,Switzerland,H,1
0.2652715967227884,Russia,R,Belgium,T,1
0.2652738767209668,Switzerland,E,Belgium,I,1
0.2653813244375797,India,D,Belgium,T,1
0.2655747314909006,France,I,Taiwan,D,1
0.26568461193253484,Russia,I,Switzerland,H,1
0.26575266752774507,India,M,Israel,F,1
0.26674603796913277,France,E,China,T,1
0.26688368528135414,Russia,A,Belgium,L,1
0.2671685675273368,United States,A,India,T,1
0.26729433808202646,Switzerland,T,Belgium,A,1
0.2681046145178693,France,M,Israel,L,1
0.26834898499164944,India,T,Pakistan,S,1
0.26836142794180395,Russia,R,Russia,L,1
0.2686234012076672,North Korea,S,Belgium,L,1
0.2687728864467694,France,S,Switzerland,T,1
0.26894903773851464,Russia,L,India,D,1
0.2691432730230207,Russia,M,Russia,E,1
0.27036508434771966,France,M,China,I,1
0.27095737901887934,United Kingdom,L,Taiwan,I,1
0.2712652201133287,France,E,Israel,L,1
0.27156432746871734,Belgium,M,Taiwan,T,1
0.271710267794352,United States,M,India,R,1
0.27198511507315287,United Kingdom,D,Switzerland,F,1
0.27219340045546747,India,E,Israel,F,1
0.2723318188729605,United States,I,Pakistan,N,1
0.27243609824923065,United States,L,China,H,1
0.2726435076756621,Russia,T,Russia,I,1
0.2728873235783946,Russia,R,Belgium,I,1
0.2731598294585542,India,L,North Korea,N,1
0.2739250395282992,Israel,F,Belgium,R,1
0.27397559537361665,France,H,Israel,T,1
0.2743693977519806,China,T,Israel,R,1
0.2743718368231065,France,E,China,I,1
0.2746936945111561,India,D,Belgium,I,1
0.2748112520391234,France,H,Israel,I,1
0.2751999727077976,United States,T,Pakistan,N,1
0.2752530519484453,United States,A,China,M,1
0.27574781051277203,China,M,Pakistan,S,1
0.2759470093999926,Belgium,E,Taiwan,T,1
0.2760943189470845,China,L,Israel,A,1
0.27614230390821864,Israel,H,Belgium,L,1
0.27740118162620625,United Kingdom,L,Belgium,M,1
0.2776761230527774,Israel,R,Israel,L,1
0.2779566073649829,Russia,S,China,L,1
0.2785132696445816,Israel,M,Israel,E,1
0.2791470337359289,France,T,Israel,E,1
0.27921669943557176,France,T,Israel,M,1
0.2793602783563745,Russia,A,Pakistan,I,1
0.27960587073822957,North Korea,F,North Korea,D,1
0.2798218413138643,Belgium,M,Taiwan,I,1
0.28045634348900417,India,I,Switzerland,L,1
0.280474816242307,Pakistan,I,North Korea,S,1
0.2807861600522474,United Kingdom,L,Belgium,E,1
0.28110664457897705,China,M,India,T,1
0.2815575478288976,France,F,Switzerland,D,1
0.28181097620657936,Russia,E,Switzerland,I,1
0.28192910201611926,United States,N,North Korea,I,1
0.28204086225674,North Korea,L,Taiwan,H,1
0.2822165309231104,Pakistan,I,Israel,H,1
0.28226315992692386,Israel,T,Israel,I,1
0.28244017132436344,Pakistan,E,Taiwan,R,1
0.28252449265928675,China,I,Israel,R,1
0.2830595875616761,United States,D,United States,A,1
0.28326612109952914,United States,R,France,T,1
0.28349016417675715,Russia,M,Switzerland,I,1
0.28355689321349,United States,D,Pakistan,S,1
0.2836369472776384,United Kingdom,F,China,R,1
0.2836911519042664,United Kingdom,T,Belgium,H,1
0.284116015969664,Belgium,E,Taiwan,I,1
0.2842392731275187,Pakistan,D,Taiwan,T,1
0.2845872234375238,United Kingdom,I,Belgium,H,1
0.2846653088206707,Pakistan,M,Switzerland,F,1
0.28500411323063257,United States,N,North Korea,T,1
0.2851157321068619,Pakistan,R,Switzerland,I,1
0.28565679294491075,North Korea,S,Israel,H,1
0.2859634287087231,United Kingdom,A,Taiwan,L,1
0.2860149057877591,United Kingdom,H,China,L,1
0.28629052488487194,Russia,A,Pakistan,T,1
0.28688805850486476,Pakistan,T,Israel,H,1
0.2873656271940028,China,M,Switzerland,L,1
0.2876463891316471,Pakistan,T,North Korea,S,1
0.2878582455726526,Russia,A,Israel,H,1
0.28796171503525825,Israel,S,Taiwan,L,1
0.2883359573041026,United Kingdom,L,Pakistan,D,1
0.28855921598586926,United Kingdom,M,United Kingdom,E,1
0.2892395800885209,United Kingdom,E,Belgium,T,1
0.2893143750480961,United Kingdom,M,Belgium,T,1
0.28941162792486064,Russia,L,United Kingdom,E,1
0.28946852947766066,United States,I,Israel,A,1
0.2894905428336972,Russia,L,United Kingdom,M,1
0.28973222460596393,Russia,F,Russia,D,1
0.28996412835269175,China,M,India,I,1
0.2904302717241837,Russia,L,Belgium,T,1
0.29066535525520815,United States,I,Russia,S,1
0.29088646852674505,France,T,China,D,1
0.291276828128537,North Korea,F,Taiwan,M,1
0.29151196640890764,Russia,M,Pakistan,R,1
0.29206815663529795,Pakistan,E,Switzerland,F,1
0.29210062136371134,France,I,Israel,E,1
0.29222753275279184,Russia,I,North Korea,N,1
0.29253635534490147,United States,I,United Kingdom,H,1
0.2925864571710392,United Kingdom,T,United Kingdom,I,1
0.2927766574869107,United States,E,India,R,1
0.2931811582559698,Pakistan,L,Israel,N,1
0.2932302783307689,Russia,L,North Korea,R,1
0.2936642631920236,North Korea,R,Belgium,T,1
0.29390506351529866,France,I,Israel,M,1
0.2940628328031508,Switzerland,F,Taiwan,R,1
0.29412109596860114,China,H,Switzerland,T,1
0.2942023209046113,United States,F,China,E,1
0.2944327354839642,United Kingdom,R,Pakistan,F,1
0.29471030343133275,United States,D,India,T,1
0.2949488412337252,Pakistan,D,Taiwan,I,1
0.29516833186367775,United States,M,France,F,1
0.2955326145740588,Russia,T,North Korea,N,1
0.2956526342653478,United States,R,France,I,1
0.2961957640064832,China,M,India,N,1
0.2962344663988148,Russia,S,United Kingdom,H,1
0.2965642447410433,India,L,Switzerland,A,1
0.296619609495854,Switzerland,H,Taiwan,L,1
0.2967043248391593,Switzerland,I,Belgium,D,1
0.2969160565960766,United States,T,Israel,A,1
0.29755881743290596,United States,T,United Kingdom,H,1
0.29837468938280204,United States,T,Russia,S,1
0.2984092824500286,United States,A,Belgium,M,1
0.2986026499395195,United Kingdom,H,Israel,A,1
0.2987139891114529,United Kingdom,S,India,L,1
0.2989423230355997,Pakistan,S,Belgium,M,1
0.29911672054977556,United States,D,Switzerland,L,1
0.29935699340030403,Switzerland,M,Switzerland,E,1
0.29983139382548585,United States,A,Belgium,E,1
0.3000458845828304,Russia,L,Taiwan,D,1
0.30008929271527435,China,T,Switzerland,E,1
0.30016980499048757,China,T,Switzerland,M,1
0.30027449419865393,Israel,L,Switzerland,E,1
0.30033412078008,Pakistan,S,Belgium,E,1
0.30033574788903733,United Kingdom,A,North Korea,I,1
0.30035944518777696,Israel,L,Switzerland,M,1
0.30061962364585404,Israel,F,Israel,D,1
0.30137118615996855,China,T,Israel,L,1
0.3016029592749319,Pakistan,I,Belgium,L,1
0.30162432287548496,North Korea,I,Israel,S,1
0.30186243057821976,Belgium,T,Taiwan,D,1
0.3021154848018226,India,N,India,I,1
0.3022828259718898,Russia,F,India,M,1
0.30253607725778947,United States,R,Israel,M,1
0.30313517303526444,United States,E,France,F,1
0.3031701448239621,United Kingdom,E,Belgium,I,1
0.30330685966100857,Russia,N,Israel,I,1
0.3036395564943255,North Korea,I,Switzerland,H,1
0.3041092767121031,United States,D,India,N,1
0.30433429333301804,United States,L,United Kingdom,N,1
0.30438722206144475,Russia,R,Israel,L,1
0.30485488639108954,Russia,R,China,T,1
0.3051143967861571,United Kingdom,M,Belgium,I,1
0.3052844334676772,France,F,India,R,1
0.3054347733034681,North Korea,F,Taiwan,E,1
0.30568312533180564,United States,F,Switzerland,R,1
0.306239463080686,United States,D,India,I,1
0.3068184612694819,United States,A,Pakistan,D,1
0.3068688331479987,Russia,N,Israel,T,1
0.30699823902569395,North Korea,R,Belgium,I,1
0.30735405710676733,Pakistan,D,Pakistan,S,1
0.3076256307196698,Israel,S,Switzerland,H,1
0.3080409840453866,France,H,India,L,1
0.3081323499456243,France,I,China,D,1
0.3083607124394099,United Kingdom,A,North Korea,T,1
0.30905403664113107,North Korea,T,Switzerland,H,1
0.3099342565746198,North Korea,T,Israel,S,1
0.3099715821252662,China,M,North Korea,A,1
0.3101802297601741,United Kingdom,A,Switzerland,H,1
0.3105467696259994,United States,S,China,M,1
0.3109942825748401,France,M,France,E,1
0.3117378416394104,India,D,Israel,L,1
0.31178469893825245,France,E,Taiwan,T,1
0.3118716100363216,France,M,Taiwan,T,1
0.31198462228027485,United Kingdom,L,France,E,1
0.31205074720674625,Russia,I,Switzerland,A,1
0.3120763293294821,United Kingdom,L,France,M,1
0.31235721208849293,United Kingdom,F,United Kingdom,D,1
0.31316868855210733,United Kingdom,L,Taiwan,T,1
0.31341897039545313,United States,I,China,L,1
0.3134420407897238,Russia,I,United Kingdom,S,1
0.3136991802040692,China,T,India,D,1
0.31415468285003467,India,N,Switzerland,L,1
0.31442675696232325,United Kingdom,M,North Korea,R,1
0.31511170237973574,China,I,Switzerland,E,1
0.31525940206331243,United Kingdom,I,Israel,N,1
0.3156188525453399,Russia,I,France,H,1
0.3158760435346,Russia,E,France,T,1
0.31587821137211913,France,T,Pakistan,R,1
0.31589859087199235,Russia,E,Pakistan,R,1
0.3163695565095707,North Korea,L,Switzerland,N,1
0.3164267546662938,United Kingdom,L,Israel,R,1
0.31675871877193645,India,N,India,T,1
0.31693217673252383,Israel,R,Taiwan,T,1
0.3172126656788485,China,I,Switzerland,M,1
0.3175589671980454,Russia,F,India,E,1
0.31782743581897277,France,R,North Korea,F,1
0.3190549550662092,United States,D,North Korea,A,1
0.3191094252704059,United Kingdom,T,Israel,N,1
0.3192493630593561,Russia,R,China,I,1
0.3196341642534198,United States,D,United States,S,1
0.31992788281150714,United Kingdom,S,France,H,1
0.32031255767827566,Pakistan,L,Belgium,A,1
0.3204759769296821,Belgium,I,Taiwan,D,1
0.3207230093986446,Russia,T,Switzerland,A,1
0.3209620245507345,India,N,Belgium,M,1
0.32110873111390614,India,N,Belgium,E,1
0.3211628069609881,United States,A,Taiwan,I,1
0.32147310680743135,Russia,T,France,H,1
0.32200658204833105,Russia,M,France,T,1
0.3223408656007706,Pakistan,S,Taiwan,I,1
0.3224255988600337,Russia,T,United Kingdom,S,1
0.3224502251952076,United States,F,North Korea,D,1
0.3226698189905843,Russia,L,Israel,E,1
0.32269180711942785,France,H,Switzerland,A,1
0.32282183893132027,France,S,Pakistan,L,1
0.3231790348580187,United States,R,Russia,L,1
0.3235729497456881,Belgium,M,Belgium,E,1
0.324428686480926,India,T,Belgium,E,1
0.32452279068955037,India,T,Belgium,M,1
0.3246451594614889,Switzerland,L,Belgium,E,1
0.32471676068191446,France,A,Israel,I,1
0.3247444617797707,Switzerland,L,Belgium,M,1
0.3248749814797098,United States,A,France,E,1
0.3249637080824087,North Korea,E,Switzerland,I,1
0.3250486222691423,Switzerland,F,Switzerland,D,1
0.32541600607661486,France,E,Pakistan,S,1
0.32581952145489235,United States,A,France,M,1
0.3259274734812609,India,T,Switzerland,L,1
0.32619857300751337,North Korea,I,Taiwan,L,1
0.326223563215728,Israel,I,Switzerland,S,1
0.3263972068578989,France,M,Pakistan,S,1
0.3267981826475526,Pakistan,N,Pakistan,I,1
0.3269939930452797,United Kingdom,F,Pakistan,M,1
0.32729036288572044,Russia,R,Switzerland,M,1
0.327460735167781,Russia,L,Israel,M,1
0.32758007684300705,United States,A,Israel,R,1
0.3280325648739119,France,E,Taiwan,I,1
0.32809162059547026,Pakistan,S,Israel,R,1
0.32858219444243364,Israel,I,Belgium,H,1
0.32886095573075474,Israel,E,Belgium,T,1
0.32886330546150705,United States,R,Belgium,T,1
0.3288853949759007,United States,R,Israel,E,1
0.32947836037082473,India,N,Pakistan,D,1
0.330309979308443,France,M,Taiwan,I,1
0.3309766170063693,Russia,F,Belgium,R,1
0.3323671099497628,United Kingdom,N,Switzerland,T,1
0.33251891972529163,Israel,R,Taiwan,I,1
0.3332550819104816,Switzerland,S,Belgium,H,1
0.33367249392268383,United States,L,China,A,1
0.3337425824221809,China,H,Pakistan,L,1
0.33384983336668206,China,I,India,D,1
0.3341179226025331,France,A,Israel,T,1
0.33459525069980883,India,I,North Korea,A,1
0.3349320631721011,Israel,T,Belgium,H,1
0.3353035768909445,France,T,Belgium,D,1
0.33543359082543345,North Korea,M,Switzerland,I,1
0.33551118321665435,Israel,M,Belgium,T,1
0.3357481471766413,United States,F,Taiwan,M,1
0.33587410949938556,United States,S,India,I,1
0.3359661080584617,Israel,T,Switzerland,S,1
0.3359928463149885,Russia,D,North Korea,F,1
0.336114206116605,France,I,Pakistan,R,1
0.33623127976310085,United Kingdom,E,Israel,L,1
0.33625515507497367,France,A,Belgium,H,1
0.3363963499696955,United States,L,Belgium,S,1
0.33678423537604696,North Korea,R,Israel,L,1
0.338086424722017,Pakistan,D,Switzerland,L,1
0.33845449144442413,United Kingdom,I,Belgium,A,1
0.33848458612240434,France,L,China,M,1
0.3386263866147091,North Korea,A,Belgium,E,1
0.3387227845941218,Russia,E,France,I,1
0.3388150426201081,France,F,France,D,1
0.3388506932513259,China,M,Israel,H,1
0.3392142232952552,United States,S,Belgium,E,1
0.33922500526318616,United Kingdom,H,Pakistan,I,1
0.3392739483818724,Russia,L,China,D,1
0.339321564965565,France,L,Israel,H,1
0.3396527067517308,North Korea,A,Belgium,M,1
0.3400646483867717,Russia,I,India,L,1
0.3400918084107577,United Kingdom,I,France,S,1
0.3402805338317486,United States,S,Belgium,M,1
0.34039455328166646,India,T,Pakistan,D,1
0.3407163689176215,United States,N,United States,I,1
0.34092921887343375,United States,M,Switzerland,F,1
0.3409309461667273,Pakistan,N,Belgium,L,1
0.3412513996907252,France,M,Israel,R,1
0.3414366210349442,United Kingdom,M,Israel,L,1
0.3420583495931075,India,I,Belgium,E,1
0.3426560281510331,United Kingdom,I,China,H,1
0.34295919167459926,United Kingdom,E,China,T,1
0.34296174718997574,China,T,North Korea,R,1
0.3429857713354991,United Kingdom,E,North Korea,R,1
0.343999965884747,Pakistan,N,Pakistan,T,1
0.344535415034841,India,I,Belgium,M,1
0.3449439807663843,United Kingdom,F,Pakistan,E,1
0.3451534590502432,France,F,Switzerland,I,1
0.3452607723067565,China,R,Israel,F,1
0.3469767768553808,United States,D,Israel,H,1
0.3477408840084646,France,S,China,H,1
0.34776248913302216,France,E,India,N,1
0.3479247713243422,China,E,Pakistan,F,1
0.3481953972440357,North Korea,L,Taiwan,A,1
0.34827172033847825,United States,L,Taiwan,H,1
0.3484664824573312,United States,A,Taiwan,T,1
0.34868047197090696,United Kingdom,T,Belgium,A,1
0.34922750848430173,India,N,Israel,R,1
0.3495663147622161,Pakistan,D,North Korea,A,1
0.3495672220337386,United Kingdom,T,China,H,1
0.34997193196589427,China,D,Belgium,T,1
0.3499724180587706,Pakistan,S,Taiwan,T,1
0.3501135724248312,Russia,M,France,I,1
0.3501981058222355,United Kingdom,M,China,T,1
0.3501983885631209,United States,S,Pakistan,D,1
0.35024782076463057,France,M,India,N,1
0.35045627792406986,India,M,North Korea,F,1
0.3506937602786107,United Kingdom,T,France,S,1
0.3507228942534964,Russia,F,Israel,D,1
0.3508403966561824,France,D,Switzerland,I,1
0.35085513031507887,United States,R,Belgium,I,1
0.35098270006530924,United Kingdom,L,Switzerland,E,1
0.3510087163694064,China,H,Belgium,A,1
0.3511625760743669,China,S,North Korea,L,1
0.3515852829625486,Russia,R,United Kingdom,L,1
0.3530046862578983,United States,D,France,L,1
0.35369850229462235,Israel,E,Belgium,I,1
0.35424614924337977,United States,I,Switzerland,H,1
0.35429952314789753,Israel,L,Taiwan,D,1
0.35435145108167143,United Kingdom,H,Belgium,L,1
0.3544339571904955,United Kingdom,H,Pakistan,T,1
0.35448340984745436,United States,A,Switzerland,E,1
0.3547125933061508,Russia,A,China,M,1
0.35471919877436686,United States,A,Russia,R,1
0.35484054397813863,Pakistan,T,Belgium,L,1
0.35506897846294844,Pakistan,S,Switzerland,E,1
0.3552690227085174,Russia,R,Pakistan,S,1
0.3553973853321527,China,M,North Korea,S,1
0.35587283127623043,North Korea,N,North Korea,I,1
0.3561050457593883,France,F,North Korea,M,1
0.3561069302500626,United States,N,China,L,1
0.3566586620908367,United Kingdom,L,Switzerland,M,1
0.35832034882374314,Switzerland,E,Taiwan,T,1
0.35832313839008306,Russia,R,Taiwan,T,1
0.35834936291643404,Russia,R,Switzerland,E,1
0.35877458595251305,United States,A,Switzerland,M,1
0.3594049858556079,Pakistan,S,Switzerland,M,1
0.35945659806883795,United States,N,United States,T,1
0.35994124347552053,Russia,L,Pakistan,R,1
0.3604874790200877,United States,E,Switzerland,F,1
0.36083347796635606,United Kingdom,F,Taiwan,R,1
0.36354323996349025,Belgium,S,Taiwan,H,1
0.3637347551506577,France,T,North Korea,E,1
0.3637442245946737,United States,F,Taiwan,E,1
0.36390537507444565,United States,A,United Kingdom,L,1
0.36412345824060993,India,H,North Korea,L,1
0.36425112795994535,India,I,Pakistan,D,1
0.3643363586223882,India,T,North Korea,A,1
0.3644282989232948,Israel,H,Belgium,E,1
0.3645642968578975,Russia,E,Russia,L,1
0.3645702895492314,China,A,Switzerland,T,1
0.3651386666246783,Pakistan,I,Israel,A,1
0.36553882213159916,United States,D,Russia,A,1
0.3655398142081736,Switzerland,T,Taiwan,H,1
0.3659823769047474,China,T,Taiwan,D,1
0.36598290849033877,United States,S,India,T,1
0.36606045058054215,United Kingdom,L,Pakistan,S,1
0.36613727614338853,Israel,M,Belgium,I,1
0.3662297253357842,Switzerland,M,Taiwan,T,1
0.3662300345562477,United States,D,North Korea,S,1
0.3666621939711754,Russia,S,Pakistan,I,1
0.36677183450444156,Switzerland,T,Belgium,S,1
0.36680370121774414,United Kingdom,D,Israel,F,1
0.36683028589505723,Israel,H,Belgium,M,1
0.3669322276949882,France,I,Belgium,D,1
0.3669483439442622,China,I,North Korea,R,1
0.3670878872958554,France,E,Switzerland,L,1
0.3671163460422197,China,A,Taiwan,H,1
0.36774709109783443,Israel,R,Switzerland,L,1
0.36871541399774854,United States,A,India,D,1
0.3689896570919308,France,F,France,T,1
0.3693482539998187,India,D,Pakistan,S,1
0.37005969738521644,United Kingdom,E,China,I,1
0.3706457423681971,India,N,Taiwan,I,1
0.37065922461871953,France,H,North Korea,I,1
0.3707176593909891,United Kingdom,L,India,D,1
0.37077451186981747,China,L,Switzerland,H,1
0.37086484396935726,United States,T,Switzerland,H,1
0.37091898831692327,France,E,North Korea,A,1
0.3711771567291561,North Korea,A,Israel,R,1
0.37131002540295377,United States,T,China,L,1
0.3713316026634978,India,R,Switzerland,I,1
0.37156016446731527,United States,S,France,E,1
0.3716619182761005,United Kingdom,I,Pakistan,L,1
0.3717792280867298,United States,S,Israel,R,1
0.3724405137918661,Russia,N,Russia,I,1
0.37269692498376344,North Korea,N,Taiwan,L,1
0.37330130509482196,France,M,Switzerland,L,1
0.3736003766389154,Switzerland,F,Switzerland,I,1
0.37364949893273924,Pakistan,R,Belgium,T,1
0.37512208329077307,France,E,India,T,1
0.375125140598623,India,T,Israel,R,1
0.3751538822541075,France,E,Israel,R,1
0.37555852731206774,Pakistan,D,Israel,H,1
0.37561994733771203,France,M,North Korea,A,1
0.3763109916861413,United States,S,France,M,1
0.37636757404242693,North Korea,N,North Korea,T,1
0.37689509334787685,Russia,M,Russia,L,1
0.37689892703313244,United States,R,Israel,L,1
0.37749788670950263,France,F,North Korea,E,1
0.37787732672207547,India,R,Switzerland,F,1
0.37797547666505854,Russia,R,India,N,1
0.37848835964358324,Pakistan,F,Switzerland,R,1
0.379241588079988,India,N,Switzerland,E,1
0.3802851818770051,France,T,North Korea,M,1
0.38080080496842,Pakistan,F,North Korea,D,1
0.38085017843982627,China,S,India,H,1
0.3810603675884586,Russia,E,Belgium,T,1
0.3810707606376545,India,E,North Korea,F,1
0.38124763293172886,North Korea,A,Switzerland,L,1
0.38197091669084293,Israel,E,Israel,L,1
0.3826014914282698,United States,I,United Kingdom,A,1
0.3835279350653193,India,D,Taiwan,T,1
0.3836136749166479,United States,S,Switzerland,L,1
0.38369804581281935,United Kingdom,M,China,I,1
0.38372166887936004,United States,E,Switzerland,I,1
0.3837995770465004,France,M,India,T,1
0.38385929078396575,China,M,Pakistan,N,1
0.38410969108732707,Pakistan,M,Israel,F,1
0.3842587268067222,India,I,Israel,H,1
0.38427456327855414,United States,I,Israel,S,1
0.38442999431445124,United Kingdom,F,Switzerland,D,1
0.38445919546865087,United Kingdom,H,China,M,1
0.38457117231561855,China,D,Belgium,I,1
0.38458887530587155,Russia,R,Taiwan,I,1
0.38474216065962863,France,L,Belgium,E,1
0.38477342266509057,India,H,Taiwan,A,1
0.385414506653851,India,N,Switzerland,M,1
0.3867613269514751,United States,A,North Korea,R,1
0.3873555393814497,Pakistan,S,North Korea,R,1
0.38800796096231244,Switzerland,E,Taiwan,I,1
0.3881149693428241,North Korea,D,Switzerland,R,1
0.38831631323389554,United Kingdom,H,Pakistan,N,1
0.38866710561917006,Russia,I,Belgium,H,1
0.3887938689941006,France,H,Taiwan,L,1
0.3888931957653919,France,H,North Korea,T,1
0.3889527325756826,Russia,A,Belgium,E,1
0.3893827397777469,North Korea,T,Taiwan,L,1
0.38965783041152574,North Korea,S,Belgium,E,1
0.390029923793591,United States,A,United Kingdom,E,1
0.39030213369713046,Russia,L,Belgium,D,1
0.3906261387698636,Israel,N,Israel,I,1
0.3906679188789814,United Kingdom,E,Pakistan,S,1
0.3909082110079597,Russia,N,India,L,1
0.391573151139899,France,L,Belgium,M,1
0.39190222919292905,France,F,France,I,1
0.39195628250282943,United States,R,China,T,1
0.3932811655478697,Israel,R,Israel,H,1
0.39405748332636126,United States,D,United Kingdom,H,1
0.39412510367350095,Russia,A,Belgium,M,1
0.39429243245184986,France,E,Israel,H,1
0.39488598370239186,North Korea,S,Belgium,M,1
0.39494829027794104,Russia,N,Russia,T,1
0.3949587900476427,United States,D,Pakistan,N,1
0.3954571857227419,India,N,India,D,1
0.3955292211906864,Israel,M,Israel,L,1
0.39553344333286716,United Kingdom,L,North Korea,R,1
0.3957298112100775,France,T,France,D,1
0.3962458363430379,Pakistan,F,Taiwan,M,1
0.39728429477371596,United States,F,France,R,1
0.39914629832421006,United States,A,United Kingdom,M,1
0.39918654171070755,France,T,Switzerland,F,1
0.39926447742902044,Russia,M,Belgium,T,1
0.39983289080221157,United States,F,Russia,D,1
0.3998398455242726,United Kingdom,M,Pakistan,S,1
0.39984642006985455,France,M,Israel,H,1
0.4001190569536991,China,T,Israel,E,1
0.4003255279220312,Russia,A,France,L,1
0.400847157009646,Pakistan,T,Israel,A,1
0.40112308578892486,United Kingdom,E,United Kingdom,L,1
0.40181853791447025,North Korea,I,Switzerland,A,1
0.4028411526686578,Russia,S,Pakistan,T,1
0.4029351018115008,France,L,North Korea,S,1
0.4030281867717973,Switzerland,M,Taiwan,I,1
0.40305425006483475,France,I,North Korea,E,1
0.40327941965315106,Russia,L,France,F,1
0.4034823775104153,United States,M,United Kingdom,F,1
0.40366430378454776,United Kingdom,S,North Korea,I,1
0.40383581954070175,France,D,Switzerland,F,1
0.40399161336006323,China,I,Taiwan,D,1
0.4040111495058054,India,I,Israel,R,1
0.406154246812888,Russia,A,Pakistan,D,1
0.40640924953070623,Russia,R,North Korea,A,1
0.406922260618053,Pakistan,D,North Korea,S,1
0.4070654200498163,United States,S,Russia,R,1
0.40715755886918426,United Kingdom,F,Switzerland,I,1
0.40778598713444225,France,E,India,I,1
0.4079041843429587,Russia,D,France,R,1
0.4081265898203664,United States,N,Switzerland,H,1
0.4085141049669329,China,H,Israel,I,1
0.40858508608484934,France,L,Pakistan,D,1
0.40865414737384603,India,L,Belgium,H,1
0.4087638823294636,Russia,T,Belgium,H,1
0.4093047661854184,Russia,T,India,L,1
0.40933098536759194,Pakistan,R,Belgium,I,1
0.4100199290013735,North Korea,A,Switzerland,E,1
0.41007975553391146,United States,A,Taiwan,D,1
0.4103207675831226,China,D,Israel,L,1
0.41036873661897244,France,T,India,R,1
0.4106788767576362,United Kingdom,N,United Kingdom,I,1
0.41068220070243505,United States,M,Switzerland,I,1
0.4107250567741579,United States,S,Switzerland,E,1
0.41077555963303786,Pakistan,S,Taiwan,D,1
0.41148321697872076,India,N,Taiwan,T,1
0.41172574453922994,China,M,Belgium,L,1
0.41188100138586187,India,N,North Korea,R,1
0.4121493483024011,North Korea,R,Taiwan,T,1
0.4145480792631562,China,M,Israel,A,1
0.4147332028743333,United Kingdom,H,Belgium,E,1
0.4153899419323987,Russia,S,China,M,1
0.41543419891199873,India,T,Israel,H,1
0.4154588874372035,Israel,N,Israel,T,1
0.4161017724393094,United Kingdom,M,United Kingdom,L,1
0.41610644521655504,Russia,R,Switzerland,L,1
0.41632377744121213,Belgium,T,Belgium,D,1
0.4168949472216674,United States,F,India,M,1
0.4169867996415298,United Kingdom,E,India,N,1
0.41705519129028085,United States,A,China,I,1
0.41804461476902366,North Korea,F,Belgium,R,1
0.418544975006328,China,I,Pakistan,S,1
0.41896092159290316,Russia,L,North Korea,E,1
0.4189637031086912,Pakistan,N,Belgium,E,1
0.42010680798785405,North Korea,A,Switzerland,M,1
0.4201513892178083,France,F,Belgium,T,1
0.4202377269866826,China,T,Israel,M,1
0.42086747310419564,North Korea,F,Israel,D,1
0.42087517883560105,United States,S,Switzerland,M,1
0.4208824633499362,United Kingdom,H,Belgium,M,1
0.42092778383586893,India,S,Pakistan,H,1
0.42118455270781363,United Kingdom,E,Taiwan,T,1
0.4211972497199742,Pakistan,E,Israel,F,1
0.42141334278763726,Israel,A,Belgium,L,1
0.4219914143502428,United States,T,United Kingdom,A,1
0.4222972318856884,Switzerland,E,Switzerland,L,1
0.4230681143055302,Russia,I,France,A,1
0.4242019004882742,United States,T,Israel,S,1
0.4243060784251872,Russia,S,Belgium,L,1
0.4244093006321552,France,M,India,I,1
0.4244382027535469,Russia,E,Belgium,I,1
0.4245335237619772,China,M,Pakistan,T,1
0.4249129904638417,North Korea,M,Switzerland,F,1
0.4250953790920557,Pakistan,I,Switzerland,H,1
0.42511476051344715,Russia,I,Switzerland,S,1
0.4251670803853632,United States,R,United States,A,1
0.42523317607232725,Russia,R,Israel,H,1
0.4253049933591972,France,F,Belgium,D,1
0.42547779601782915,India,D,Taiwan,I,1
0.42581334492661443,United States,R,Pakistan,S,1
0.42651032309329523,Pakistan,N,Belgium,M,1
0.42786197519200586,Pakistan,R,Israel,L,1
0.42787726800210696,United States,D,Israel,A,1
0.4281602871533097,Russia,A,Israel,R,1
0.42843120740936996,United Kingdom,M,India,N,1
0.42868531870892557,United States,E,France,T,1
0.4287297189201966,United States,D,Russia,S,1
0.42888863668043037,North Korea,S,Israel,R,1
0.42899092088474367,France,I,Switzerland,F,1
0.4291405067202915,Switzerland,I,Switzerland,D,1
0.4294880782202714,Israel,H,Switzerland,E,1
0.429819848692368,Israel,D,Belgium,R,1
0.43006680198131453,France,H,North Korea,N,1
0.43047893677937027,United States,N,Pakistan,I,1
0.43049712334626267,United Kingdom,I,Taiwan,H,1
0.4305759500363056,United States,D,Belgium,L,1
0.4307745152365492,China,H,Israel,T,1
0.4313385792216268,United Kingdom,H,Pakistan,D,1
0.4314043830166025,United States,R,China,I,1
0.4321697028618696,Russia,A,France,E,1
0.43223616831326367,India,D,North Korea,A,1
0.43250393595615394,United Kingdom,L,Taiwan,D,1
0.4329055249107592,France,I,North Korea,M,1
0.43295314490169523,France,E,North Korea,S,1
0.43300926239380066,United States,S,India,D,1
0.4332482894452888,United Kingdom,N,Pakistan,L,1
0.43349997791310335,United States,A,Israel,E,1
0.43420052698098477,Pakistan,S,Israel,E,1
0.43453606795509875,Russia,R,India,T,1
0.4347663737520239,United Kingdom,F,France,T,1
0.4359455516878681,Russia,L,Switzerland,F,1
0.4374754992824687,Switzerland,I,Taiwan,R,1
0.43821650514787275,United Kingdom,N,United Kingdom,T,1
0.43884310005293636,Pakistan,N,Pakistan,D,1
0.43893181047936697,Switzerland,M,Switzerland,L,1
0.4389370100840629,France,L,Israel,R,1
0.43917885228569686,China,T,China,D,1
0.4393935243082679,Israel,H,Switzerland,M,1
0.439458489639497,India,N,Taiwan,D,1
0.43998732109095423,Israel,H,Switzerland,L,1
0.4399928542919148,North Korea,A,Taiwan,I,1
0.44109424920472634,Russia,F,China,R,1
0.4416513438399536,United States,S,Taiwan,I,1
0.44211450938035146,Russia,E,Israel,L,1
0.44339074163268855,Russia,A,France,M,1
0.44353657737565755,United Kingdom,M,Taiwan,T,1
0.4439087603342463,Russia,L,North Korea,M,1
0.44423814636904996,Russia,F,United Kingdom,D,1
0.44424673166519085,France,M,North Korea,S,1
0.44425484768081785,China,M,Switzerland,H,1
0.4445914331990205,India,T,Switzerland,E,1
0.4446055806948257,United States,E,United Kingdom,F,1
0.44484636711156494,United Kingdom,A,China,L,1
0.4454905634700441,North Korea,T,Switzerland,A,1
0.445831402796788,France,E,France,L,1
0.44669068766929126,Israel,I,Belgium,A,1
0.447337926022732,Israel,F,Switzerland,I,1
0.4479540143655023,United States,D,Pakistan,T,1
0.44795481074461563,United Kingdom,S,North Korea,T,1
0.44807098366717935,China,L,Israel,S,1
0.4482183253079085,China,I,Israel,E,1
0.4487478387286381,Russia,M,France,F,1
0.4489512677624742,United States,I,France,H,1
0.4489728856061324,France,S,Israel,I,1
0.44903124322060234,North Korea,R,North Korea,A,1
0.4491049675394074,United Kingdom,H,Israel,R,1
0.44957001522493556,Pakistan,F,Taiwan,E,1
0.44963463769468776,India,D,Israel,H,1
0.449654015645761,United States,H,Pakistan,A,1
0.4497521535373239,United States,S,North Korea,R,1
0.44975582759431115,United States,A,Israel,M,1
0.4505263102317514,Pakistan,S,Israel,M,1
0.4505297729725016,United States,N,China,M,1
0.45142743387731266,Switzerland,R,Taiwan,M,1
0.45203822095184826,United States,R,United Kingdom,L,1
0.4524687987090646,United States,R,India,N,1
0.4529573388550009,North Korea,E,Belgium,T,1
0.4532985406852798,France,F,Belgium,I,1
0.4534262757916522,United Kingdom,L,India,N,1
0.4534655618440354,France,I,France,D,1
0.45385367083002154,United Kingdom,H,France,E,1
0.4542241691493941,United Kingdom,D,China,R,1
0.45449997058772235,Russia,N,Belgium,H,1
0.4549602894915128,United States,I,North Korea,N,1
0.4551543228007625,Pakistan,L,Taiwan,H,1
0.45529045591645384,United Kingdom,T,Taiwan,H,1
0.4559205970423947,United States,D,Switzerland,H,1
0.45596157794833736,United Kingdom,T,Pakistan,L,1
0.455994115525011,North Korea,R,Taiwan,I,1
0.4568492536364616,Israel,A,Belgium,E,1
0.45722276673379514,India,D,Switzerland,L,1
0.45728232958663434,China,T,Pakistan,R,1
0.45767159517923567,Russia,M,Belgium,I,1
0.4577248199381693,Russia,S,Belgium,E,1
0.45805471728742936,United States,L,Switzerland,N,1
0.4583360620077454,United Kingdom,E,North Korea,A,1
0.4591192547774188,United States,S,United Kingdom,E,1
0.4591609158391294,Pakistan,N,Israel,R,1
0.45939737171676126,Russia,L,France,D,1
0.45975196032923993,Switzerland,F,Belgium,T,1
0.4610707706210618,France,F,Israel,L,1
0.4618977591757399,United States,A,China,D,1
0.46267015416973695,China,D,Pakistan,S,1
0.4627824999347359,France,I,India,R,1
0.462836161406658,North Korea,R,Israel,H,1
0.46307588302010455,India,N,Israel,E,1
0.4635810549616966,Pakistan,T,Switzerland,H,1
0.46361179787408585,Switzerland,N,Switzerland,T,1
0.4643131794352886,United States,N,United States,D,1
0.46432058740680426,United States,M,France,T,1
0.4644124872067262,France,M,France,L,1
0.4646890529010481,Taiwan,T,Taiwan,D,1
0.46492939498541175,United Kingdom,H,France,M,1
0.4654007527894365,Russia,F,Pakistan,M,1
0.4655152256763235,France,E,Pakistan,N,1
0.46559426792331465,United Kingdom,H,France,L,1
0.4656004639272908,Russia,A,India,I,1
0.46594557224520633,Russia,L,India,R,1
0.4668339717381117,Israel,F,Taiwan,R,1
0.46745802707051165,India,I,North Korea,S,1
0.46776691062904174,United Kingdom,R,India,F,1
0.4679769334204123,United Kingdom,L,Israel,E,1
0.46841819781183636,Pakistan,E,Switzerland,I,1
0.4690584215177538,Israel,H,Taiwan,I,1
0.46940708613904225,Israel,A,Belgium,M,1
0.4695705412113206,India,T,Switzerland,M,1
0.4699877185219196,Russia,M,Israel,L,1
0.47035695933753613,Israel,F,Switzerland,D,1
0.4703665838607746,Russia,S,Belgium,M,1
0.47076889016810697,North Korea,E,Switzerland,F,1
0.47103885768792164,Switzerland,A,Taiwan,L,1
0.47158288614771393,United Kingdom,E,Israel,H,1
0.47176120934165977,Russia,T,France,A,1
0.4720412035480919,United States,A,Pakistan,R,1
0.47214344986883,Belgium,E,Belgium,L,1
0.4727492955780108,Pakistan,R,Pakistan,S,1
0.47310726379503376,United Kingdom,I,China,A,1
0.4738333812805282,United Kingdom,F,France,I,1
0.47437011828366954,Russia,L,United Kingdom,F,1
0.474525561771733,Russia,T,Switzerland,S,1
0.4746559271922399,United Kingdom,S,Taiwan,L,1
0.47478510413083885,China,M,Pakistan,I,1
0.47482127488934195,United Kingdom,E,Taiwan,I,1
0.4756438833146729,North Korea,I,Belgium,H,1
0.4756681482446747,United Kingdom,I,Belgium,S,1
0.47573365239256643,Russia,R,Russia,A,1
0.4763384507970681,United States,F,India,E,1
0.4765429296449226,Russia,R,North Korea,S,1
0.47654705445215617,United Kingdom,M,North Korea,A,1
0.4772566522335015,Russia,L,France,I,1
0.4773093580918186,France,T,Israel,F,1
0.47741215215290755,United States,S,United Kingdom,M,1
0.47842415759851414,France,R,India,M,1
0.47911023842927114,North Korea,R,Switzerland,L,1
0.4793874144807471,China,I,India,N,1
0.4798241134799571,France,M,Pakistan,N,1
0.4801428683444389,Russia,E,China,T,1
0.48071396539452316,Belgium,I,Belgium,D,1
0.4811501405167606,Switzerland,H,Belgium,E,1
0.48156656580474255,Switzerland,D,Taiwan,R,1
0.48187658213885,China,H,Israel,N,1
0.4822566020993315,India,N,Israel,M,1
0.4823940569673704,Russia,N,North Korea,I,1
0.4825414869249846,France,T,Taiwan,R,1
0.4826122015205725,United States,L,India,H,1
0.4827230208923172,France,T,Switzerland,D,1
0.4827652577013901,India,H,Switzerland,T,1
0.4835198894168257,United States,L,Switzerland,T,1
0.48355647915218464,Russia,R,India,I,1
0.48460177153476536,Pakistan,D,Israel,A,1
0.48500537823956363,United States,R,Taiwan,T,1
0.48544329614362564,China,I,Israel,M,1
0.48557374464548503,Russia,S,Pakistan,D,1
0.48587434686100855,France,N,North Korea,L,1
0.48619091571960327,Russia,A,Switzerland,E,1
0.4865628908201485,United States,N,Pakistan,T,1
0.48707228801440716,North Korea,S,Switzerland,E,1
0.48738531320418016,Israel,L,Belgium,D,1
0.48762215185201885,United Kingdom,M,Israel,H,1
0.4877844420081594,France,F,China,T,1
0.4878751931346812,United States,A,Russia,E,1
0.48865157471922627,Russia,E,Pakistan,S,1
0.4902005777254974,North Korea,A,Taiwan,D,1
0.4910706190476102,United States,S,Taiwan,D,1
0.4912576362336705,Russia,R,United Kingdom,H,1
0.49130801854913325,United States,A,France,F,1
0.4918677108911718,France,F,Pakistan,S,1
0.49209690527292255,United States,T,France,H,1
0.49243750241945566,United States,E,Russia,L,1
0.4929302981024997,North Korea,M,Belgium,T,1
0.4930338731182262,Belgium,M,Belgium,L,1
0.49334558975825726,India,T,India,D,1
0.49361649742313096,Switzerland,H,Belgium,M,1
0.4936233987993409,Russia,D,Pakistan,F,1
0.4941478504903743,United States,M,Israel,F,1
0.49427690372430005,United States,N,Belgium,E,1
0.4943660158264233,Switzerland,H,Belgium,L,1
0.4944774765520567,China,D,India,N,1
0.4957639005822611,United Kingdom,F,India,R,1
0.4963169975156213,Russia,F,Switzerland,I,1
0.49705310701649585,United Kingdom,E,Switzerland,L,1
0.4975509369633305,United States,E,France,I,1
0.4982733344876493,United Kingdom,H,India,I,1
0.4986668024771779,United Kingdom,A,China,M,1
0.49882986781630884,Israel,H,Taiwan,D,1
0.4993221269271713,United Kingdom,L,Israel,M,1
0.4997389191465881,United Kingdom,F,France,D,1
0.499749783677466,China,M,Israel,S,1
0.500186040333527,Pakistan,T,Belgium,E,1
0.5002039473096932,Russia,E,France,F,1
0.5005087408840255,France,A,India,L,1
0.5008821438374081,United States,A,China,T,1
0.5011230159179163,United Kingdom,H,Switzerland,E,1
0.5013243840533432,Israel,T,Belgium,A,1
0.5016405815298302,United States,R,North Korea,A,1
0.5019302800831684,India,N,Pakistan,R,1
0.5024403348758266,United States,R,United States,S,1
0.5029560346358126,China,T,Pakistan,S,1
0.5036650452058664,Switzerland,F,Belgium,I,1
0.5042715368569068,Israel,L,Switzerland,F,1
0.5044471980251135,France,S,Israel,T,1
0.5045945249545432,India,L,Switzerland,S,1
0.5047813929573981,India,I,Switzerland,E,1
0.5057111874435909,Russia,I,China,H,1
0.5058126657558742,Israel,R,Israel,A,1
0.5062524943375561,United States,D,Pakistan,I,1
0.5065784411582163,Pakistan,D,Switzerland,H,1
0.5067276122543827,Russia,S,Israel,R,1
0.5067322761516441,Russia,A,Switzerland,M,1
0.5075346906526582,Israel,L,Belgium,I,1
0.5075942965755091,United Kingdom,F,Belgium,T,1
0.5077105504745039,North Korea,S,Switzerland,M,1
0.5077346801635112,United States,R,Israel,H,1
0.5096314437447194,Russia,R,France,L,1
0.5101787953768103,Russia,R,Pakistan,N,1
0.5104392458054546,United States,N,Belgium,M,1
0.5107999898809049,Israel,E,Taiwan,T,1
0.5113964192500909,France,L,Pakistan,N,1
0.5114463933752939,China,I,China,D,1
0.5124116027836189,France,D,India,R,1
0.5127626194526506,United Kingdom,N,Taiwan,H,1
0.5133485959470452,Russia,I,Israel,N,1
0.5135155569778873,India,R,Belgium,T,1
0.513721149010654,France,D,Belgium,T,1
0.5144168778662102,India,M,Pakistan,F,1
0.5149732186716072,France,F,India,N,1
0.5150629422003431,United States,A,Russia,M,1
0.5158494672437112,United States,D,United Kingdom,A,1
0.515929044897908,Russia,M,Pakistan,S,1
0.5162308964171207,Pakistan,D,Belgium,L,1
0.5163068267116848,India,T,North Korea,R,1
0.5168031225522616,United Kingdom,M,Taiwan,I,1
0.5169509720580275,United States,D,Israel,S,1
0.5176505394439802,France,E,Israel,A,1
0.5180722311238039,United States,T,North Korea,N,1
0.518649779885268,Russia,S,France,E,1
0.5190047231473848,United Kingdom,L,China,D,1
0.5192732971728592,United Kingdom,H,Switzerland,M,1
0.5195602636301386,North Korea,A,Israel,E,1
0.5202229584722889,Russia,L,Israel,F,1
0.5204408551461497,United States,S,Israel,E,1
0.520619356725371,Russia,E,India,N,1
0.5218741614348658,France,T,Pakistan,E,1
0.522198317330856,Russia,A,India,D,1
0.5228258801193224,Israel,E,Israel,H,1
0.5231857636517824,India,D,North Korea,S,1
0.5233294248105436,China,I,Pakistan,R,1
0.5233980471661934,Israel,R,Switzerland,H,1
0.523704628885864,Pakistan,N,Switzerland,E,1
0.5243508330506079,North Korea,T,Belgium,H,1
0.5247375590446599,North Korea,E,Israel,L,1
0.5252971587333533,Russia,M,China,T,1
0.525414783852791,China,M,China,L,1
0.526076502490103,France,H,China,M,1
0.5260843413802445,United States,F,Israel,D,1
0.5261696314663942,United States,N,Pakistan,D,1
0.5266800791141701,United Kingdom,F,North Korea,M,1
0.5269279230709586,France,H,China,L,1
0.5269358590338074,United Kingdom,A,Pakistan,I,1
0.5273779244438229,United Kingdom,L,Pakistan,R,1
0.5287053925351909,United States,A,Belgium,D,1
0.5290812949387459,Russia,F,France,T,1
0.5291449517270885,France,I,Israel,F,1
0.5293163174311616,Pakistan,I,Israel,S,1
0.5294564073896801,Pakistan,M,Switzerland,I,1
0.5295727831470783,Pakistan,S,Belgium,D,1
0.5297123930316213,France,R,Pakistan,F,1
0.5299817408877812,France,L,Switzerland,E,1
0.5300537552307152,United States,A,Switzerland,F,1
0.5305477534419336,North Korea,E,Belgium,I,1
0.5306509107730003,Pakistan,S,Switzerland,F,1
0.5320021906193911,United Kingdom,H,India,D,1
0.5320265386324238,Pakistan,T,Belgium,M,1
0.5322903742750101,China,R,Switzerland,I,1
0.5325621341182725,United Kingdom,M,Switzerland,L,1
0.5330362916803697,Switzerland,F,Belgium,D,1
0.5332331668091792,United States,S,Israel,H,1
0.5343371350546736,North Korea,A,Taiwan,T,1
0.5346112672408451,France,E,Switzerland,H,1
0.5348404542127186,United Kingdom,T,China,A,1
0.5352003589416372,Russia,A,North Korea,R,1
0.5353777464484062,Israel,H,Taiwan,T,1
0.536110795850538,North Korea,R,North Korea,S,1
0.5366979699832989,United States,S,Taiwan,T,1
0.5370667201881036,North Korea,A,Israel,H,1
0.537505379087958,France,F,China,I,1
0.5381961626133472,United Kingdom,L,France,F,1
0.5383962585304763,United Kingdom,T,Belgium,S,1
0.5398363474824082,Israel,I,Taiwan,H,1
0.5399066205050183,United States,M,Russia,L,1
0.5407312185301316,Russia,F,Pakistan,E,1
0.5408247083715549,United States,D,France,H,1
0.541000049459222,France,M,Israel,A,1
0.5419147580377587,United Kingdom,L,China,I,1
0.5419827133423993,China,T,Switzerland,F,1
0.5421152547774655,Russia,S,France,M,1
0.5421427656270903,United Kingdom,H,North Korea,R,1
0.543420535588704,China,R,Pakistan,M,1
0.5443058668392184,Israel,R,Belgium,L,1
0.544663637745921,India,I,Pakistan,N,1
0.5449302795766563,United States,N,Israel,R,1
0.5452274306148938,China,M,North Korea,N,1
0.5456390420239633,United Kingdom,E,India,T,1
0.5463196589171084,United States,N,Belgium,L,1
0.5463766919399181,Taiwan,I,Taiwan,D,1
0.5464049386044644,Russia,L,Taiwan,R,1
0.5477434647261415,Israel,M,Israel,H,1
0.5478791104284879,India,H,Switzerland,N,1
0.5480921464224536,China,E,India,F,1
0.5483704154056653,Pakistan,N,Switzerland,M,1
0.5485481486894287,United Kingdom,N,Israel,I,1
0.548973565357121,China,T,Belgium,D,1
0.5505061038968906,North Korea,A,Israel,M,1
0.5514956210255441,United States,S,Israel,M,1
0.5515498460065726,Russia,M,India,N,1
0.5518405383939209,United States,D,China,L,1
0.5524314496092602,United Kingdom,D,Switzerland,I,1
0.5524944817205188,India,I,Switzerland,M,1
0.5534630983733958,United Kingdom,A,Belgium,E,1
0.5539451832496045,Russia,N,North Korea,T,1
0.5546055346969858,Israel,S,Belgium,E,1
0.5550114164656862,Switzerland,L,Taiwan,D,1
0.5552898880745364,India,N,Switzerland,F,1
0.5553185596010224,France,M,Switzerland,H,1
0.5556467608224037,Russia,A,United Kingdom,E,1
0.5564047757937295,United Kingdom,F,Israel,L,1
0.5566540434450368,United Kingdom,E,North Korea,S,1
0.5573402317880071,North Korea,F,Switzerland,I,1
0.5578477225986873,United States,A,North Korea,E,1
0.5582189448881928,Russia,L,Switzerland,D,1
0.5582940674718578,United States,E,Belgium,T,1
0.5587177411704919,Pakistan,S,North Korea,E,1
0.5593833945679635,United Kingdom,E,United Kingdom,H,1
0.5599598586538315,United States,R,Taiwan,I,1
0.5601126728416445,China,D,Israel,H,1
0.5603894473289865,United States,N,France,E,1
0.5611294177568594,Russia,T,China,H,1
0.5615723201044948,Russia,E,United Kingdom,L,1
0.5622132891579541,Israel,M,Taiwan,T,1
0.5622799824633755,Pakistan,R,Israel,H,1
0.5627535902224786,Pakistan,T,Pakistan,D,1
0.5630083574752559,France,F,Israel,H,1
0.5631150956577952,United Kingdom,D,North Korea,F,1
0.5632128164767334,United States,D,North Korea,N,1
0.5637977067110399,Russia,M,Switzerland,F,1
0.56408172451348,Belgium,H,Taiwan,L,1
0.5640908190740404,United States,I,Switzerland,A,1
0.5642268429252039,India,D,Pakistan,N,1
0.5645974535968443,United States,R,Switzerland,L,1
0.5652445273311673,India,N,Belgium,D,1
0.5659023952919574,France,F,Pakistan,R,1
0.5661191751233522,China,D,North Korea,A,1
0.5665501829972414,Israel,F,Belgium,T,1
0.5666231758565997,United Kingdom,F,Belgium,I,1
0.5668196806845963,United States,I,United Kingdom,S,1
0.5669803283535143,United States,M,France,I,1
0.56711378642698,United States,S,China,D,1
0.5672738945552768,United States,F,Belgium,R,1
0.5675828063646712,France,E,Belgium,L,1
0.5676654025208036,France,F,North Korea,A,1
0.568213540128676,Pakistan,R,North Korea,A,1
0.568232031939328,Russia,E,China,I,1
0.5683503656706635,United States,S,France,F,1
0.5691113736233562,United States,S,Pakistan,R,1
0.5691744468750476,France,H,Pakistan,I,1
0.5699286869559883,United States,T,China,M,1
0.5702314642137238,France,I,Taiwan,R,1
0.5705433576370463,France,L,Switzerland,M,1
0.5710875933000343,France,F,China,D,1
0.5713135858898215,United Kingdom,H,North Korea,S,1
0.5720931459168289,China,A,Pakistan,L,1
0.5725810497697439,Russia,A,India,T,1
0.5728958385193228,France,H,Belgium,E,1
0.5731590339708553,Switzerland,T,Taiwan,A,1
0.5735723766761475,Russia,R,Israel,A,1
0.5737761170097295,United Kingdom,H,India,T,1
0.5739511447989117,Pakistan,N,North Korea,R,1
0.574618171505004,Russia,R,Russia,S,1
0.5752927782632942,India,T,North Korea,S,1
0.5754338588100574,United States,A,United Kingdom,F,1
0.5757164911453052,Russia,A,United Kingdom,H,1
0.5758886256381986,Russia,F,Russia,L,1
0.5760736516522604,United Kingdom,F,Pakistan,S,1
0.5772445465451019,China,S,Switzerland,T,1
0.5774374716260707,Pakistan,L,Belgium,S,1
0.5776821992653641,Pakistan,I,Belgium,E,1
0.5789002736423658,United Kingdom,I,India,H,1
0.5789810856673944,North Korea,M,Israel,L,1
0.5799294642642749,United States,E,Israel,F,1
0.5802386947810606,United Kingdom,A,Belgium,M,1
0.5812910316323276,Switzerland,L,Taiwan,I,1
0.5813692218836841,France,F,Taiwan,T,1
0.581521729870916,Israel,S,Belgium,M,1
0.581553385740215,Russia,R,Switzerland,H,1
0.5830239328178153,United States,M,Taiwan,R,1
0.5855183040889267,France,T,China,R,1
0.5863623165119396,China,L,North Korea,N,1
0.5864280169340846,India,I,India,D,1
0.5864605566615378,India,R,Israel,L,1
0.5865627842814684,Russia,E,Israel,H,1
0.5870306670502081,China,T,India,N,1
0.5876973362941572,China,D,Pakistan,R,1
0.5880028011741147,United Kingdom,M,United Kingdom,H,1
0.5887253618074398,United States,N,France,M,1
0.5889302215303984,United Kingdom,I,Switzerland,N,1
0.5891499765681074,Pakistan,R,Taiwan,T,1
0.5894206068626655,China,D,Taiwan,T,1
0.5903366637273555,Pakistan,M,North Korea,F,1
0.5911876555102513,Russia,A,United Kingdom,M,1
0.5923289755535878,United Kingdom,M,North Korea,S,1
0.5928269810562384,Pakistan,T,Israel,R,1
0.5934086496783186,France,I,Switzerland,D,1
0.5934506359671481,France,T,North Korea,F,1
0.5944932212453352,India,N,North Korea,E,1
0.5945858951551187,United States,A,Belgium,I,1
0.595155632755717,Russia,T,Israel,N,1
0.5960316365751063,France,T,Pakistan,M,1
0.5963865870184683,France,L,India,D,1
0.5966042487136752,Pakistan,S,Belgium,I,1
0.596741245730199,France,H,Belgium,M,1
0.596791557373032,India,F,North Korea,D,1
0.5971202525943414,Israel,A,Switzerland,E,1
0.5971676440759163,Russia,L,Pakistan,E,1
0.5979957362370524,United Kingdom,L,Switzerland,F,1
0.5982836715574891,Russia,S,Switzerland,E,1
0.5985195758695587,United Kingdom,E,Pakistan,N,1
0.599076404560034,Russia,F,France,I,1
0.5996627876509717,Russia,E,North Korea,A,1
0.6000917691656608,France,D,Israel,L,1
0.6001785854305487,China,T,North Korea,E,1
0.6006073548507563,United Kingdom,A,Pakistan,D,1
0.60066824156016,United States,S,Russia,E,1
0.6014376756459507,Switzerland,E,Switzerland,H,1
0.6018846404098047,China,I,Israel,H,1
0.601913968462459,Pakistan,D,Israel,S,1
0.6021041263387752,India,I,North Korea,R,1
0.6022808122881378,United Kingdom,H,Taiwan,D,1
0.6024554415147743,United Kingdom,F,India,N,1
0.6025577717034487,United States,A,North Korea,M,1
0.602600841387099,North Korea,N,Belgium,E,1
0.6034565721267378,Israel,T,Taiwan,H,1
0.603545520675757,Pakistan,S,North Korea,M,1
0.6039688431707747,Israel,E,Switzerland,L,1
0.604710310757814,United Kingdom,M,India,T,1
0.6047874683506603,United States,R,United Kingdom,H,1
0.6053354257378307,United States,T,United States,D,1
0.6055672149816874,United States,A,India,R,1
0.6057537293110528,Russia,F,Switzerland,D,1
0.6064312566608635,Israel,H,Switzerland,F,1
0.6064411742750133,India,R,Pakistan,S,1
0.6065437001033253,France,F,Israel,M,1
0.6068724304010167,China,H,India,L,1
0.6068829571194915,France,A,North Korea,I,1
0.607469414142174,France,L,North Korea,R,1
0.6092313702193319,Russia,A,Taiwan,D,1
0.6097305525101993,United Kingdom,F,China,T,1
0.6098150967040696,China,I,Switzerland,F,1
0.6100427072505625,North Korea,I,Switzerland,S,1
0.6102287935723142,North Korea,M,Belgium,I,1
0.6103833909270795,North Korea,S,Taiwan,D,1
0.6105688669353544,China,R,North Korea,F,1
0.6109267459859113,China,L,Belgium,E,1
0.6116575530761568,United States,R,Russia,A,1
0.6116789807016634,Israel,E,Taiwan,I,1
0.6126980524006148,United States,R,North Korea,S,1
0.6127711574503995,United States,I,Belgium,H,1
0.6136130642071054,France,H,Pakistan,D,1
0.6139964780513879,India,R,Belgium,I,1
0.6143580992276536,France,M,Belgium,L,1
0.6152512614393396,Russia,S,Switzerland,H,1
0.616155433454145,United States,L,Taiwan,A,1
0.6178716397905815,United Kingdom,A,Israel,R,1
0.6181066549602602,United States,A,France,D,1
0.6183111972358493,United States,N,Russia,R,1
0.6187406643045872,United Kingdom,D,France,T,1
0.6190853855352187,Israel,R,Israel,S,1
0.6190945583613621,France,D,Pakistan,S,1
0.6194975091351176,India,F,Taiwan,M,1
0.620032306661175,North Korea,A,Switzerland,F,1
0.6203604595203482,Israel,A,Switzerland,H,1
0.6205603300909034,Israel,F,Israel,L,1
0.6207751797327253,United States,S,Switzerland,F,1
0.6223591590302927,United States,L,China,S,1
0.6241526586589642,Russia,M,United Kingdom,L,1
0.6247750240004825,Russia,M,Israel,H,1
0.6252549341371166,United Kingdom,F,North Korea,E,1
0.6255753299412512,United Kingdom,L,Israel,H,1
0.6256144055447498,China,M,Switzerland,A,1
0.6268379407909063,France,L,India,I,1
0.6271062163381356,United Kingdom,S,China,M,1
0.6271430297791448,France,H,Israel,R,1
0.6288535139246465,India,R,North Korea,M,1
0.6293118611047732,United States,A,Israel,F,1
0.6300005376615784,Pakistan,S,Israel,F,1
0.6305188041266249,Pakistan,I,North Korea,N,1
0.6317564227442383,Belgium,T,Taiwan,R,1
0.6318263188612017,France,E,Pakistan,T,1
0.6327391130191414,Russia,N,Taiwan,L,1
0.6329725520980131,United Kingdom,H,Israel,E,1
0.6342939439554219,United States,R,Taiwan,D,1
0.6346497824011684,Switzerland,M,Switzerland,H,1
0.634831893730689,Pakistan,H,Belgium,N,1
0.6351179343960908,India,E,Pakistan,F,1
0.6354729927088676,United States,F,Switzerland,I,1
0.6354916157321262,North Korea,N,Belgium,M,1
0.6359863980032647,United States,R,India,T,1
0.6363017794894755,India,T,Taiwan,D,1
0.6373694856957627,United States,M,Russia,F,1
0.6383615921382519,Israel,A,Switzerland,M,1
0.6385620069613256,Israel,H,Belgium,D,1
0.6396925280281097,Russia,S,Switzerland,M,1
0.6397654846399428,United Kingdom,M,Pakistan,N,1
0.6409519538593642,France,D,Belgium,I,1
0.6410009377365606,Russia,F,Belgium,T,1
0.6410368062253285,Pakistan,I,Belgium,M,1
0.6423256139219762,China,I,North Korea,A,1
0.6423715619438944,India,N,India,R,1
0.6429905648128614,United Kingdom,N,Israel,T,1
0.6440131640966621,United States,M,Belgium,T,1
0.6440972288389188,India,N,North Korea,M,1
0.6446817312015412,United States,S,China,I,1
0.6448417007021735,China,M,Belgium,H,1
0.6448945914454756,Russia,L,North Korea,F,1
0.6452842925658517,United Kingdom,A,France,E,1
0.6453396379811686,United States,E,Israel,L,1
0.6463068271004212,France,F,Switzerland,L,1
0.6466431784298132,France,E,Israel,S,1
0.6469187692972929,United States,N,Switzerland,E,1
0.647569343836114,Israel,F,Belgium,I,1
0.6482545542928043,Russia,A,Israel,E,1
0.6487559039342309,United Kingdom,L,Belgium,D,1
0.648857372961852,Russia,E,Taiwan,T,1
0.6493585445767538,United States,D,Switzerland,A,1
0.6494297173525428,North Korea,S,Israel,E,1
0.6499274161648174,France,I,Pakistan,E,1
0.6503292388751603,France,E,France,H,1
0.6508518574310471,United Kingdom,H,Taiwan,I,1
0.6508861517928182,United States,D,United Kingdom,S,1
0.6512522868651784,United States,E,United States,A,1
0.6513151386319924,India,D,Switzerland,H,1
0.6516390429097847,Russia,M,North Korea,A,1
0.6522403759276654,United States,E,Pakistan,S,1
0.6526903578800458,United Kingdom,T,India,H,1
0.6527944137157978,United States,S,Russia,M,1
0.6532896688658127,United Kingdom,E,France,L,1
0.6542475589577419,North Korea,R,Switzerland,H,1
0.6553784736245875,France,D,Israel,F,1
0.6559441654844704,United States,R,Pakistan,N,1
0.6561716299260189,United Kingdom,H,France,F,1
0.6567004997751665,Russia,I,Belgium,A,1
0.6568848607055122,Pakistan,D,North Korea,N,1
0.6571120501681877,United Kingdom,F,Israel,H,1
0.657387244691862,Russia,R,Belgium,L,1
0.6582646500794045,Pakistan,N,Taiwan,D,1
0.658377077983096,India,N,Israel,F,1
0.659451162104542,India,D,Israel,A,1
0.6596502481611148,France,D,India,N,1
0.6600360723976602,Switzerland,F,Taiwan,T,1
0.6601351437711387,France,F,Taiwan,I,1
0.6604018757717023,Russia,I,France,S,1
0.6604515490004061,Russia,L,China,R,1
0.660619958616886,Russia,M,China,I,1
0.6608011464926664,Russia,S,India,D,1
0.6610185341096814,Russia,F,Taiwan,R,1
0.6622947514630398,North Korea,R,Israel,A,1
0.6623198738700764,United Kingdom,E,India,I,1
0.6628905810459437,United Kingdom,R,Taiwan,F,1
0.6635148331520091,Russia,S,North Korea,R,1
0.6636005685064549,China,H,North Korea,I,1
0.6645880531751338,United States,D,Belgium,H,1
0.6654621033423326,China,L,Belgium,M,1
0.6665101638209632,France,H,Israel,S,1
0.6671187274645938,United States,A,Israel,L,1
0.6675714017554202,India,A,North Korea,L,1
0.6679973164195628,North Korea,E,Israel,H,1
0.6682358452050662,United Kingdom,A,Pakistan,T,1
0.6698624605575985,North Korea,A,Belgium,D,1
0.6698641263442022,France,H,Pakistan,T,1
0.6701026973711667,North Korea,N,Israel,R,1
0.670607153781889,Switzerland,D,Belgium,T,1
0.6707382176201764,Pakistan,S,Israel,L,1
0.6710228854783069,United States,S,Belgium,D,1
0.6719322161169234,Pakistan,T,Israel,S,1
0.6721246839287033,Russia,A,France,F,1
0.6725103101499473,United Kingdom,A,France,H,1
0.672745203266684,United Kingdom,F,United Kingdom,L,1
0.6729977143699394,France,F,North Korea,S,1
0.6748598067546926,North Korea,L,Taiwan,S,1
0.6756521503647344,United States,F,France,T,1
0.6769691722448087,Israel,M,Switzerland,L,1
0.6777013865026518,United Kingdom,H,Israel,M,1
0.6782660862747623,Russia,E,Switzerland,F,1
0.6784274255407684,India,N,Belgium,I,1
0.67864312993113,United Kingdom,H,Switzerland,L,1
0.6795761775423151,Switzerland,I,Belgium,R,1
0.6830427219232197,United Kingdom,F,North Korea,A,1
0.6838007826826328,United Kingdom,H,Pakistan,R,1
0.6838540934836769,United States,S,United Kingdom,F,1
0.6844647945960602,United States,I,Russia,N,1
0.6859234943799515,China,T,India,R,1
0.6860058909616245,United States,T,Belgium,E,1
0.6870820759311439,India,L,Israel,N,1
0.6871722873790187,Pakistan,I,Pakistan,D,1
0.6872169680722667,Pakistan,R,Switzerland,L,1
0.6873573435953723,United Kingdom,E,Switzerland,H,1
0.687999931769494,India,T,Pakistan,N,1
0.6888812005948091,Russia,L,Pakistan,M,1
0.688915836857101,India,D,North Korea,R,1
0.6893356200602445,France,M,France,H,1
0.6895504727885976,United States,H,China,N,1
0.6903069181004864,France,I,North Korea,F,1
0.6903288937408708,Russia,N,China,M,1
0.6925453987755825,North Korea,M,Israel,F,1
0.6927986601374247,United States,E,India,N,1
0.6937168676543782,United Kingdom,A,France,M,1
0.6939535537107616,United Kingdom,H,China,D,1
0.6943213236065091,United States,A,Russia,F,1
0.6950664720228712,Russia,F,Pakistan,S,1
0.6952889188002691,France,M,Israel,S,1
0.6953751088281959,United States,N,Switzerland,M,1
0.6967770285946197,China,I,Belgium,D,1
0.6968349171545134,China,T,Israel,F,1
0.6968773065940755,United States,I,China,M,1
0.6982728385144852,Pakistan,N,Israel,E,1
0.6984006958909362,Russia,A,Taiwan,I,1
0.6991868861687881,United Kingdom,T,Switzerland,N,1
0.700396211644471,China,T,North Korea,M,1
0.7008863988416819,China,L,Pakistan,D,1
0.7011870406057675,North Korea,S,Taiwan,I,1
0.7014388570914739,Russia,F,Israel,L,1
0.7014457885069928,Pakistan,F,Israel,D,1
0.7018999164452795,Switzerland,A,Belgium,E,1
0.7019654001306185,United Kingdom,L,North Korea,E,1
0.7035080104182768,United Kingdom,S,Belgium,E,1
0.7038342148008275,France,E,North Korea,N,1
0.7046043673116197,United Kingdom,F,China,I,1
0.7053245857262082,United States,A,Taiwan,R,1
0.7054156693320559,United Kingdom,E,Israel,A,1
0.7060093725157967,China,D,Switzerland,L,1
0.7061295429913685,India,T,Israel,E,1
0.7063125582679556,Pakistan,S,Taiwan,R,1
0.7068074365719962,Russia,S,United Kingdom,E,1
0.7073970045892447,United States,E,Belgium,I,1
0.7078730571878078,Belgium,E,Belgium,H,1
0.7084922984867595,India,I,Switzerland,H,1
0.7087964419463029,Pakistan,I,Israel,R,1
0.7089668196949087,North Korea,E,North Korea,A,1
0.7092833440670168,France,F,Pakistan,N,1
0.7094251866123016,Russia,A,Israel,M,1
0.7101379569258969,United States,S,North Korea,E,1
0.7107947706643054,North Korea,S,Israel,M,1
0.7112077880953528,Russia,L,United Kingdom,D,1
0.7113819812356289,Switzerland,E,Belgium,L,1
0.7124108586949854,France,M,Pakistan,T,1
0.712517950158324,Russia,R,France,H,1
0.7136004785888496,Russia,A,Pakistan,R,1
0.713859491625043,United Kingdom,F,Belgium,D,1
0.7145306955883095,United States,N,North Korea,R,1
0.7148143944673839,Pakistan,R,North Korea,S,1
0.7154136329424712,India,H,Pakistan,L,1
0.7154282619196567,China,A,Israel,I,1
0.7156470770181872,United States,D,Russia,N,1
0.7159167397435106,United Kingdom,H,Switzerland,F,1
0.7161502316436879,India,R,Israel,H,1
0.7162434044656621,China,L,Israel,R,1
0.717036354930391,Israel,F,Israel,H,1
0.7172850762990512,United States,N,India,D,1
0.7193889004446553,France,F,India,T,1
0.7198234721780642,Israel,I,Belgium,S,1
0.7198824869510411,Israel,L,Taiwan,R,1
0.7200825736146418,Israel,M,Taiwan,I,1
0.7205561558447032,India,R,Israel,F,1
0.7220728868552931,Russia,R,United Kingdom,A,1
0.722781186098699,India,F,Switzerland,R,1
0.7235233963536555,Russia,R,Israel,S,1
0.7236253420529575,Russia,I,Taiwan,H,1
0.7253347187282768,Pakistan,R,Taiwan,I,1
0.7257425790263797,Russia,F,India,N,1
0.7258394327970763,China,M,Taiwan,L,1
0.7258613762879564,United States,M,United States,A,1
0.7270079994952704,United States,M,Pakistan,S,1
0.7270188672876565,North Korea,M,Israel,H,1
0.7270864799269805,United Kingdom,S,Belgium,H,1
0.7274695103013153,Pakistan,E,Belgium,T,1
0.7278107501488913,United Kingdom,L,North Korea,A,1
0.7288565978465896,Russia,E,United Kingdom,H,1
0.7291405790984627,United States,T,Switzerland,A,1
0.7310776442631983,Russia,A,China,D,1
0.7310796284163472,United States,T,Belgium,H,1
0.7319647538094948,France,D,China,T,1
0.7321209011610843,United States,S,United Kingdom,L,1
0.7324600691124954,China,D,North Korea,S,1
0.7326892185913882,United States,F,Russia,L,1
0.7335436690088831,United States,T,United Kingdom,S,1
0.7342326920844394,Switzerland,A,Belgium,H,1
0.7345126893270987,Switzerland,F,Switzerland,L,1
0.7379793141838616,North Korea,F,Belgium,T,1
0.7390841891727696,Pakistan,F,Switzerland,I,1
0.7395508096773393,United Kingdom,M,France,L,1
0.7404247461346964,United Kingdom,M,Switzerland,H,1
0.7410988645771927,France,F,Israel,E,1
0.7415490237396349,France,L,Switzerland,H,1
0.7425656962874919,France,D,Israel,H,1
0.7426632053269956,France,I,China,R,1
0.743323836552201,China,L,Pakistan,I,1
0.7438954001125807,United States,A,Switzerland,D,1
0.744370842667572,France,T,Belgium,R,1
0.7450400576123861,Pakistan,S,Switzerland,D,1
0.7461598201349594,Pakistan,R,Israel,M,1
0.746805204365226,Russia,A,Switzerland,F,1
0.7468578617718504,India,N,Taiwan,R,1
0.747711495951705,United States,R,Switzerland,H,1
0.7477752381888215,North Korea,S,Switzerland,F,1
0.7485055027448441,North Korea,I,Israel,N,1
0.7517445391943798,United States,I,United States,D,1
0.7517980118615483,United States,R,France,L,1
0.7519660138112884,France,H,Switzerland,E,1
0.7526946256191345,China,T,Israel,H,1
0.7537901866957537,United States,M,Israel,L,1
0.7543343086045758,Belgium,M,Belgium,H,1
0.7545915968334496,North Korea,H,Taiwan,N,1
0.7549957734190053,Pakistan,E,North Korea,F,1
0.7554975678087996,Russia,F,Belgium,I,1
0.7562233370587685,Russia,R,Pakistan,T,1
0.7581796251291567,Russia,M,United Kingdom,F,1
0.7595838870062143,Switzerland,A,Belgium,M,1
0.7598676617373245,Switzerland,H,Taiwan,D,1
0.7603086359108986,North Korea,A,Israel,F,1
0.7612022415928518,United States,S,Israel,F,1
0.7614690421799125,United Kingdom,S,Belgium,M,1
0.761572422062203,France,M,North Korea,N,1
0.7632542852083147,China,D,Taiwan,I,1
0.7633237471696422,United Kingdom,F,Taiwan,T,1
0.7650494991899135,United States,N,United Kingdom,E,1
0.7652029828565396,India,I,Israel,A,1
0.7652681930652155,Pakistan,N,Pakistan,R,1
0.7661468664022598,France,N,Switzerland,T,1
0.7675991540930008,Russia,M,Taiwan,T,1
0.7677185815679315,Pakistan,N,Israel,M,1
0.768187960500252,United States,D,Taiwan,L,1
0.7685491265571083,Russia,S,India,I,1
0.7688516608762104,United Kingdom,L,Israel,F,1
0.7688599886289025,United States,F,United Kingdom,D,1
0.769423825154025,China,E,Taiwan,F,1
0.7694843213192573,Russia,E,Switzerland,L,1
0.7717305067037912,Russia,N,Belgium,E,1
0.7726565113530056,Switzerland,F,Taiwan,I,1
0.7735226539029502,India,R,North Korea,A,1
0.7736322042272837,United Kingdom,A,Switzerland,E,1
0.7739647515671845,United States,M,India,N,1
0.7743093870329512,United States,A,North Korea,F,1
0.7743463446256812,France,L,Taiwan,D,1
0.7747110787628994,United States,S,India,R,1
0.7751202502498998,Pakistan,S,North Korea,F,1
0.7751219561793732,Israel,D,Switzerland,I,1
0.7753064852463207,Israel,S,Switzerland,E,1
0.775688875348026,United States,E,Israel,H,1
0.7760159219246249,China,I,North Korea,E,1
0.7779054651513652,Russia,E,Russia,A,1
0.7779951420880095,Pakistan,D,Belgium,H,1
0.7784573422765871,United Kingdom,M,Israel,A,1
0.7793156608230515,Russia,E,North Korea,S,1
0.7801067450302359,Russia,S,United Kingdom,M,1
0.7806042673942609,Israel,L,Switzerland,D,1
0.780814118017098,France,E,China,L,1
0.7820538121800994,United States,T,Belgium,M,1
0.7821828667681494,Israel,R,Belgium,H,1
0.7822261961388917,United States,A,Pakistan,E,1
0.7833665154996663,Pakistan,E,Pakistan,S,1
0.7834876212778925,United States,R,Israel,A,1
0.7837998631011923,China,D,Switzerland,F,1
0.7842873100603779,France,T,Pakistan,F,1
0.7846091069582878,Russia,R,North Korea,N,1
0.7849511962188359,United States,R,Russia,S,1
0.785691499946091,United Kingdom,I,Taiwan,A,1
0.7862806771028605,France,F,Switzerland,H,1
0.7876313982874895,United Kingdom,F,United Kingdom,H,1
0.7880926045189075,Pakistan,N,Switzerland,F,1
0.7889867681613546,Russia,F,Israel,H,1
0.7896321162842158,Pakistan,D,Switzerland,A,1
0.7899175800952855,China,D,Pakistan,N,1
0.7909956242705766,United Kingdom,I,China,S,1
0.7910668866657343,United Kingdom,L,India,R,1
0.7913085068847311,United Kingdom,M,India,I,1
0.7915684875114193,United Kingdom,S,Pakistan,D,1
0.7919136816619865,India,N,Switzerland,D,1
0.7937126883847496,Israel,R,Switzerland,A,1
0.7937487702130919,France,E,Pakistan,I,1
0.7954656471964333,United Kingdom,S,Israel,R,1
0.7955888761309285,India,H,Israel,I,1
0.7976556343787986,United States,R,India,I,1
0.7982925966484201,North Korea,M,North Korea,A,1
0.7996796910485452,United States,S,North Korea,M,1
0.7996928401397091,Russia,M,United Kingdom,H,1
0.7997746464827271,China,H,Switzerland,S,1
0.8002381139073982,United States,E,China,T,1
0.8006510558440624,Russia,A,Switzerland,L,1
0.8019169008612677,Israel,E,Switzerland,H,1
0.8022606813190777,France,A,North Korea,T,1
0.8046063594956026,Israel,A,Taiwan,D,1
0.8046087628356503,China,H,North Korea,T,1
0.805681017238489,Belgium,D,Taiwan,T,1
0.8058702036230015,North Korea,S,Switzerland,L,1
0.8062811637258366,Russia,S,Taiwan,D,1
0.8065588393063021,North Korea,F,Israel,L,1
0.8069647550208306,United States,F,Pakistan,M,1
0.8075943877957146,North Korea,T,Switzerland,S,1
0.8084296245320632,France,A,China,H,1
0.8084651759638267,India,N,North Korea,F,1
0.808769083662823,France,F,France,L,1
0.812974070013599,Russia,F,China,T,1
0.8143151177383685,United States,F,France,I,1
0.8145212206725932,India,N,Israel,L,1
0.8148816033730533,Switzerland,M,Belgium,L,1
0.815942773776428,France,H,Switzerland,M,1
0.8169954566188815,Pakistan,N,Taiwan,I,1
0.8173082947476921,France,H,Belgium,L,1
0.8185434854382473,United Kingdom,H,Belgium,D,1
0.8186619707351839,Belgium,I,Taiwan,R,1
0.8194648015810384,United States,I,Taiwan,L,1
0.8201595110678229,France,D,North Korea,A,1
0.8207374732379449,China,R,Belgium,T,1
0.8213644014048701,France,I,Pakistan,M,1
0.8215511192660757,United States,S,France,D,1
0.8229128865630366,United States,R,United Kingdom,M,1
0.8236979432177163,France,F,Israel,A,1
0.8248006080114717,France,H,North Korea,R,1
0.8248781721454219,Russia,S,France,F,1
0.8257668849125313,Russia,I,United Kingdom,N,1
0.8278909593266837,India,T,Pakistan,R,1
0.8295793517121421,Pakistan,L,Switzerland,N,1
0.8296717955440693,Israel,H,Taiwan,R,1
0.8297760057921695,North Korea,R,Belgium,L,1
0.8299806708899832,France,E,Belgium,H,1
0.8300569296289845,India,N,Pakistan,E,1
0.8308683978239975,United Kingdom,H,Taiwan,T,1
0.830917774874407,Pakistan,T,North Korea,N,1
0.8322035448786188,United Kingdom,L,North Korea,M,1
0.832254093116351,Pakistan,D,Israel,R,1
0.8328668097402109,China,M,China,H,1
0.833043192996151,North Korea,D,Taiwan,F,1
0.8336732455161554,United States,E,Russia,F,1
0.8342851146841719,China,I,Israel,F,1
0.8346641305096912,Russia,L,Belgium,R,1
0.8351702403278843,United States,T,Israel,R,1
0.835714189120129,United States,T,Pakistan,D,1
0.8375569521277209,Israel,M,Switzerland,F,1
0.8379218431858063,Pakistan,E,Israel,L,1
0.8379274062173824,Russia,E,Pakistan,N,1
0.8386291113776567,India,E,Switzerland,I,1
0.8392709757584796,France,A,China,M,1
0.8396174282302253,France,H,India,D,1
0.8396550275723719,Israel,H,Belgium,I,1
0.8401558549108792,Russia,A,United Kingdom,F,1
0.8412471429624242,United Kingdom,F,North Korea,S,1
0.84157301708548,China,M,Switzerland,S,1
0.8416992932370233,Russia,N,Belgium,M,1
0.8437541572292597,India,I,Taiwan,D,1
0.8438390448887044,India,T,Switzerland,F,1
0.8444308664662161,United States,A,China,R,1
0.8455636823559863,China,R,Pakistan,S,1
0.8459485649326857,North Korea,N,Switzerland,E,1
0.8462159632031416,United States,N,United States,R,1
0.8481553483387447,Russia,L,Pakistan,F,1
0.8490670475239545,India,T,Israel,M,1
0.8492131731614724,United States,N,United Kingdom,M,1
0.8505997939125374,United Kingdom,F,Switzerland,L,1
0.8506099867183944,North Korea,F,Switzerland,D,1
0.851300152627646,India,F,Taiwan,E,1
0.8513742095470068,France,L,Israel,E,1
0.8552592111518995,France,F,India,I,1
0.8564548343967143,France,E,Switzerland,A,1
0.8572848504123819,Russia,F,North Korea,A,1
0.8573301534315702,India,D,Belgium,L,1
0.8575073637020305,Pakistan,T,Switzerland,E,1
0.8582789218344682,United States,S,Russia,F,1
0.858281013440583,United Kingdom,D,France,I,1
0.8585072666825831,United Kingdom,S,France,E,1
0.8589761564405428,United Kingdom,H,North Korea,E,1
0.8593772229147795,Russia,E,Taiwan,I,1
0.8609942466925253,Pakistan,I,Belgium,H,1
0.8614817710441147,France,T,Israel,D,1
0.8616951344491577,Israel,E,Israel,A,1
0.8618051717156464,United States,D,China,H,1
0.8623723535790845,United Kingdom,A,Switzerland,M,1
0.8624598013680889,Taiwan,M,Taiwan,F,1
0.8634258186247005,Russia,S,Israel,E,1
0.8643969848094414,Israel,S,Switzerland,M,1
0.8650078719123079,United Kingdom,L,France,D,1
0.8652655640473754,Belgium,E,Taiwan,L,1
0.8667881880303236,China,M,North Korea,T,1
0.8669999558262067,United States,E,North Korea,A,1
0.8684010539619695,United States,E,United States,S,1
0.8685498813393643,United Kingdom,A,North Korea,R,1
0.8689336196133092,France,F,Taiwan,D,1
0.8692748816221609,United States,M,Israel,H,1
0.8695327475040479,United States,F,Belgium,T,1
0.8699283169425396,Russia,N,Israel,R,1
0.8703488694989499,North Korea,R,Israel,S,1
0.8712374137792802,Pakistan,H,North Korea,L,1
0.8723300786103225,Pakistan,R,Switzerland,H,1
0.8736451967809561,Switzerland,F,Switzerland,H,1
0.874014458118563,Russia,N,Pakistan,D,1
0.8742126722400438,United States,N,France,F,1
0.8751268299034984,United States,F,United States,A,1
0.8753130721521983,United Kingdom,H,Israel,F,1
0.8760145980231228,United States,F,Pakistan,S,1
0.8761074375331734,United States,D,France,A,1
0.8764588631215394,United States,N,Taiwan,D,1
0.8769873279835411,North Korea,F,Israel,H,1
0.8784917896660652,United States,D,Switzerland,S,1
0.8788760412883974,Pakistan,R,Switzerland,F,1
0.881178016033797,United States,I,Belgium,E,1
0.8821884984094527,Pakistan,F,Belgium,R,1
0.886604180083771,United Kingdom,F,Pakistan,N,1
0.8867814832653771,Russia,M,Russia,A,1
0.887039310172334,Israel,H,Switzerland,D,1
0.8884934633303817,Russia,M,North Korea,S,1
0.8885096953616357,Israel,M,Switzerland,H,1
0.888610683377615,France,S,Taiwan,H,1
0.889182866398041,North Korea,E,Taiwan,T,1
0.8896927342231299,France,L,Israel,A,1
0.8902826207492933,United States,A,Belgium,T,1
0.8912560633896754,United Kingdom,E,France,H,1
0.8916807300724553,Russia,T,Belgium,A,1
0.8919379001558342,China,R,India,N,1
0.8935570869751837,Pakistan,S,Belgium,T,1
0.8945793930898263,United Kingdom,A,India,D,1
0.8945823639774625,Russia,T,Taiwan,H,1
0.8959080287310046,China,D,India,T,1
0.8961419673343587,Russia,S,France,L,1
0.8966501828347053,India,D,Israel,S,1
0.8969936043555786,Russia,F,United Kingdom,L,1
0.8974956774572762,United States,M,North Korea,F,1
0.8982745760893848,Russia,T,France,S,1
0.899308031291522,Belgium,A,Taiwan,H,1
0.9049351739462972,Israel,F,Taiwan,T,1
0.9065970813705596,North Korea,F,Belgium,I,1
0.9072992909963452,France,M,China,L,1
0.9086150046778988,France,M,Belgium,H,1
0.9099205789830256,United States,N,India,I,1
0.910308645601525,China,L,Belgium,H,1
0.9118411940847894,China,D,Switzerland,H,1
0.911988231050022,China,I,India,R,1
0.9124718021217806,United States,F,India,N,1
0.912612645792859,United States,A,Pakistan,M,1
0.9129846496806795,India,L,North Korea,I,1
0.9138470553289979,Russia,A,Belgium,D,1
0.9139719243034682,Pakistan,M,Pakistan,S,1
0.9145646591732687,China,T,Taiwan,R,1
0.9153431903584713,United States,M,Belgium,I,1
0.9155750863906192,North Korea,S,Belgium,D,1
0.9172667111952708,North Korea,R,Switzerland,M,1
0.919612752707503,Russia,R,Belgium,H,1
0.9208141097907031,Israel,I,Switzerland,N,1
0.9232882522662089,France,T,India,E,1
0.9247773741058173,Pakistan,E,Israel,H,1
0.9255572495989915,United States,L,France,N,1
0.925672322813316,United Kingdom,H,India,R,1
0.9258020463098163,Russia,R,China,L,1
0.926056829465206,China,H,Belgium,E,1
0.9271621099233932,India,T,Switzerland,H,1
0.9272235957481717,United States,T,Russia,N,1
0.9286411748136085,Pakistan,M,Belgium,T,1
0.9288249744134524,Russia,M,Switzerland,L,1
0.9298710350056153,Russia,D,India,F,1
0.9306561356494562,North Korea,E,Israel,F,1
0.9314187103858245,United Kingdom,F,Taiwan,I,1
0.9318911444904127,China,R,Israel,L,1
0.9332002783596279,United States,D,North Korea,T,1
0.9339629703564694,United States,A,United Kingdom,D,1
0.9353160812294341,United Kingdom,D,Pakistan,S,1
0.9354986241757618,United Kingdom,M,France,F,1
0.9359538668408246,United States,E,United Kingdom,L,1
0.9359608077078532,United States,N,Israel,E,1
0.9381168430355076,United Kingdom,H,China,I,1
0.9387420596155132,Israel,A,Switzerland,F,1
0.9395521121881443,France,R,Switzerland,I,1
0.940104691152082,Russia,S,Switzerland,F,1
0.9406693881320833,China,M,Israel,N,1
0.9440824070961839,North Korea,A,Taiwan,R,1
0.9454985911560216,United States,S,Taiwan,R,1
0.9459798522398808,Russia,N,France,E,1
0.9462145275900675,Pakistan,I,Switzerland,A,1
0.9463142402403738,North Korea,N,North Korea,R,1
0.9487402365673391,United States,F,Israel,L,1
0.9500640348826311,North Korea,N,Switzerland,M,1
0.9513362964893494,United Kingdom,S,Pakistan,I,1
0.9517998930184735,France,L,Switzerland,F,1
0.9518126555000576,Russia,F,France,D,1
0.9527696477653307,United Kingdom,E,Belgium,L,1
0.9589686471391492,Pakistan,R,Israel,A,1
0.959137027391508,France,A,Belgium,E,1
0.9596482269599143,Russia,M,Pakistan,N,1
0.9601781198981476,Russia,A,Israel,F,1
0.9604572603622432,United States,T,France,E,1
0.9607958823927613,Russia,S,Pakistan,R,1
0.9614253062427706,North Korea,S,Israel,F,1
0.9614279307890463,Switzerland,D,Belgium,I,1
0.9617118423181908,Switzerland,S,Belgium,E,1
0.9623002810335212,Russia,E,Switzerland,H,1
0.9628036654422732,India,I,Israel,E,1
0.9648337894039433,United States,I,China,H,1
0.9654460417846344,United Kingdom,D,Belgium,T,1
0.9657140183044431,United Kingdom,E,United Kingdom,A,1
0.9665646865302777,France,M,Switzerland,A,1
0.9666745431804654,India,M,India,F,1
0.9678882855340079,United Kingdom,E,Israel,S,1
0.9691088284696088,United Kingdom,S,France,M,1
0.9694277591893057,India,N,Pakistan,M,1
0.9698767498364663,Switzerland,L,Belgium,D,1
0.9723818314392065,Russia,A,North Korea,E,1
0.9741445760288143,North Korea,E,North Korea,S,1
0.9743318588926626,Russia,R,Switzerland,A,1
0.9752443037040377,United Kingdom,H,North Korea,M,1
0.9755688840163188,China,T,North Korea,F,1
0.9765963058422855,Russia,R,United Kingdom,S,1
0.9790914430451009,United States,R,France,H,1
0.9797141412247546,Russia,L,Israel,D,1
0.9807484706052773,France,F,France,H,1
0.9812138438751891,United States,D,Israel,N,1
0.9826160370982665,North Korea,F,North Korea,A,1
0.9828508463785757,United Kingdom,F,Switzerland,H,1
0.9837354217823436,United States,S,North Korea,F,1
0.9842956993219292,India,D,North Korea,N,1
0.9849622550063768,Russia,F,United Kingdom,H,1
0.9859631318107327,China,R,Israel,H,1
0.986080867037793,France,L,Pakistan,R,1
0.9864563278615013,France,M,Pakistan,I,1
0.9870827548284787,United States,F,Israel,H,1
0.9873453082790143,United States,R,France,F,1
0.9873969751191068,Pakistan,N,Belgium,D,1
0.9905178554132925,United Kingdom,D,India,N,1
0.9915278011645222,United States,F,China,R,1
0.9926339950312426,France,I,Pakistan,F,1
0.9963396103704996,Russia,R,Pakistan,I,1
0.9971093441491768,United States,N,Switzerland,F,1
0.9973336049543557,Israel,M,Israel,A,1
0.9976597356326177,United Kingdom,H,France,D,1
0.999499567354932,Russia,S,Israel,M,1
0.9995201087818327,United Kingdom,M,France,H,1
0.9996479099244909,India,H,Belgium,S,1
